time,open,high,low,close,YRLO.US · USI: close,YRHI.US · USI: close,MMFI · INDEX: close
1444082400,1134.7,1151,1134.5,1146.4,64,65,40.36
1444168800,1146.5,1153.6,1141.3,1148.7,57,83,49.21
1444255200,1145,1150.9,1135.9,1144.3,48,124,56.07
1444341600,1138.1,1159.3,1138,1155.9,45,130,56.83
1444600800,1155,1168.6,1154.3,1164.5,45,135,57.16
1444687200,1162.8,1168.6,1151.3,1165.4,62,117,51.94
1444773600,1168.2,1189.9,1162.5,1179.8,87,44,47.39
1444860000,1184,1191.7,1173.9,1187.5,86,97,58.38
1444946400,1182.5,1184.8,1174.3,1183.1,56,122,57.73
1445205600,1176.9,1178.2,1168.3,1172.8,67,121,58.08
1445292000,1170.6,1181.4,1167.2,1177.5,81,127,59.97
1445378400,1175.5,1179.3,1163.2,1167.1,128,134,53.03
1445464800,1166.8,1171.8,1161.4,1166.1,152,212,58.98
1445551200,1165.9,1179.4,1158.6,1162.8,131,275,62.73
1445810400,1163.8,1169.6,1162,1166.2,134,173,60.18
1445896800,1163,1168.8,1160.5,1165.8,242,105,53.81
1445983200,1166.7,1183.1,1152.1,1176.1,145,251,64.08
1446069600,1156.1,1162.5,1144.2,1147.3,137,192,61.17
1446156000,1146.6,1149.8,1138.4,1141.4,142,126,59.94
1446418800,1141.3,1142.7,1132.2,1135.9,89,196,67.17
1446505200,1132.9,1138,1113.6,1114.1,58,198,68.65
1446591600,1117.4,1122.3,1105.6,1106.2,75,179,67.22
1446678000,1106.8,1111.3,1102.2,1104.2,144,188,65.47
1446764400,1103.2,1109.7,1084.5,1087.7,168,211,64.9
1447023600,1089.1,1094.9,1087.4,1088.1,168,139,60.2
1447110000,1090.8,1094.8,1084,1088.5,210,114,60.35
1447196400,1088.5,1093.5,1083.2,1084.9,252,155,57.9
1447282800,1085.4,1089,1073,1081,360,54,50.44
1447369200,1083.5,1088,1078.2,1080.9,446,45,46.68
1447628400,1087.9,1097.4,1080.5,1083.6,330,38,51.3
1447714800,1082.4,1085.1,1064.4,1068.6,299,83,49.19
1447801200,1070.2,1074.6,1062,1068.7,249,105,54.49
1447887600,1069.3,1086.6,1068.3,1077.9,211,122,53.97
1447974000,1079.7,1087.2,1074.9,1076.3,203,143,55.86
1448233200,1076.4,1076.5,1065,1066.8,217,154,56.42
1448319600,1068.5,1080.7,1068.1,1073.8,164,129,58.66
1448406000,1075,1080.4,1067.1,1070,100,184,61.61
1448492400,1070.6,1073.9,1051.6,1056.2,91,180,62.98
1448838000,1056,1069.1,1052.2,1065.3,112,234,62.48
1448924400,1064.6,1074,1062.6,1063.5,122,227,64.56
1449010800,1067.9,1071,1049.4,1053.8,208,172,59.07
1449097200,1053.5,1064.5,1045.4,1061.2,269,99,51.41
1449183600,1062,1088.3,1057.2,1084.1,326,108,55.77
1449442800,1085.5,1086.1,1065,1075.2,550,106,49.38
1449529200,1069.7,1078.4,1066.8,1075.3,611,61,45.04
1449615600,1074.3,1085,1068.7,1076.5,334,58,39.6
1449702000,1071.7,1076,1068.8,1072,284,48,39.05
1449788400,1071.4,1079.1,1061.7,1075.7,618,29,28.17
1450047600,1073,1077.3,1058.1,1063.4,983,27,26.68
1450134000,1059.8,1067.9,1057.4,1061.6,372,52,32.77
1450220400,1060.3,1077.9,1060.2,1076.8,252,100,40.2
1450306800,1072.2,1072.7,1046.8,1049.6,328,92,35.67
1450393200,1051.5,1071,1050,1065,410,58,30.41
1450652400,1065.2,1081.4,1063.1,1080.6,323,65,33.09
1450738800,1078,1080.3,1071.2,1074.1,177,65,36.31
1450825200,1072,1074.9,1067.6,1068.3,88,86,43.24
1450911600,1069.6,1076.6,1069.5,1075.9,42,95,43.53
1451257200,1075.2,1076.5,1065.7,1068.3,87,100,40.35
1451343600,1068.3,1074.6,1066.7,1068,96,183,46.24
1451430000,1068.2,1071.5,1058.5,1059.8,117,129,41.63
1451516400,1060.6,1062.7,1056.5,1060.2,142,81,36.35
1451862000,1061.5,1083,1061,1075.2,289,66,26.96
1451948400,1073.5,1081.5,1071.9,1078.4,186,135,28.42
1452034800,1076.8,1094.9,1074.4,1091.9,458,76,25.2
1452121200,1093.7,1109.9,1091.1,1107.8,882,44,17.78
1452207600,1108.8,1113.1,1091.8,1097.9,902,38,15.36
1452466800,1103.6,1108.3,1093.1,1096.2,1134,24,14.18
1452553200,1094,1099.1,1083.1,1085.2,1001,27,14.58
1452639600,1086.8,1095.6,1079.4,1087.1,1393,25,10.62
1452726000,1093.6,1095.4,1071.1,1073.6,1302,16,12.39
1452812400,1079.2,1097.5,1076,1090.7,1629,14,9.42
1453071600,1089.3,1094.5,1082.1,1089.1,1238,20,9.7
1453244400,1087.3,1109.9,1087.1,1106.2,2401,9,8.67
1453330800,1100.9,1106.2,1092.5,1098.2,231,9,9
1453417200,1101.6,1103.5,1094.4,1096.3,102,31,14.12
1453676400,1097.8,1109.2,1097.6,1105.3,226,26,11.33
1453762800,1108.2,1123.2,1107.2,1120.2,156,27,16.09
1453849200,1119.9,1128,1114.9,1115.8,144,38,14
1453935600,1126.2,1126.4,1110.2,1116.1,288,47,15.84
1454022000,1114.8,1118.9,1108.5,1116.4,155,98,24.33
1454281200,1118,1130.2,1115.3,1128,152,115,24.55
1454367600,1128.5,1131.5,1122.6,1127.2,286,96,19.54
1454454000,1129.4,1146.2,1124.8,1141.3,492,117,21.72
1454540400,1142.5,1157.9,1139.7,1157.5,163,81,23.63
1454626800,1155.7,1175,1145.5,1157.7,381,68,19.56
1454886000,1174,1201.4,1164.5,1197.9,997,73,17.25
1454972400,1189.5,1199.3,1185.9,1198.6,951,80,16.5
1455058800,1189.7,1198.1,1181.6,1194.6,401,61,16.43
1455145200,1197.5,1263.9,1196.3,1247.8,1238,55,14.52
1455231600,1247.1,1248.7,1232.9,1239.4,289,38,19.93
1455490800,1236.3,1236.3,1191.5,1208.2,132,41,26.17
1455663600,1201.9,1214.4,1196.2,1211.4,78,46,33.48
1455750000,1209.5,1240.6,1201.3,1226.3,114,78,33.49
1455836400,1231.2,1235.3,1220.6,1230.8,103,60,34.44
1456095600,1226.9,1226.9,1202.5,1210.1,56,97,41
1456182000,1208.9,1229,1207.6,1222.6,95,73,36.92
1456268400,1226,1254.3,1222.4,1239.1,186,75,41.21
1456354800,1228.9,1244.4,1221.8,1238.8,97,123,45.19
1456441200,1232.5,1241.3,1212,1220.4,77,96,48.47
1456700400,1223.1,1241.8,1216.3,1234.4,74,80,49.02
1456786800,1238.9,1249.3,1227.7,1230.8,82,121,59.02
1456873200,1232.3,1244.8,1225.1,1241.8,54,88,63.94
1456959600,1240.8,1269.3,1238,1258.2,37,127,68.05
1457046000,1264.6,1280.7,1250.1,1270.7,42,135,70.16
1457305200,1260.5,1274.1,1257.4,1264,32,94,73.96
1457391600,1267.9,1279,1261,1262.9,31,102,66.88
1457478000,1262.2,1265.7,1243.6,1257.4,42,130,69.81
1457564400,1253.7,1274.3,1237.5,1272.8,51,119,67.57
1457650800,1272,1287.8,1249,1259.4,35,141,75.61
1457906400,1250.9,1261.9,1229.9,1245.1,31,83,76.25
1457992800,1237,1238.7,1226,1231,58,84,71.65
1458079200,1233.1,1264.8,1227,1229.8,77,146,74.58
1458165600,1262,1271.9,1255.2,1265,83,253,78.51
1458252000,1257.7,1267.7,1248.4,1254.3,47,238,81.16
1458511200,1255.2,1256.7,1241.2,1244.2,25,108,81.05
1458597600,1244.3,1260.9,1242.8,1248.6,34,119,81.18
1458684000,1248.5,1249.8,1215.4,1224,55,97,75.55
1458770400,1220.7,1224.2,1211.2,1221.6,75,96,76.59
1459116000,1216,1223.2,1206,1220.1,56,147,76.02
1459202400,1221.5,1243.4,1215.3,1235.8,61,283,81.59
1459288800,1243,1246.8,1224.9,1228.6,35,316,82.8
1459375200,1227,1242.3,1225.1,1235.6,31,242,82.38
1459461600,1234.1,1237.2,1210.3,1223.5,35,264,82.53
1459720800,1223,1224.1,1215.7,1219.3,36,239,80.19
1459807200,1217.1,1238.8,1216,1229.6,53,136,76.02
1459893600,1232.6,1233.8,1217.2,1223.8,31,185,78.56
1459980000,1224,1245,1224,1237.5,48,121,72.07
1460066400,1241.8,1244.6,1231,1243.8,40,150,74.02
1460325600,1241.8,1260.9,1241.6,1258,42,184,74.2
1460412000,1259.8,1264.7,1253,1260.9,40,180,78.38
1460498400,1257.2,1258.7,1241.4,1248.3,17,184,85.07
1460584800,1243.8,1245.9,1225.4,1226.5,15,156,83.9
1460671200,1228.5,1237.6,1226.8,1234.6,30,160,83.75
1460930400,1236.3,1243.3,1231.7,1235,36,240,85.09
1461016800,1233.9,1258.5,1229,1254.3,35,296,85.04
1461103200,1251.3,1259.8,1244,1254.4,26,230,84.25
1461189600,1244.5,1272.4,1244.4,1250.3,32,147,80.52
1461276000,1248.5,1254.2,1228.5,1230,36,132,81.78
1461535200,1234.5,1243.8,1231.3,1240.2,27,85,79.69
1461621600,1239.8,1246.5,1232.7,1243.4,31,139,81.04
1461708000,1245.7,1254.6,1240.7,1250.4,26,208,80.58
1461794400,1247.3,1271.7,1239.1,1266.4,33,208,76.06
1461880800,1268,1299,1267,1290.5,50,175,70.9
1462140000,1293.2,1306,1289.6,1295.8,41,229,73.89
1462226400,1293.4,1303.9,1284,1291.8,81,154,65.72
1462312800,1287.7,1291.8,1273.6,1274.4,107,192,60.88
1462399200,1281.2,1288.4,1270.6,1272.3,92,215,57.01
1462485600,1279.3,1297.7,1276.2,1294,123,223,57.81
1462744800,1286.7,1289.5,1262.8,1266.6,92,310,56.93
1462831200,1265.4,1272,1258.3,1264.8,90,325,61.76
1462917600,1267.3,1280.8,1266.3,1275.5,94,209,56.55
1463004000,1279.3,1282.5,1262.9,1271.2,153,184,52.74
1463090400,1264.8,1277.7,1264,1272.7,132,156,48.26
1463349600,1273.1,1290.4,1271.6,1274.2,106,233,54.16
1463436000,1274.9,1283.9,1270.1,1276.9,135,154,45.9
1463522400,1280.6,1283.5,1256,1274.4,102,109,46.52
1463608800,1259.1,1262.3,1244.6,1254.8,140,43,42.35
1463695200,1256.3,1261.2,1249.6,1252.9,55,78,49.03
1463954400,1251.7,1256.8,1243.5,1251.5,47,110,48.7
1464040800,1249.5,1252.8,1226.2,1229.2,61,189,57.94
1464127200,1227.3,1230.2,1217.7,1223.8,38,213,60.63
1464213600,1223.6,1234.6,1218.4,1220.4,48,147,60.23
1464300000,1222.3,1225.8,1209,1216.7,41,172,62.61
1464559200,1215.1,1220.6,1201.5,1217.5,36,198,63.51
1464732000,1217.9,1222.9,1208.2,1214.7,44,198,64.88
1464818400,1215.9,1220,1212,1212.6,36,223,66.43
1464904800,1212.8,1247.4,1209.1,1242.9,44,319,65.29
1465164000,1245.5,1251.3,1242.1,1247.4,46,335,69.08
1465250400,1248,1249,1236.9,1247,40,337,70.6
1465336800,1247,1267.2,1245.5,1262.3,32,416,73.33
1465423200,1264.6,1274.4,1259.4,1272.7,43,322,68.87
1465509600,1271.5,1280.9,1267.3,1275.9,80,209,60.31
1465768800,1278.3,1290.3,1275.2,1286.9,115,178,53.53
1465855200,1286.2,1293,1278.6,1288.1,148,95,50.23
1465941600,1288.1,1300,1281.3,1288.3,61,154,50.63
1466028000,1295,1318.9,1280.1,1298.4,127,168,49.84
1466114400,1282.4,1302.7,1278.8,1294.8,67,172,49.67
1466373600,1293,1296.8,1280.8,1292.1,48,264,56.91
1466460000,1292.5,1297.4,1267.1,1272.5,78,182,55.71
1466546400,1271.4,1273.5,1263.8,1270,69,193,53.7
1466632800,1268.1,1274.9,1256.9,1263.1,44,313,64.66
1466719200,1254.3,1362.6,1252.8,1322.4,182,213,39.62
1466978400,1322.3,1340,1320.8,1324.7,361,173,26.67
1467064800,1328.3,1329.5,1308.2,1317.9,90,243,34.86
1467151200,1313.9,1331,1313.3,1326.9,69,389,44.54
1467237600,1321,1326.5,1315.3,1320.6,51,533,53.8
1467324000,1324.8,1347,1323.1,1339,30,581,55.63
1467583200,1345,1360.3,1338.5,1358.7,68,366,48.24
1467756000,1358,1377.5,1356.3,1367.1,112,372,51.68
1467842400,1365.7,1372.9,1352,1362.1,53,282,52.77
1467928800,1361,1371.8,1336.3,1358.4,35,503,64.33
1468188000,1368.9,1376.5,1351.8,1356.6,32,568,69.33
1468274400,1356.3,1358.9,1331,1335.3,18,535,76.26
1468360800,1334,1346.3,1328.1,1343.6,23,391,74.92
1468447200,1344.5,1348,1320.4,1332.2,26,419,76.17
1468533600,1336.4,1339.5,1322.6,1327.4,32,297,76.25
1468792800,1333.4,1336,1323.5,1329.3,29,328,77.14
1468879200,1329.1,1335.5,1325.8,1332.3,34,240,74.49
1468965600,1332.2,1338.8,1312.5,1319.3,31,339,76.84
1469052000,1316.2,1334,1310.7,1331,38,277,74.12
1469138400,1331.4,1334,1319.4,1323.4,31,355,75.68
1469397600,1322.7,1323.4,1311.1,1319.5,34,305,72.94
1469484000,1315.5,1324.4,1313.6,1320.8,31,392,73.82
1469570400,1319.9,1342.3,1315.6,1326.7,45,393,72.61
1469656800,1347.5,1352.6,1339.2,1341.2,43,369,70.93
1469743200,1342.7,1362,1335,1357.5,57,495,70.97
1470002400,1357.2,1361.9,1353.2,1359.6,44,405,67.58
1470088800,1360.6,1374.2,1353.7,1372.6,70,182,61.93
1470175200,1370.5,1373.4,1360.6,1364.7,52,184,65.21
1470261600,1364.7,1371.4,1355.1,1367.4,44,283,64.24
1470348000,1367.2,1371,1340.4,1344.4,33,421,70.43
1470607200,1341.2,1343.9,1335.3,1341.3,27,424,75.12
1470693600,1341.2,1348.5,1336,1346.7,48,449,68.88
1470780000,1347,1363.6,1345.7,1351.9,54,340,66.42
1470866400,1353.2,1359.4,1341.4,1350,45,375,68.55
1470952800,1344.7,1362.5,1338.3,1343.2,44,292,68.31
1471212000,1343.6,1349.1,1340.9,1347.5,34,459,71.25
1471298400,1345.2,1364.3,1344.8,1356.9,29,211,67.68
1471384800,1351.3,1356.8,1340.5,1348.8,41,168,66.81
1471471200,1353.8,1361.5,1351.2,1357.2,38,283,69.76
1471557600,1357.1,1357.9,1342,1346.2,29,235,68.32
1471816800,1345,1345.7,1335.4,1343.4,35,212,68.36
1471903200,1343.6,1348.8,1338.9,1346.1,25,446,70.64
1471989600,1342.2,1344.1,1327,1329.7,37,233,66.56
1472076000,1327.4,1330.2,1321,1324.6,49,211,66.56
1472162400,1324.8,1346,1321.2,1325.9,46,347,63.92
1472421600,1323.8,1328.5,1317.2,1327.1,37,320,65.67
1472508000,1327,1328.9,1312,1316.5,32,310,65.22
1472594400,1314.7,1319.2,1306.9,1311.4,53,235,62.18
1472680800,1311.7,1318.6,1305.5,1317.1,61,220,61.81
1472767200,1318,1334,1307.4,1326.7,35,391,66.04
1473026400,1328.1,1357.2,1325.5,1354,35,511,67.6
1473199200,1353.5,1357.6,1346.9,1349.2,36,475,68.59
1473285600,1349.1,1353.9,1339.1,1341.6,42,344,67.51
1473372000,1341.6,1343.6,1331.2,1334.5,69,74,49.53
1473631200,1332,1333.8,1323.3,1325.6,98,68,55.04
1473717600,1331.7,1335.9,1318.8,1323.7,96,52,44
1473804000,1322.6,1329.8,1316.6,1326.1,79,65,42.25
1473890400,1325.8,1332.5,1312.1,1318,69,118,47.56
1473976800,1318.3,1321.5,1309.2,1310.2,74,122,45.82
1474236000,1313.2,1321.8,1312.6,1317.8,48,166,48.16
1474322400,1316.3,1321.1,1315.2,1318.2,66,114,46.54
1474408800,1318,1341.3,1310.9,1331.4,54,169,55.13
1474495200,1338.9,1347.8,1335.1,1344.7,24,364,62.51
1474581600,1340.3,1344.5,1337.4,1341.7,32,195,58.55
1474840800,1340.8,1346.1,1336.5,1344.1,53,122,51.39
1474927200,1342,1343.5,1327.7,1330.4,60,173,53.46
1475013600,1330.1,1331.1,1321.1,1323.7,50,232,58.81
1475100000,1325,1329.4,1318.6,1326,74,206,51.09
1475186400,1323.6,1331.5,1316,1317.1,67,236,57.63
1475445600,1321,1322.6,1311.8,1312.7,56,162,54.72
1475532000,1315,1315.4,1269,1269.7,62,159,51.27
1475618400,1270.5,1279.4,1264.1,1268.6,48,244,56.02
1475704800,1269.7,1271.6,1251.8,1253,65,179,54.77
1475791200,1256.8,1267.6,1243.2,1251.9,74,133,50.75
1476050400,1258.5,1266.8,1258.5,1260.4,64,296,55.63
1476136800,1261.7,1264,1254.3,1255.9,107,80,46.1
1476223200,1254.5,1260.5,1251.2,1253.8,107,76,45.12
1476309600,1257.1,1263.9,1254.7,1257.6,144,57,38.49
1476396000,1259.5,1260.7,1246.9,1255.5,104,86,37.95
1476655200,1252.9,1258.2,1251.1,1256.6,138,63,37.28
1476741600,1256,1265.6,1255.9,1262.9,101,116,41.24
1476828000,1263.9,1274.4,1261.1,1269.9,75,156,44.56
1476914400,1270.6,1275.9,1265.5,1267.5,81,141,43.14
1477000800,1266.5,1268.8,1261.7,1267.7,79,138,42.55
1477260000,1266.9,1272.8,1260.1,1263.7,71,227,45.73
1477346400,1265.2,1277.5,1262.4,1273.6,114,148,41.83
1477432800,1274,1277.2,1265.1,1266.6,135,101,38.2
1477519200,1267.2,1273.7,1265.2,1269.5,199,136,34.22
1477605600,1269.2,1285.4,1262,1276.8,228,103,33.38
1477864800,1278.3,1280.5,1271.9,1273.1,191,88,34.89
1477951200,1277.8,1292.9,1276.3,1288,248,68,30.05
1478037600,1289,1309.3,1288.4,1308.2,282,36,25.42
1478124000,1298.1,1308,1286.2,1303.3,344,49,25.4
1478210400,1303.2,1308.3,1295.7,1304.5,240,58,26.38
1478473200,1294.5,1296.5,1278.6,1279.4,112,145,36.46
1478559600,1282.2,1291.5,1273.3,1274.5,154,158,38.36
1478646000,1276.8,1338.3,1268.1,1273.5,237,406,49.01
1478732400,1278.4,1292.5,1251.9,1266.4,264,661,52.16
1478818800,1258.7,1265,1218.7,1224.3,254,595,57.43
1479078000,1227.7,1230.9,1211,1221.7,388,784,59.79
1479164400,1221.8,1231.4,1218.6,1224.5,88,376,61.64
1479250800,1228,1233.1,1221,1223.9,62,324,61.67
1479337200,1224.8,1231.1,1210.5,1216.9,67,477,63.35
1479423600,1216,1217.5,1201.3,1208.7,94,444,63.67
1479682800,1207.3,1217.8,1205.4,1209.8,61,508,66.36
1479769200,1213.5,1220.9,1205.6,1211.2,49,641,67.39
1479855600,1212.6,1214.7,1181.2,1189.3,77,641,68.23
1479942000,1189.4,1192.7,1170.3,1178.4,36,532,70.39
1480287600,1184.4,1197.2,1182.4,1190.8,41,361,66.45
1480374000,1196.6,1197.7,1182.6,1190.8,67,337,65.5
1480460400,1190.7,1196.8,1171.3,1173.9,111,430,65.3
1480546800,1175.1,1178.4,1162.2,1169.4,209,441,61.29
1480633200,1174.3,1180.3,1168.4,1177.8,151,207,62.28
1480892400,1182.6,1190.2,1158.6,1176.5,74,493,66.07
1480978800,1172.8,1177.1,1168.1,1170.1,57,611,68.12
1481065200,1171.4,1182.3,1167.2,1177.5,51,838,70.36
1481151600,1176.1,1180.7,1170.9,1172.4,50,1059,72.97
1481238000,1172.5,1173.8,1157.6,1161.9,46,783,74.2
1481497200,1161.4,1167.9,1152.5,1165.8,123,536,72.22
1481583600,1164.5,1167,1156.3,1159,101,415,73.76
1481670000,1159.8,1168,1140,1163.7,137,231,68.71
1481756400,1143.8,1146,1124.3,1129.8,189,290,69.18
1481842800,1130.5,1143.2,1128.5,1137.4,75,302,69.74
1482102000,1136.1,1144.4,1135.5,1142.7,71,275,71.26
1482188400,1139.8,1141.7,1127.3,1133.6,65,458,72.16
1482274800,1134,1138.8,1131,1133.2,74,333,71.06
1482361200,1133.2,1135.5,1128.6,1130.7,79,219,68.35
1482447600,1130,1137.3,1129.5,1133.6,56,161,70.5
1482793200,1135.3,1151.7,1132.8,1138.8,57,352,71.73
1482879600,1139.3,1145.1,1137.1,1140.9,83,199,66.72
1482966000,1143.1,1160.6,1142.6,1158.1,77,147,68.54
1483052400,1159.5,1164.3,1150.3,1151.7,74,134,67.48
1483398000,1151.4,1166,1146.5,1162,40,281,72.24
1483484400,1159.6,1168.6,1156.7,1165.3,32,388,78.58
1483570800,1164.6,1185.9,1163.6,1181.3,26,253,78.2
1483657200,1181,1183.8,1171.1,1173.4,31,207,76.16
1483916400,1172.9,1186.4,1172.2,1184.9,31,157,72.25
1484002800,1181.3,1190.6,1180.2,1185.5,34,207,74.75
1484089200,1188.1,1198.5,1177,1196.6,38,257,74.48
1484175600,1191.1,1207.2,1190.7,1199.8,45,174,70.7
1484262000,1194.8,1201.8,1187.5,1196.2,29,288,73.13
1484521200,1199.4,1218.9,1198,1212.9,36,189,66.16
1484694000,1216.8,1217.7,1201.8,1212.1,43,163,66.4
1484780400,1203.1,1206.4,1195.4,1201.5,64,176,59.86
1484866800,1204.8,1214.8,1198.2,1204.9,61,194,61.12
1485126000,1209.3,1219.4,1209,1215.6,64,195,57.89
1485212400,1218,1220.1,1206.2,1210.8,49,387,64.32
1485298800,1208.6,1209.3,1192.6,1197.8,29,633,68.5
1485385200,1200.7,1202.3,1183.9,1189.8,40,498,65.29
1485471600,1188.5,1191,1179.7,1188.4,54,287,62.71
1485730800,1194.6,1201.3,1190,1196,76,103,54.49
1485817200,1197.7,1217.4,1195.6,1211.4,73,159,56.15
1485903600,1212.2,1215,1199.7,1208.3,47,303,53.78
1485990000,1211.2,1227.5,1210.2,1219.4,46,208,53.61
1486076400,1217.8,1223.2,1208.3,1220.8,50,368,60.52
1486335600,1221.9,1237.5,1220.8,1232.1,40,271,56.08
1486422000,1236.9,1237.5,1229.2,1236.1,61,283,53.83
1486508400,1235.2,1246.6,1231.3,1239.5,76,205,52.82
1486594800,1242.7,1246.2,1226.1,1236.8,36,362,58.26
1486681200,1229.6,1238.9,1222.6,1235.9,27,448,62.55
1486940400,1234.2,1234.4,1220.3,1225.8,28,573,64.22
1487026800,1226.1,1236,1222.7,1225.4,41,414,64.33
1487113200,1228.6,1234.9,1217.5,1233.1,48,549,65.94
1487199600,1234.3,1243.7,1233.3,1241.6,39,444,64.65
1487286000,1240.8,1245.1,1235.3,1239.1,36,296,63.89
1487545200,1236.4,1240.2,1226.8,1238.9,38,624,66.5
1487718000,1236.9,1241.9,1231.5,1233.3,43,406,64.23
1487804400,1238.3,1252.2,1236.4,1251.4,56,445,61.47
1487890800,1250.6,1261.2,1248.8,1258.3,83,226,60.39
1488150000,1258.9,1264.9,1251.5,1258.8,56,349,63.19
1488236400,1253.3,1259.3,1248.2,1253.9,71,258,56.73
1488322800,1248.5,1251.4,1237.2,1250,77,671,64
1488409200,1249.9,1250.8,1231.1,1232.9,78,277,58.24
1488495600,1234.8,1236.7,1223,1226.5,76,141,58.04
1488754800,1233.9,1237.3,1225,1225.5,119,125,54.24
1488841200,1225.7,1227.4,1214.1,1216.1,132,121,50.69
1488927600,1215.6,1218.5,1206.4,1209.4,141,120,47.6
1489014000,1207.7,1208.9,1199,1203.2,190,114,45.67
1489100400,1200.2,1206.2,1194.5,1201.4,113,171,47.71
1489356000,1205,1210.9,1202,1203.1,126,227,48.64
1489442400,1203.5,1207.5,1196.9,1202.6,146,118,46.43
1489528800,1198.7,1222,1196.8,1200.7,76,327,52.19
1489615200,1219.5,1234,1218.1,1227.1,63,360,54.17
1489701600,1226.2,1231.5,1224,1230.2,52,320,56.32
1489960800,1229,1235.5,1228.8,1234,72,266,53.3
1490047200,1234.2,1247.7,1226.6,1246.5,141,247,41.6
1490133600,1244.5,1251.5,1243.8,1249.7,178,65,40.85
1490220000,1248.6,1253.3,1242.7,1247.2,77,125,43.2
1490306400,1245,1251.9,1240.7,1248.5,72,140,43.52
1490565600,1245.5,1261,1245.5,1255.7,105,122,44.44
1490652000,1253.5,1258.4,1247.3,1255.6,47,212,47.03
1490738400,1250.8,1254.4,1246.9,1253.7,40,198,49.52
1490824800,1256.1,1256.5,1244.2,1248,35,205,52.46
1490911200,1244.6,1252.8,1241.5,1251.2,32,220,54.12
1491170400,1251.9,1255.9,1246.4,1254,52,201,48.61
1491256800,1255.5,1263.7,1255.5,1258.4,80,121,48.14
1491343200,1258.2,1259.3,1245.4,1248.5,103,193,43.52
1491429600,1257.6,1260.9,1251.3,1253.3,96,117,48.72
1491516000,1253.9,1273.3,1252.4,1257.3,58,131,47.89
1491775200,1255.6,1258.9,1248.2,1253.9,52,170,49.06
1491861600,1256.8,1277.4,1254.7,1274.2,50,162,51.49
1491948000,1277.2,1289,1273.8,1278.1,59,151,45.67
1492034400,1288.3,1290.7,1283.8,1288.5,86,102,40.23
1492380000,1292.4,1297.4,1283.1,1291.9,77,133,45.86
1492466400,1286.7,1294.4,1280.6,1294.1,89,154,45.22
1492552800,1291.7,1292.7,1275.4,1283.4,77,191,46.46
1492639200,1282.2,1285.2,1278,1283.8,63,266,53.29
1492725600,1283.3,1290.1,1280,1289.1,67,214,51.72
1492984800,1280,1280,1266,1277.5,71,526,58.97
1493071200,1277.9,1279.9,1262.8,1267.2,65,625,63.12
1493157600,1265.5,1272.8,1260.7,1264.2,41,562,64.69
1493244000,1270.2,1271.1,1261.8,1265.9,73,517,63.77
1493330400,1265.2,1269.9,1264.2,1268.3,84,316,58.14
1493589600,1269.6,1272.4,1254.9,1255.5,112,391,58.89
1493676000,1257.4,1258.8,1252.6,1257,99,397,58.3
1493762400,1257.8,1257.8,1236.4,1248.5,120,199,53.82
1493848800,1238.5,1241.7,1225.7,1228.6,193,282,52.48
1493935200,1228.5,1236,1226.2,1226.9,108,370,54.97
1494194400,1223.1,1236.9,1221,1227.1,100,334,53.71
1494280800,1226.6,1228.7,1214.3,1216.1,105,338,53.05
1494367200,1222.1,1225.8,1217.5,1218.9,103,295,54.85
1494453600,1219.2,1227.7,1216.9,1224.2,113,215,52.31
1494540000,1225,1231.6,1224.4,1227.7,126,200,50
1494799200,1228.3,1237.4,1226.8,1230,106,378,54.26
1494885600,1230.8,1239.1,1230,1236.4,138,406,53.68
1494972000,1237.2,1261.5,1236.3,1258.7,194,82,41.15
1495058400,1261.4,1265,1245.7,1252.8,200,96,42.12
1495144800,1246.8,1256.4,1246.1,1253.6,106,205,46.05
1495404000,1257.5,1262.6,1251.6,1261.4,89,295,48.72
1495490400,1260.4,1263.8,1250.5,1255.5,91,282,49.43
1495576800,1251.1,1258.8,1247.6,1253.1,108,261,49.52
1495663200,1258.4,1259.4,1253.5,1256.4,114,465,49.73
1495749600,1255.1,1269.3,1252.6,1268.1,114,297,49.47
1496008800,1271.2,1273.4,1261.8,1265.7,163,262,46.37
1496181600,1265.7,1276.8,1262,1275.4,226,338,46.48
1496268000,1271.6,1272.8,1263.7,1270.1,66,496,53.32
1496354400,1268,1282.2,1261.3,1280.2,72,690,56.59
1496613600,1282.6,1286,1280.2,1282.7,104,374,53.02
1496700000,1282.5,1298.8,1282.1,1297.5,128,250,51.22
1496786400,1297,1297.6,1285,1293.2,144,254,50.98
1496872800,1289.5,1291.5,1273.5,1279.5,119,335,56.85
1496959200,1283.5,1284.6,1266.7,1271.4,77,462,60.41
1497218400,1269.7,1272.4,1265.6,1268.9,58,222,60.26
1497304800,1267.7,1271,1260.5,1268.6,64,227,62.27
1497391200,1268.4,1284.2,1259,1275.9,85,270,59.21
1497477600,1262.7,1268.5,1252.7,1254.6,148,155,56.95
1497564000,1255.6,1258.6,1253.2,1256.5,139,210,56.2
1497823200,1255.8,1257.3,1244.3,1246.7,84,367,59.19
1497909600,1245.4,1249.4,1242.4,1243.5,157,210,53.48
1497996000,1243.9,1248.8,1241.7,1245.8,187,181,50.46
1498082400,1246.4,1256,1246.4,1249.4,118,202,51.49
1498168800,1250.9,1260,1250.6,1256.4,88,236,55.47
1498428000,1258.1,1259,1236.5,1246.4,37,338,56.62
1498514400,1245.2,1253.8,1241.8,1246.9,50,147,51.79
1498600800,1247.3,1255.7,1246.7,1249.1,60,200,60.26
1498687200,1249.6,1253.2,1239.7,1245.8,61,146,56.34
1498773600,1245.2,1248.2,1239,1242.3,43,138,56.71
1499032800,1241.7,1242.6,1218,1219.2,33,178,62.02
1499119200,1220.1,1228.4,1216.5,1221.7,72,161,58.22
1499292000,1226.5,1229.5,1221.8,1223.3,94,75,49.82
1499378400,1224.6,1228.1,1206.6,1209.7,137,129,56.79
1499637600,1212.1,1215,1204,1213.2,126,176,54.25
1499724000,1213.8,1217.1,1207.4,1214.7,110,142,54.9
1499810400,1216.5,1225.2,1212.5,1219.1,72,325,61.35
1499896800,1219.2,1223.6,1215.6,1217.3,62,229,61.87
1499983200,1216.4,1232.7,1214,1227.5,46,327,63.98
1500242400,1228.7,1235.4,1227.5,1233.7,53,301,64.82
1500328800,1233.3,1244.1,1232.2,1241.9,64,229,62.72
1500415200,1242,1243.5,1235.1,1242,60,457,67.33
1500501600,1240.6,1247.2,1234.6,1245.5,45,408,66.42
1500588000,1244.1,1255.9,1242.8,1254.9,62,318,64.42
1500847200,1255.5,1259,1252,1254.3,81,294,63.55
1500933600,1255.2,1258,1248.8,1252.1,50,454,66.52
1501020000,1250.3,1263.4,1243.2,1249.4,51,373,64.79
1501106400,1260.5,1265,1253.9,1260,76,359,60.94
1501192800,1265,1277,1263.2,1275.3,82,151,59.3
1501452000,1276.3,1277.3,1271.7,1273.4,91,230,58.28
1501538400,1275.6,1280.3,1268.4,1279.4,113,308,58.89
1501624800,1275.2,1279,1268.9,1278.4,152,237,53.57
1501711200,1272.6,1277,1262.9,1274.4,172,208,50.28
1501797600,1275.3,1276.5,1259.8,1264.6,142,239,52.54
1502056800,1264.3,1265.6,1261.3,1264.7,126,245,51.89
1502143200,1262.9,1271,1257.1,1262.6,142,288,49.5
1502229600,1266.1,1284.7,1265.9,1279.3,219,101,45.09
1502316000,1283.2,1293.8,1280.3,1290.1,280,71,36.2
1502402400,1292.5,1298.1,1286.7,1294,297,45,36
1502661600,1296.4,1296.4,1284.2,1290.4,128,118,44.83
1502748000,1287,1287.7,1272.7,1279.7,226,116,41.3
1502834400,1276.9,1289.5,1273.2,1282.9,198,142,42.3
1502920800,1290,1296,1286.4,1292.4,270,89,34.57
1503007200,1293.8,1306.9,1289.1,1291.6,294,66,34.25
1503266400,1289.1,1299.7,1286.2,1296.7,261,86,34.11
1503352800,1297.1,1298.1,1287,1291,119,139,38.07
1503439200,1290.4,1297,1287.9,1294.7,134,142,37.73
1503525600,1296,1296.8,1289.3,1292,92,161,39.04
1503612000,1291.3,1301.4,1281.3,1297.9,56,191,41.44
1503871200,1297.6,1317.8,1297,1315.3,102,160,41.43
1503957600,1320.5,1331.9,1310.6,1318.9,129,144,41.32
1504044000,1314.8,1319.3,1310.1,1314.1,98,184,43.53
1504130400,1314.1,1329,1302.3,1322.2,46,303,48.19
1504216800,1326.9,1334.5,1321.4,1330.4,43,366,51.57
1504476000,1339.7,1349.7,1331.1,1344.5,74,238,46.03
1504648800,1345,1347.7,1336.4,1339,74,215,47.53
1504735200,1339,1355.5,1337.2,1350.3,100,276,47.53
1504821600,1354,1362.4,1347.1,1351.2,105,267,47.75
1505080800,1341.5,1344.6,1330.6,1335.7,46,452,53.52
1505167200,1331.7,1336.3,1326.7,1332.7,30,371,56.11
1505253600,1336.2,1340.5,1324.5,1328,34,250,57.7
1505340000,1327.6,1334.9,1319.5,1329.3,35,227,57.59
1505426400,1333.7,1338.2,1323,1325.2,50,268,59.38
1505685600,1324,1324,1308.1,1310.8,47,423,62.4
1505772000,1310.5,1315.3,1308.7,1310.6,53,371,62.28
1505858400,1314.7,1319.8,1299.5,1316.4,45,385,63.97
1505944800,1304.8,1305,1291.2,1294.8,48,255,62.39
1506031200,1294.1,1301.9,1294.1,1297.5,45,279,65.05
1506290400,1301.5,1315.8,1291.7,1311.5,46,251,64.71
1506376800,1314.2,1317.1,1295,1301.7,48,309,66.15
1506463200,1297.3,1299.2,1284.1,1287.8,56,511,70.7
1506549600,1285.1,1291.6,1280.4,1288.7,44,383,70.79
1506636000,1290.1,1293.2,1278.2,1284.8,39,493,72.22
1506895200,1282.2,1282.8,1272,1275.8,49,622,75.1
1506981600,1273.1,1277.4,1271,1274.6,34,680,76.38
1507068000,1274.5,1285,1273.1,1276.8,34,530,77.34
1507154400,1277.5,1281.6,1268.5,1273.2,33,557,78.77
1507240800,1270.6,1279.2,1262.8,1274.9,41,375,78.08
1507500000,1278.6,1288,1277.7,1285,51,393,76.02
1507586400,1286.8,1296.7,1284.6,1293.8,40,444,77.21
1507672800,1290.7,1295.9,1286.8,1288.9,58,409,77.41
1507759200,1294.6,1299.8,1291.8,1296.5,78,431,76.47
1507845600,1296,1306.4,1292.9,1304.6,81,507,76.53
1508104800,1306,1308.4,1292.5,1303,77,409,74.75
1508191200,1297.2,1298.4,1283.2,1286.2,89,241,73.97
1508277600,1286.9,1290.8,1278.6,1283,80,323,73.73
1508364000,1282.8,1292.8,1277.6,1290,94,196,72.76
1508450400,1292,1292.9,1279.3,1280.5,88,507,73.3
1508709600,1281.5,1284.7,1273.6,1280.9,110,375,69.38
1508796000,1283.9,1285.3,1274.8,1278.3,114,338,68.45
1508882400,1278,1281.3,1272,1279,192,208,64.68
1508968800,1278.6,1283.8,1266.4,1269.6,161,320,63.35
1509055200,1268,1275.2,1263.8,1271.8,157,380,65.96
1509314400,1274.3,1279.9,1269.8,1277.7,106,230,60.94
1509400800,1277.6,1279.1,1268.3,1270.5,121,359,62.89
1509487200,1271.8,1281.9,1268.5,1277.3,120,411,60.81
1509573600,1275.2,1285.1,1274,1278.1,176,286,60.72
1509660000,1277.5,1281.2,1265.9,1269.2,168,296,59.45
1509922800,1270.7,1283.9,1266.4,1281.6,125,358,59.68
1510009200,1282.6,1282.8,1272.3,1275.8,143,319,52.72
1510095600,1276.4,1288.1,1276.1,1283.7,181,253,51.7
1510182000,1282.1,1289.5,1280.5,1287.5,171,147,49.41
1510268400,1286,1287.7,1273.6,1274.2,132,162,49.35
1510527600,1275.3,1279.9,1274.4,1278.9,199,180,49.03
1510614000,1278.9,1283.8,1269.7,1282.9,243,188,47.86
1510700400,1280.7,1290,1276.5,1277.7,263,137,44.56
1510786800,1278,1281.8,1274.9,1278.2,88,266,50.41
1510873200,1278.8,1297.5,1278.1,1296.5,64,245,52.03
1511132400,1294.1,1295.1,1274.1,1275.3,83,342,54.15
1511218800,1276.6,1284.5,1275.8,1281.7,89,534,56.51
1511305200,1280.6,1294.6,1278.6,1292.2,64,430,56.87
1511391600,1291.9,1293.3,1285.1,1287.3,51,348,57.05
1511737200,1288,1299,1286.2,1294.4,85,336,55.22
1511823600,1293.9,1297,1290.1,1294.9,127,458,61.15
1511910000,1298,1300.4,1285.1,1286.2,106,615,62.12
1511996400,1286.9,1288.4,1273.1,1276.7,78,586,61.93
1512082800,1277.9,1292.5,1274.2,1282.3,84,258,60.91
1512342000,1277.6,1280.5,1273.5,1277.7,72,586,58.22
1512428400,1279.1,1279.8,1263.2,1264.9,112,157,53.62
1512514800,1268.3,1271.8,1264.8,1266.1,139,101,50.42
1512601200,1265.2,1266.8,1245.8,1253.1,128,159,52.37
1512687600,1249.5,1254.4,1244.4,1248.4,90,206,52.62
1512946800,1249.2,1253.4,1242.4,1246.9,89,202,53.27
1513033200,1243.9,1247.9,1238.3,1241.7,91,214,53.07
1513119600,1246.3,1259.7,1242.3,1248.6,93,246,54.46
1513206000,1258.1,1261.6,1252.8,1257.1,123,174,49.22
1513292400,1255.5,1264.5,1255.2,1257.5,89,255,56.64
1513551600,1257.8,1267,1255.3,1265.5,67,529,62.33
1513638000,1265.4,1268.6,1262.3,1264.2,103,329,58.59
1513724400,1264.8,1271.4,1264.4,1269.6,95,283,58.56
1513810800,1268.8,1272.5,1266,1270.6,101,301,61.87
1513897200,1270.3,1280.4,1268.4,1278.8,69,220,59.7
1514242800,1279,1288.4,1277.7,1287.5,64,292,59.61
1514329200,1287.8,1293.2,1286,1291.4,55,253,59.29
1514415600,1292,1297.3,1290.5,1297.2,55,248,61.48
1514502000,1297.5,1309.8,1296.1,1309.3,47,349,58.29
1514847600,1305.3,1320.4,1304.6,1316.1,60,364,61.95
1514934000,1319,1323,1308.9,1318.5,53,469,64.88
1515020400,1315.5,1327.3,1307.1,1321.6,48,574,65.86
1515106800,1324.4,1324.7,1314.6,1322.3,38,529,68.58
1515366000,1321.8,1323,1315.7,1320.4,54,529,68.23
1515452400,1321.2,1321.4,1309.5,1313.7,78,570,67.27
1515538800,1313.3,1328.6,1308.9,1319.3,110,316,66.36
1515625200,1317.5,1324.7,1316.1,1322.5,59,616,72.85
1515711600,1323.6,1340,1320.8,1334.9,74,822,73.79
1515970800,1337.3,1345,1332.1,1337.1,98,853,69.62
1516143600,1339,1344.5,1326.6,1339.2,102,384,71.54
1516230000,1327.4,1333.3,1324.3,1327.2,139,352,69.18
1516316400,1327,1338.2,1326.6,1333.1,128,540,73.37
1516575600,1334,1335.8,1328,1331.9,86,661,73.47
1516662000,1333,1341.5,1330.7,1336.7,52,715,74.67
1516748400,1341.4,1361.6,1339.1,1356.3,62,757,71.22
1516834800,1357,1365.4,1341,1362.9,103,484,70.63
1516921200,1346.4,1356,1343.7,1352.1,131,600,70.68
1517180400,1349,1351.4,1336.1,1340.3,282,458,66.69
1517266800,1344,1352.5,1337.5,1340,346,94,61.18
1517353200,1341.8,1351,1335.5,1343.1,198,191,58.1
1517439600,1348.2,1354.3,1340.2,1347.9,240,175,58.43
1517526000,1352.2,1353.3,1330.1,1337.3,531,113,46.82
1517785200,1334.6,1344.8,1331.6,1336.5,703,36,28.2
1517871600,1343.1,1349.3,1322.8,1329.5,761,37,33.07
1517958000,1326.6,1334.8,1313.5,1314.6,110,58,31.9
1518044400,1320.7,1324.5,1309,1319,365,46,20.01
1518130800,1321,1325,1313.2,1315.7,650,31,22.08
1518390000,1317.1,1330,1316.3,1326.4,143,45,26.96
1518476400,1325,1333.5,1323.7,1330.4,125,50,29.01
1518562800,1331.9,1358.6,1319.1,1358,178,87,36.9
1518649200,1353,1359.8,1350.8,1355.3,111,151,41.89
1518735600,1356.6,1364.4,1347.3,1356.2,63,165,43
1518994800,1350.2,1354,1330.6,1331.2,97,160,38.02
1519167600,1331.2,1338.5,1324.4,1332.1,141,184,39
1519254000,1326.2,1334.4,1322.9,1332.7,145,96,37.79
1519340400,1333.7,1334.2,1327.7,1330.3,106,113,43.89
1519599600,1330.4,1342.9,1328,1332.8,74,210,46.87
1519686000,1334.7,1338.4,1314.4,1318.6,125,198,39.48
1519772400,1318.9,1323.7,1316.7,1317.9,211,104,32.36
1519858800,1319.3,1322.3,1303.6,1305.2,289,50,30.77
1519945200,1318,1326.6,1316.2,1323.4,253,89,35.85
1520204400,1324.9,1328.9,1318.3,1319.9,81,167,40.12
1520290800,1321,1339.9,1320.8,1335.2,67,226,44.11
1520377200,1339.5,1342,1323,1327.6,80,259,45.74
1520463600,1326.2,1329.8,1319.6,1321.7,70,286,46.3
1520550000,1322.7,1325.9,1313.2,1324,77,382,54
1520805600,1324.1,1325,1315.3,1320.8,65,419,55.14
1520892000,1323.3,1328.8,1313.8,1327.1,72,309,52.32
1520978400,1326.7,1330.5,1321.7,1325.6,130,127,50.21
1521064800,1324.7,1328.1,1314.9,1317.8,205,119,47.86
1521151200,1316.8,1321.8,1309.5,1312.3,148,153,51.94
1521410400,1312.9,1319.6,1307.4,1317.8,228,100,46.9
1521496800,1316.5,1318.1,1306.6,1311.9,259,122,46.59
1521583200,1310.6,1336.9,1309.5,1321.5,212,168,49.92
1521669600,1332,1335,1324.6,1327.4,198,68,37.62
1521756000,1329,1350.4,1328.9,1349.9,343,45,29.48
1522015200,1347,1356,1343.4,1355,329,78,37.5
1522101600,1353.6,1356.8,1339.6,1342,229,93,31.24
1522188000,1351.1,1352.2,1327.7,1330,248,48,31.3
1522274400,1329.3,1332.6,1325.4,1327.3,152,80,37.12
1522620000,1330.7,1349.2,1329,1346.9,305,36,27.75
1522706400,1345,1346.6,1332.7,1337.3,192,47,32.98
1522792800,1336.7,1352.5,1335.2,1340.2,182,66,40.03
1522879200,1337.1,1338.7,1326,1328.5,57,112,45.27
1522965600,1329.7,1339.1,1322.6,1336.1,116,75,36.65
1523224800,1338,1341.5,1330.1,1340.1,111,54,37.62
1523311200,1339.8,1346.2,1334.2,1345.9,63,121,46.84
1523397600,1343.1,1369.4,1342.5,1360,62,108,47.6
1523484000,1356.3,1356.7,1336.7,1341.9,65,126,50.85
1523570400,1337.6,1350.3,1335.5,1347.9,83,100,49.16
1523829600,1349.8,1353.5,1342.8,1350.7,74,152,56.02
1523916000,1349.1,1352.2,1340.2,1349.5,71,227,61.21
1524002400,1350.4,1359,1345,1353.5,97,281,62.84
1524088800,1352.4,1357.7,1343.2,1348.8,153,162,59.28
1524175200,1348.5,1348.9,1337,1338.3,186,111,56.4
1524434400,1336.2,1337.6,1323.8,1324,228,141,55.45
1524520800,1326.1,1334.5,1323.6,1333,245,151,50.98
1524607200,1332,1333.8,1320.2,1322.8,306,75,49.79
1524693600,1324.2,1328,1316.2,1317.9,150,133,52.65
1524780000,1318,1326.4,1315.8,1323.4,114,127,52.42
1525039200,1324,1325.9,1310.7,1319.2,111,135,47.96
1525125600,1316,1317.4,1302.3,1306.8,206,75,50.03
1525212000,1304.4,1314.9,1304.3,1305.6,124,166,49.21
1525298400,1305.5,1319,1305.2,1312.7,212,123,46.51
1525384800,1312.8,1316.9,1308.5,1314.7,126,177,52.24
1525644000,1316.3,1320.1,1310.6,1314.1,89,250,55.12
1525730400,1314.1,1318.5,1306.2,1313.7,133,208,56.28
1525816800,1315.3,1317.8,1304.2,1313,140,334,58.44
1525903200,1312.8,1323.4,1310.6,1322.3,81,326,60.96
1525989600,1321.8,1326.3,1317,1320.7,85,285,61.41
1526248800,1318.3,1322.4,1312.8,1318.2,72,279,59.84
1526335200,1313.2,1314.7,1288.2,1290.3,185,169,58.4
1526421600,1290.1,1296.4,1285.7,1291.5,133,281,61.67
1526508000,1290.2,1294,1284,1289.4,118,339,63.44
1526594400,1290,1293.7,1285.1,1291.3,120,277,63.64
1526853600,1290.3,1292.7,1281.2,1290.9,97,411,66.79
1526940000,1292.3,1296,1287.2,1292,89,319,64.86
1527026400,1290.6,1298.4,1286.7,1289.6,112,134,65.53
1527112800,1293.3,1306.4,1292.2,1304.4,105,183,64.67
1527199200,1304,1307.2,1299.4,1303.7,92,197,63.81
1527458400,1297.2,1306.1,1291.4,1299,153,163,60.74
1527631200,1303.1,1308.8,1300,1306.5,81,374,66.04
1527717600,1306,1311.5,1301,1304.7,124,264,62.96
1527804000,1303,1304.8,1293.1,1299.3,88,330,66.14
1528063200,1296.7,1302.3,1293.8,1297.3,79,433,66.83
1528149600,1296.4,1304.8,1293.5,1302.2,101,442,68.24
1528236000,1300.6,1306.1,1297.7,1301.4,83,527,70.03
1528322400,1300.9,1307.8,1299,1303,95,442,69.98
1528408800,1301.3,1304.8,1296,1302.7,48,278,69.45
1528668000,1303.5,1307,1297.8,1303.2,63,351,70.15
1528754400,1304.5,1304.8,1296.3,1299.4,69,344,70.13
1528840800,1299.6,1305.2,1294.5,1301.3,76,317,67.77
1528927200,1303.1,1313,1301,1308.3,93,296,68.53
1529013600,1303.1,1313,1277.9,1278.5,121,254,66.77
1529272800,1281.1,1284.9,1279.5,1280.1,132,303,67.05
1529359200,1280.7,1286.8,1272.6,1278.6,143,202,65.51
1529445600,1277.3,1278.6,1269.6,1274.5,81,363,66.98
1529532000,1269.7,1272.3,1262.4,1270.5,144,239,62.38
1529618400,1268.6,1273.1,1268.4,1270.7,85,221,64.05
1529877600,1272.2,1274.4,1265.5,1268.9,188,110,56.52
1529964000,1267.3,1269.4,1256.4,1259.9,126,125,59.58
1530050400,1260.5,1261.9,1252.2,1256.1,223,130,50.53
1530136800,1253.6,1255.8,1247.2,1251,299,89,52.06
1530223200,1249.5,1257.1,1246.9,1254.5,136,122,51.86
1530482400,1253.4,1255.6,1240.6,1241.7,197,106,54.26
1530568800,1242.9,1258.5,1238.8,1253.5,76,157,56.13
1530655200,1257.7,1261,1252.2,1258.8,77,168,59.9
1530828000,1258.4,1260.2,1253.7,1255.8,54,271,62.48
1531087200,1255.7,1266.9,1255.7,1259.6,47,297,66.28
1531173600,1258.5,1261,1247.7,1255.4,66,263,64.29
1531260000,1256.7,1257.3,1241.7,1244.4,99,135,58.82
1531346400,1242.3,1248.8,1241.4,1246.6,96,206,59.89
1531432800,1247.7,1248.5,1236.2,1241.2,86,201,58.68
1531692000,1241,1245.8,1238.3,1239.7,137,134,55.72
1531778400,1240.8,1245.1,1225.9,1227.3,90,164,56.54
1531864800,1227,1229.1,1220.9,1227.9,94,203,58.23
1531951200,1227.3,1229.6,1210.7,1224,94,205,59.75
1532037600,1222.9,1232.4,1215.3,1231.1,71,222,58.23
1532296800,1231.7,1235.2,1222.2,1225.6,101,201,56.79
1532383200,1224.4,1229.7,1218.1,1225.5,109,241,53.45
1532469600,1224.2,1234.3,1223.2,1231.8,153,174,54.04
1532556000,1231.7,1235.3,1221.7,1225.7,113,262,56.95
1532642400,1222.4,1226.9,1216.7,1223,158,154,48.24
1532901600,1231.1,1234.1,1227.8,1231.5,159,89,45.68
1532988000,1230.5,1237.8,1222.6,1233.6,126,137,50.09
1533074400,1232.7,1233.7,1224.4,1227.6,158,150,47.77
1533160800,1224.7,1230,1215.3,1220.1,179,188,50.95
1533247200,1216,1228.5,1212.5,1223.2,113,212,49.1
1533506400,1222,1226,1214.4,1217.7,133,200,51.23
1533592800,1215.8,1224.3,1215.6,1218.3,123,252,52.05
1533679200,1218.7,1223.8,1213.6,1221,144,179,51.92
1533765600,1222,1225.6,1218.4,1219.9,110,238,52.48
1533852000,1220,1224.9,1213.1,1219,207,167,49
1534111200,1218.4,1221.4,1198.6,1198.9,274,121,45.93
1534197600,1201.1,1205.8,1198.9,1200.7,186,195,49.57
1534284000,1201.5,1202,1180,1185,378,126,44.18
1534370400,1183,1189,1167.1,1184,140,187,47.94
1534456800,1180.7,1192,1178.5,1184.2,134,208,49.64
1534716000,1190.4,1197.7,1189.6,1194.6,107,292,52.17
1534802400,1197.3,1204.3,1194.3,1200,60,362,54.82
1534888800,1203,1208.4,1199.2,1203.3,58,247,56.49
1534975200,1202.8,1203.4,1190.2,1194,74,259,53.63
1535061600,1191.6,1215.4,1189.5,1213.3,80,316,56.11
1535320800,1214.5,1218.8,1209.3,1216,69,380,57.94
1535407200,1217.7,1220.7,1205.8,1214.4,75,271,57.71
1535493600,1206.6,1213.7,1206.6,1211.5,67,327,59.75
1535580000,1212.6,1214,1202.1,1205,112,256,56.23
1535666400,1206.3,1214.9,1204.1,1206.7,82,240,57.69
1535925600,1207,1207.6,1195.1,1199.1,163,310,54.41
1536098400,1197.2,1204.2,1196.4,1201.3,170,207,53.94
1536184800,1202.5,1212.7,1200.5,1204.3,200,209,50.63
1536271200,1205.6,1209,1198.7,1200.4,233,188,49.16
1536530400,1200.7,1203.8,1196.2,1199.8,193,222,49.87
1536616800,1200.4,1204.8,1192.7,1202.2,272,222,48.19
1536703200,1203.5,1213.9,1197.6,1210.9,172,190,47.96
1536789600,1212.4,1218,1205,1208.2,161,282,48.45
1536876000,1206.6,1213.8,1197.7,1201.1,175,257,48.78
1537135200,1199.8,1209.7,1197.5,1205.8,199,161,46.57
1537221600,1206.4,1208.2,1200.3,1202.9,214,173,48.22
1537308000,1202.8,1211,1202.2,1208.3,170,153,47.58
1537394400,1208.8,1213.2,1205.1,1211.3,160,185,53.25
1537480800,1212.1,1215.8,1196,1201.3,157,211,52.69
1537740000,1204,1208.8,1198.6,1204.4,179,97,47.9
1537826400,1203.1,1207.9,1201.3,1205.1,227,170,47.41
1537912800,1205.5,1206.9,1194.6,1199.1,200,140,43.4
1537999200,1198.9,1202.6,1185.6,1187.4,197,110,44.29
1538085600,1186.8,1198,1184.3,1196.2,228,150,45.17
1538344800,1196.1,1196.5,1188.1,1191.7,261,223,42.01
1538431200,1192.7,1212.3,1192.2,1207,288,97,40.02
1538517600,1207,1212.3,1200.4,1202.9,395,127,42.48
1538604000,1201.4,1210.7,1199.6,1201.6,633,71,36.05
1538690400,1203.7,1209.8,1200.9,1205.6,629,52,33.18
1538949600,1206.7,1208,1186,1188.6,573,64,32.62
1539036000,1192.2,1195.8,1186.6,1191.5,425,78,31.39
1539122400,1192.7,1198.6,1188.5,1193.4,869,52,19.68
1539208800,1197.9,1230,1194.7,1227.6,968,22,14.76
1539295200,1227.7,1228.1,1219.3,1222,686,25,16.19
1539554400,1221.2,1236.9,1220.4,1230.3,389,29,17.64
1539640800,1230.5,1235.9,1226.3,1231,199,35,25.83
1539727200,1228,1232.9,1223.7,1227.4,230,30,24.17
1539813600,1225.5,1233.6,1221.7,1230.1,416,27,20.19
1539900000,1228.6,1234.1,1226.2,1228.7,496,37,18.89
1540159200,1230.5,1232.6,1222.8,1224.6,634,42,17.86
1540245600,1225.1,1243,1224.5,1236.8,1058,22,15.67
1540332000,1233.8,1238,1228.3,1231.1,1074,45,11.3
1540418400,1236.6,1242,1230.5,1232.4,612,32,13.24
1540504800,1234.7,1246,1232.5,1235.8,999,27,11.39
1540764000,1236.4,1237.6,1226.1,1227.6,776,43,12.26
1540850400,1231.9,1232.5,1221.4,1225.3,589,48,16.07
1540936800,1224.7,1225,1213.4,1215,292,70,17.49
1541023200,1216.6,1239.3,1216.1,1238.6,158,69,22.63
1541109600,1235.3,1238.4,1231.3,1233.3,165,73,23.57
1541372400,1234.5,1236.8,1228.4,1232.3,124,72,24.76
1541458800,1233.4,1237.8,1224.9,1226.3,153,98,28.17
1541545200,1228.9,1238.4,1224.2,1228.7,140,145,35.54
1541631600,1227.7,1228.5,1220.8,1225.1,171,151,36.09
1541718000,1224.3,1224.6,1207.2,1208.6,247,106,31.51
1541977200,1210.3,1212,1200.6,1203.5,338,92,26.03
1542063600,1201.1,1205.5,1196.6,1201.4,351,49,27.25
1542150000,1202.8,1217.2,1198.1,1210.1,408,40,24.76
1542236400,1211.8,1217,1207.1,1215,472,41,28
1542322800,1214.4,1226,1213.7,1223,344,71,30.01
1542582000,1222.6,1226.5,1218.5,1225.3,458,66,26.37
1542668400,1224.6,1229.5,1220.3,1221.2,999,43,20.98
1542754800,1222.4,1230.9,1220.1,1228,289,26,24.41
1542841200,1227.8,1229.2,1220.3,1223.2,266,24,26.29
1543186800,1223.9,1228.6,1221.7,1222.4,287,34,29.48
1543273200,1222.6,1225.2,1211.4,1213.4,434,35,27.79
1543359600,1214.3,1227.7,1210.5,1223.6,374,79,37.23
1543446000,1227.1,1234.9,1226.7,1230.4,274,77,36.54
1543532400,1229.9,1231.1,1221.8,1226,389,109,40.28
1543791600,1227.8,1240.4,1226.6,1239.6,234,158,45.01
1543878000,1236.3,1247.5,1235.8,1246.6,644,117,29.17
1543964400,1244.6,1244.8,1238.7,1242.6,,,
1544050800,1243,1249.9,1240,1243.6,1140,45,29.24
1544137200,1243.1,1255.8,1242.6,1252.6,540,54,24.03
1544396400,1255.6,1256.6,1246.9,1249.4,1106,30,23.24
1544482800,1249.8,1255.1,1245.8,1247.2,596,59,24.23
1544569200,1248.3,1252.6,1247.1,1250,349,53,27.34
1544655600,1250.7,1251.7,1244.4,1247.4,756,40,25.26
1544742000,1246.2,1247.3,1236.5,1241.4,1174,26,21.13
1545001200,1242.8,1252.2,1239.4,1251.8,1684,17,14.55
1545087600,1249.7,1254.5,1249,1253.6,1467,15,14.78
1545174000,1253.5,1262.2,1245.3,1256.4,1703,17,12.47
1545260400,1247,1270.3,1246.2,1267.9,2505,11,11.05
1545346800,1263.5,1266.2,1257.1,1258.1,2234,11,7.9
1545606000,1260.7,1273.9,1260,1271.8,2445,13,5.63
1545778800,1273.5,1282.3,1267.4,1273,1567,10,10.34
1545865200,1270.1,1281.6,1269.1,1281.1,568,9,11.1
1545951600,1278,1284.7,1276.5,1283,227,13,12.78
1546210800,1283,1286.5,1279.7,1281.3,200,16,15.32
1546383600,1285,1291,1280.6,1284.1,142,18,16.4
1546470000,1288.5,1296.9,1286.4,1294.8,99,22,13.22
1546556400,1296.5,1300.4,1278.1,1285.8,50,19,24.16
1546815600,1287,1297,1284.1,1289.9,33,39,31.06
1546902000,1289.9,1291.4,1280.2,1285.9,29,50,36.87
1546988400,1286.1,1295,1280.9,1292,19,51,41.32
1547074800,1294.7,1298,1286.7,1287.4,23,38,43.77
1547161200,1287.6,1295.7,1287,1289.5,19,44,44.79
1547420400,1288,1296.6,1287.7,1291.3,51,39,40.96
1547506800,1292.4,1294.8,1286.5,1288.4,47,43,46.26
1547593200,1289.6,1295.4,1287.6,1293.8,28,56,51.52
1547679600,1293.9,1295,1288.3,1292.3,38,54,56.8
1547766000,1291.9,1292.2,1280.1,1282.6,41,68,64.48
1548025200,1280.7,1285,1276,1283.4,70,52,55.36
1548198000,1284.6,1286,1277.7,1284,71,49,56.17
1548284400,1282.3,1283.9,1275.3,1279.8,56,65,60.5
1548370800,1280.1,1303.4,1278.9,1298.1,28,96,67.24
1548630000,1302.3,1303.7,1296.5,1303.1,59,85,65.11
1548716400,1302.5,1310.8,1301.7,1308.9,45,90,65.05
1548802800,1317,1328.6,1313.5,1315.5,44,108,70.72
1548889200,1325.4,1331.1,1322.2,1325.2,38,210,74.03
1548975600,1326,1328.2,1320.6,1322.1,27,159,74.59
1549234800,1322.6,1323.6,1312.7,1319.3,25,131,78.93
1549321200,1316.8,1321,1314.8,1319.2,26,176,78.97
1549407600,1319.4,1319.9,1309.6,1314.4,29,114,78.13
1549494000,1310.9,1315.8,1306.4,1314.2,61,99,73.66
1549580400,1314.3,1319.5,1311.5,1318.5,67,113,73.18
1549839600,1318.1,1318.7,1307.1,1311.9,48,159,74.98
1549926000,1311.6,1318.3,1310,1314,22,180,79.91
1550012400,1314.3,1321.7,1308.1,1315.1,29,168,81.16
1550098800,1309.6,1317.4,1304.7,1313.9,39,157,80.78
1550185200,1315.5,1325.8,1314.3,1322.1,23,209,84.46
1550444400,1325,1345,1323.8,1344.8,44,238,85.77
1550617200,1343.9,1349.8,1339.8,1347.9,32,210,84.86
1550703600,1341.7,1344.3,1323.3,1327.8,29,169,84.09
1550790000,1325.8,1335.6,1323.8,1332.8,33,295,85.65
1551049200,1331.9,1334.9,1327.3,1329.5,29,306,85.27
1551135600,1329.9,1332.4,1325.5,1328.5,34,145,83.96
1551222000,1331,1332,1318.4,1321.2,62,169,83.4
1551308400,1321.7,1328.9,1314,1316.1,52,210,81.54
1551394800,1315.5,1316.5,1291.3,1299.2,47,250,82.18
1551654000,1294.4,1298.1,1283.8,1287.5,54,221,80
1551740400,1287.8,1290.6,1282,1284.7,59,121,78.21
1551826800,1288.8,1291.8,1284.3,1287.6,74,96,70.83
1551913200,1287.3,1289.6,1280.8,1286.1,125,107,65.53
1551999600,1286.7,1301.3,1285.6,1299.3,113,86,62.86
1552255200,1298.2,1299.2,1290.6,1291.1,67,185,69.32
1552341600,1293.6,1302.6,1292,1298.1,47,229,68
1552428000,1301.8,1311.6,1300.6,1309.3,56,259,69.54
1552514400,1309.5,1310.3,1292.5,1295.1,67,192,83.33
1552600800,1295.6,1306.3,1293.7,1302.9,72,260,66.03
1552860000,1302,1306.7,1298,1301.5,53,226,68.77
1552946400,1303.7,1310.8,1302.1,1306.5,59,208,63.92
1553032800,1306,1317.2,1298.1,1301.7,91,180,59.1
1553119200,1312.7,1320.2,1302.8,1307.3,67,293,61.16
1553205600,1309.3,1314.7,1306.5,1312.3,146,231,46.92
1553464800,1313.3,1324.5,1310.6,1322.6,162,137,47.31
1553551200,1321.5,1323,1312.1,1315,76,218,51.02
1553637600,1315.4,1318.8,1307.3,1310.4,111,220,49.9
1553724000,1315,1317.6,1293.3,1295.3,86,194,51.64
1553810400,1295,1304.6,1291.3,1298.5,77,220,52.58
1554069600,1297.2,1301.7,1291,1294.2,48,292,58.82
1554156000,1292.2,1297.1,1289.5,1295.4,80,266,57.3
1554242400,1296.9,1299,1292.7,1295.3,69,309,58.24
1554328800,1294.4,1298.7,1284.9,1294.3,62,226,60.76
1554415200,1296.5,1297.8,1288.3,1295.6,50,244,65.04
1554674400,1295.8,1307.9,1295.5,1301.9,42,200,63.83
1554760800,1301.6,1310.4,1300.6,1308.3,52,174,57.45
1554847200,1308.2,1314.7,1304.7,1313.9,68,227,61.8
1554933600,1312.4,1313.1,1292.9,1293.3,63,249,60.9
1555020000,1295.8,1299.1,1293.2,1295.2,76,296,62.83
1555279200,1294,1295.2,1285.3,1291.3,73,259,59.37
1555365600,1290.8,1291.7,1275.5,1277.2,93,291,60.17
1555452000,1279.5,1282.1,1275.2,1276.8,123,210,56.12
1555538400,1276.2,1279.7,1273,1276,137,166,55.58
1555884000,1278,1281.9,1275.7,1277.6,106,109,52.16
1555970400,1277,1278.5,1267.9,1273.2,102,255,59.24
1556056800,1274.4,1280.7,1270.5,1279.4,81,293,58.6
1556143200,1277.9,1284.8,1275.2,1279.7,118,185,54.52
1556229600,1279.1,1290.9,1276,1288.8,103,255,58.61
1556488800,1289,1289.1,1279.9,1281.5,42,266,60.1
1556575200,1281.9,1288.2,1281.5,1285.7,81,357,58.51
1556661600,1285.2,1289.4,1274.5,1284.2,109,375,52.78
1556748000,1278.5,1279.4,1267.3,1272,136,220,53.73
1556834400,1271.6,1283.9,1269,1281.3,75,291,62.27
1557093600,1281.8,1287.4,1278.1,1283.8,57,194,60
1557180000,1282.4,1287.3,1279.1,1285.6,120,178,50.4
1557266400,1285.6,1292.8,1280.2,1281.4,137,172,48.65
1557352800,1281.9,1289.2,1280.4,1285.2,216,144,47.89
1557439200,1285,1290.3,1283.9,1287.4,220,160,49.85
1557698400,1288.3,1302.2,1282.4,1301.8,299,112,36.17
1557784800,1300.8,1304.2,1294.3,1296.3,235,160,42.22
1557871200,1298,1301.7,1293.6,1297.8,180,205,44.48
1557957600,1297.7,1299.3,1284.2,1286.2,157,318,47.72
1558044000,1287.2,1289,1274.6,1275.7,214,258,41.53
1558303200,1277.6,1278.8,1273.3,1277.3,282,129,39.26
1558389600,1277.7,1277.7,1269,1273.2,213,196,43.82
1558476000,1274.4,1277.1,1272,1274.2,233,178,40.73
1558562400,1273.6,1287.1,1272.1,1285.4,406,163,33.16
1558648800,1283.2,1284.7,1280.1,1283.6,325,209,36.32
1558908000,1283.5,1286.9,1275.1,1277.1,253,210,33.46
1559080800,1278.9,1285.2,1278.4,1281,466,161,29.08
1559167200,1285.1,1293.9,1279.2,1292.4,375,140,28.59
1559253600,1293.2,1311.9,1292.5,1311.1,528,176,25.64
1559512800,1312.5,1333,1310.9,1327.9,294,170,26.06
1559599200,1329.7,1334.1,1324.7,1328.7,163,206,33.04
1559685600,1330.2,1348.9,1329.3,1333.6,207,290,33.33
1559772000,1336.1,1344.2,1331.3,1342.7,288,319,33.48
1559858400,1339.7,1352.7,1334.3,1346.1,223,477,35.97
1560117600,1341.2,1341.7,1329,1329.3,86,339,38.06
1560204000,1331.8,1333.8,1323.6,1331.2,153,283,38.19
1560290400,1330.6,1342.3,1329.8,1336.8,222,191,38.37
1560376800,1337.8,1347,1335.9,1343.7,182,218,42.03
1560463200,1346.5,1362.2,1341.4,1344.5,185,236,39.3
1560722400,1345.5,1347.1,1336.6,1342.9,175,242,39.94
1560808800,1343.9,1358.5,1342.1,1350.7,119,405,45.69
1560895200,1350.4,1366.6,1344.8,1348.8,111,363,47.12
1560981600,1364.5,1397.7,1361.3,1396.9,96,559,49.73
1561068000,1391.2,1415.4,1386.1,1400.1,123,349,47.6
1561327200,1403.9,1425.1,1403.6,1418.2,150,211,42.73
1561413600,1423.4,1442.9,1415.1,1418.7,209,178,41.69
1561500000,1427.2,1427.9,1405,1415.4,185,136,40.89
1561586400,1412.7,1415.3,1401.4,1412,141,168,48.49
1561672800,1413.3,1427.8,1408.6,1413.7,102,290,56.83
1561932000,1401.8,1401.9,1384.7,1389.3,55,392,59.34
1562018400,1386.2,1424,1386.2,1408,105,332,56.52
1562104800,1424.7,1441,1414.7,1420.9,91,438,61.44
1562191200,1421.6,1426.8,1388.6,1400.1,66,209,63.62
1562536800,1401,1409.9,1393.8,1400,74,188,58.68
1562623200,1397.9,1402.4,1387.5,1400.5,110,241,58.86
1562709600,1400,1421.1,1391.8,1412.5,89,440,59.87
1562796000,1421.1,1429.4,1402.7,1406.7,108,400,58.23
1562882400,1406.2,1418.9,1404.5,1412.2,108,350,62.72
1563141600,1417.7,1421.6,1409.3,1413.5,108,346,60.55
1563228000,1416.4,1420,1402.1,1411.2,142,309,60.46
1563314400,1407.9,1428.4,1401.3,1423.3,172,294,56.27
1563400800,1428.5,1449.7,1415.6,1428.1,227,320,57.68
1563487200,1448.3,1454.4,1421.1,1426.7,205,367,55.69
1563746400,1428.5,1430.8,1423,1426.9,193,208,53.89
1563832800,1426,1431.4,1414.6,1421.7,220,261,58.36
1563919200,1418.6,1430,1416.7,1423.6,173,420,63.44
1564005600,1426.8,1434.1,1411.1,1414.7,195,398,58.55
1564092000,1414.9,1424.8,1412.9,1419.3,207,419,61.91
1564351200,1419,1428,1414.4,1420.4,186,384,60.17
1564437600,1439.5,1445.7,1434.8,1441.8,234,422,63.48
1564524000,1443.7,1447.8,1422.3,1437.8,180,520,58.54
1564610400,1425.6,1458.2,1412.1,1432.4,324,475,50.12
1564696800,1457.5,1461.9,1442.5,1457.5,406,282,45.16
1564956000,1451.2,1481.8,1448.8,1476.5,583,172,29.4
1565042400,1481.1,1486.8,1468.2,1484.2,538,163,34.87
1565128800,1486.7,1522.7,1484.3,1519.6,537,259,35.81
1565215200,1512.1,1521.3,1501.6,1509.5,269,322,43.19
1565301600,1515.9,1521.1,1506.2,1508.5,296,298,38.92
1565560800,1509.2,1531.5,1498.6,1517.2,389,214,34.95
1565647200,1522.3,1546.1,1488.9,1514.1,403,285,38.6
1565733600,1513,1534.9,1504.5,1527.8,648,197,27.85
1565820000,1526.6,1537.7,1518.3,1531.2,688,231,28.09
1565906400,1533.9,1538.6,1513.9,1523.6,368,269,34.81
1566165600,1523,1523.6,1503.3,1511.6,94,278,38.43
1566252000,1506.3,1518.8,1503,1515.7,152,286,36.41
1566338400,1518.4,1518.4,1506.5,1515.7,138,299,39.42
1566424800,1512.4,1514.6,1502.1,1508.5,141,309,38.77
1566511200,1508.8,1540.3,1503,1537.6,408,246,28.31
1566770400,1545.4,1565,1534.8,1537.2,279,103,31.55
1566856800,1537.3,1554.5,1535.3,1551.8,458,235,27.67
1566943200,1551.8,1556.6,1541.4,1549.1,414,236,31.04
1567029600,1549.4,1559.8,1528.6,1536.9,133,245,36.36
1567116000,1536.9,1541.9,1525.6,1529.4,120,240,36.92
1567375200,1535.2,1558.9,1528,1555.9,238,223,33.03
1567548000,1556,1566.2,1542.6,1560.4,160,336,36.65
1567634400,1561.4,1561.9,1514.3,1525.5,86,341,43.8
1567720800,1525.6,1536.2,1510.7,1515.5,86,268,43.48
1567980000,1516.4,1523.8,1505.5,1511.1,82,199,49.24
1568066400,1507,1509.1,1492.1,1499.2,72,163,56.27
1568152800,1493.9,1506.2,1492.9,1503.2,31,199,64.33
1568239200,1504.9,1532.2,1496.8,1507.4,45,260,64.56
1568325600,1506.5,1516.6,1493.1,1499.5,45,234,65.32
1568584800,1513.1,1519.7,1503.4,1511.5,33,118,67.34
1568671200,1506.5,1515,1500.9,1513.4,45,151,67.28
1568757600,1509.7,1519.5,1490.7,1515.8,54,164,65.67
1568844000,1502,1512.1,1496.3,1506.2,62,212,64.67
1568930400,1506.8,1524.5,1505.3,1515.1,86,193,64.94
1569189600,1521.5,1534.4,1517.9,1531.5,76,183,64.58
1569276000,1529.8,1543.3,1522.8,1540.2,148,210,56.12
1569362400,1539.8,1542.8,1507.4,1512.3,156,166,60.89
1569448800,1510.9,1519.5,1507.1,1515.2,171,199,57.06
1569535200,1511.8,1514.4,1493.3,1506.4,184,177,54.04
1569794400,1501.7,1507.2,1470.5,1472.9,158,170,55.36
1569880800,1478,1493.5,1465,1489,223,135,43.84
1569967200,1485.4,1511.4,1480.5,1507.9,319,53,35.38
1570053600,1505.6,1525.8,1501.7,1513.8,282,61,37.67
1570140000,1511.6,1522.2,1501.4,1512.9,145,97,45.35
1570399200,1518.6,1518.8,1493.3,1504.4,126,105,43.9
1570485600,1498.7,1515.3,1492.1,1503.9,251,104,33.8
1570572000,1510.9,1518,1505.1,1512.8,240,132,37.92
1570658400,1510.8,1522.3,1495.7,1500.9,216,102,41.61
1570744800,1498.3,1508,1478,1488.7,123,181,52.31
1571004000,1492,1501.5,1487.1,1497.6,169,109,50.07
1571090400,1497.7,1503,1480.8,1483.5,137,192,55.26
1571176800,1484.8,1495.5,1480.6,1494,118,183,55.14
1571263200,1494.2,1501.1,1487,1498.3,120,256,59.68
1571349600,1495.6,1497.9,1488.3,1494.1,107,248,57.58
1571608800,1495.6,1498.7,1484.8,1488.1,106,298,62.13
1571695200,1487.5,1492.1,1484,1487.5,126,321,60.66
1571781600,1491.1,1499.4,1490.7,1495.7,115,267,60.93
1571868000,1495.1,1506.9,1490.4,1504.7,106,274,59.8
1571954400,1506.4,1520.9,1503.1,1505.3,82,246,61.33
1572213600,1507.4,1510.8,1492.3,1495.8,80,324,63.03
1572300000,1494.3,1497.1,1485.6,1490.7,118,289,63.17
1572386400,1490.5,1499.3,1483.1,1496.7,126,248,63.49
1572472800,1498.8,1516.7,1496,1514.8,161,281,59.61
1572559200,1515.1,1519,1505.4,1511.4,80,374,65.84
1572822000,1516.4,1517.1,1506.5,1511.1,57,468,67.48
1572908400,1511.6,1511.9,1480.7,1483.7,68,410,66.65
1572994800,1484.3,1495.9,1483.8,1493.1,116,201,63.82
1573081200,1492.1,1493.6,1461.4,1466.4,136,387,62.98
1573167600,1469,1473.9,1457,1462.9,147,209,62.85
1573426800,1460,1467.4,1448.9,1457.1,150,184,62.19
1573513200,1455.9,1461.3,1446.2,1453.7,185,272,61.04
1573599600,1456.5,1467.9,1456.4,1463.3,208,182,59.26
1573686000,1464,1475.5,1461.7,1473.4,210,197,59.21
1573772400,1471.9,1472.1,1462.8,1468.5,177,291,61.49
1574031600,1467.8,1474.4,1456.6,1471.9,220,286,59.29
1574118000,1471.9,1475.8,1465.1,1474.3,233,287,60.52
1574204400,1472.7,1479.2,1466.1,1474.2,206,202,58.64
1574290800,1475.1,1475.9,1462.4,1463.6,169,125,56.81
1574377200,1464.3,1473.4,1461.2,1463.6,132,126,58.56
1574636400,1461,1462,1453.9,1456.9,99,338,65.13
1574722800,1455.1,1462.9,1449.6,1460.3,108,351,65.02
1574809200,1468.3,1469.1,1459.1,1460.8,85,393,67.02
1574895600,1461.2,1472.9,1459.1,1472.7,56,213,66.08
1575241200,1470.3,1471.7,1459.8,1469.2,95,143,60.86
1575327600,1468,1487.7,1465.4,1484.4,146,79,57.97
1575414000,1483.2,1489.9,1476.7,1480.2,77,155,61.66
1575500400,1480,1485.7,1478,1483.1,92,140,61.89
1575586800,1481,1485.3,1463.3,1465.1,63,358,66.29
1575846000,1464.1,1469.8,1463,1464.9,91,235,65.54
1575932400,1466.3,1473.7,1464.2,1468.1,95,190,65.35
1576018800,1468.5,1483.5,1466.9,1475,89,263,66.5
1576105200,1479.2,1491.6,1468.2,1472.3,95,552,68.65
1576191600,1470.8,1482.5,1465.5,1481.2,83,442,67.64
1576450800,1480,1484.5,1477.4,1480.5,88,583,69.62
1576537200,1480.6,1484.9,1478.4,1480.6,76,439,70.85
1576623600,1480.4,1483.6,1474.3,1478.7,100,540,71.1
1576710000,1479.4,1485.8,1477.1,1484.4,64,407,71.76
1576796400,1482.7,1484.8,1479.5,1480.9,65,623,72.39
1577055600,1482.4,1490.1,1481.2,1488.7,63,452,72.27
1577142000,1489.8,1505,1488.1,1504.8,40,298,72.91
1577314800,1503.9,1517.4,1502.1,1514.4,37,403,72.23
1577401200,1516.5,1519.9,1512.1,1518.1,35,429,70.21
1577660400,1515.9,1519.1,1513.5,1518.6,56,223,68.39
1577746800,1517.7,1529,1517.5,1523.1,41,225,69.94
1577919600,1521,1534,1519.7,1528.1,23,488,69.42
1578006000,1531.7,1556.6,1530.4,1552.4,26,256,67.09
1578265200,1562.7,1590.9,1562.3,1568.8,37,230,66.9
1578351600,1567.4,1579.2,1557,1574.3,34,285,63.1
1578438000,1578.8,1613.3,1553.4,1560.2,33,436,64.28
1578524400,1557.7,1562.4,1541,1554.3,33,507,64.06
1578610800,1553.4,1564.1,1546.7,1560.1,53,439,61.97
1578870000,1563,1563.1,1547,1550.6,60,530,65.17
1578956400,1548.6,1549.5,1536.4,1544.6,37,534,65.35
1579042800,1546.8,1558.8,1546.5,1554,33,573,66.68
1579129200,1556.6,1558.2,1548,1550.5,22,688,72.7
1579215600,1553,1561.4,1549.3,1560.3,22,742,71.77
1579474800,1557.3,1568.8,1546,1557.9,70,506,66.33
1579647600,1558.9,1559.8,1550,1556.7,69,598,64.18
1579734000,1558.9,1567.5,1551.3,1565.4,91,356,63.16
1579820400,1562.9,1575.5,1555.8,1571.9,126,447,56.15
1580079600,1580.5,1588.4,1575.3,1577.4,209,197,48.55
1580166000,1580.6,1582.2,1564.6,1569.8,105,235,52.47
1580252400,1566.3,1577.7,1562,1570.4,130,319,49.19
1580338800,1582.4,1590.7,1576.8,1589.2,218,287,48.24
1580425200,1578.4,1595.5,1575,1587.9,246,271,39.22
1580684400,1597.8,1598.5,1573.2,1582.4,179,233,42.46
1580770800,1581.5,1584.5,1552.8,1555.5,108,394,48.15
1580857200,1556.1,1566.2,1551.1,1562.8,52,447,54.41
1580943600,1560,1571.9,1556,1570,84,452,51.89
1581030000,1570.7,1577.8,1563.5,1573.4,152,370,47.28
1581289200,1575.8,1580.5,1571.5,1579.5,185,440,48.22
1581375600,1575.5,1577.5,1565.2,1570.1,105,621,50.76
1581462000,1571.2,1573.6,1564.4,1571.6,94,542,52.65
1581548400,1569.8,1581.7,1568.5,1578.8,102,456,51.75
1581634800,1579,1588.2,1576,1586.4,128,480,50.15
1581894000,1585.1,1608.2,1581.8,1603.6,147,452,48.99
1582066800,1604.8,1615.9,1602.4,1611.8,118,545,50.17
1582153200,1615,1626.5,1606.6,1620.5,116,462,50.56
1582239600,1623.6,1652.1,1621.6,1648.8,161,317,46.9
1582498800,1656,1691.7,1652.8,1676.6,444,174,35.21
1582585200,1661.8,1666.7,1627,1650,630,128,24.3
1582671600,1637.3,1657.1,1626.6,1643.1,619,75,21.87
1582758000,1643,1662.5,1636.7,1642.5,1305,79,13.56
1582844400,1646.1,1651,1564,1566.7,1734,70,11.73
1583103600,1592.8,1612.1,1576.3,1594.8,350,87,16.7
1583190000,1586,1650.5,1585.9,1644.4,360,109,14.53
1583276400,1640.1,1654.3,1632.6,1643,274,113,21.23
1583362800,1638.2,1675.5,1635.6,1668,781,98,16.57
1583449200,1673.1,1692.8,1642.4,1672.4,1370,92,13.11
1583704800,1692.6,1704.3,1658,1675.7,3138,69,6.4
1583791200,1679.6,1681.3,1641.1,1660.3,1445,29,7.66
1583877600,1649.3,1671.8,1632.4,1642.3,2230,14,4.53
1583964000,1633.1,1651,1560.4,1590.3,4628,12,2.39
1584050400,1582.7,1597.9,1504,1516.7,1544,12,3.79
1584309600,1563.8,1574.8,1450.9,1486.5,4075,13,1.96
1584396000,1512.8,1554.3,1465.6,1525.8,2493,21,3.75
1584482400,1527.6,1547,1473.3,1477.9,4063,32,2.78
1584568800,1487.2,1502.8,1460.1,1479.3,1940,18,3.03
1584655200,1471.6,1519.4,1457.5,1484.6,648,10,2.47
1584914400,1505,1569.3,1484.6,1567.6,1552,8,2.53
1585000800,1563.8,1698,1560.5,1660.8,217,9,3.59
1585087200,1666.2,1699.3,1615.2,1633.4,130,8,3.79
1585173600,1642.5,1672.5,1611,1651.2,53,9,5.7
1585260000,1640.4,1647.2,1611.4,1625,94,15,4.46
1585519200,1663.4,1673.6,1632,1643.2,103,21,6.69
1585605600,1643.4,1645.6,1588.2,1596.6,83,23,6.94
1585692000,1589.4,1612.4,1576,1591.4,207,17,4.93
1585778400,1602.4,1645.6,1595.2,1637.7,266,7,6.49
1585864800,1635.3,1652.8,1624.4,1645.7,387,6,5.96
1586124000,1647.7,1715.8,1638.2,1693.9,71,18,10.17
1586210400,1707.1,1742.6,1672,1683.7,58,16,9.52
1586296800,1678.7,1695.8,1670.7,1684.3,33,16,13.13
1586383200,1680.5,1754.5,1676.5,1752.8,20,31,18.86
1586728800,1742.3,1772.8,1724.2,1761.4,29,32,16.7
1586815200,1761.5,1788.8,1747.1,1768.9,29,58,23.7
1586901600,1758.1,1759.8,1731.6,1740.2,56,41,19
1586988000,1743.5,1768,1722.6,1731.7,110,73,21.03
1587074400,1738.5,1738.8,1691.2,1698.8,22,63,27.98
1587333600,1693,1718.4,1685,1711.2,44,64,26.23
1587420000,1713.3,1718,1666.2,1687.8,81,33,22.3
1587506400,1703.1,1742.4,1695.4,1738.3,39,49,27.25
1587592800,1736.5,1764.2,1730.6,1745.4,45,62,29.47
1587679200,1753,1760.2,1725.4,1735.6,50,54,34.36
1587938400,1745,1745.8,1720,1723.8,24,101,44.9
1588024800,1724.4,1731.9,1704.1,1722.2,14,87,51.4
1588111200,1724.8,1733.5,1708.2,1713.4,10,66,69.67
1588197600,1729.6,1737,1687.5,1694.2,8,47,60.36
1588284000,1693.5,1714.4,1676,1700.9,26,26,48.87
1588543200,1711.2,1726,1700.3,1713.3,27,28,51.97
1588629600,1711,1717.8,1695.4,1710.6,23,71,54.23
1588716000,1714.1,1716.6,1683,1688.5,50,86,51.71
1588802400,1686,1733.2,1683.9,1725.8,30,94,58.24
1588888800,1727.2,1735.5,1703.1,1713.9,17,121,71.05
1589148000,1706,1713.8,1692.1,1698,33,156,66.71
1589234400,1700,1716.7,1693.5,1706.8,72,159,58.8
1589320800,1705,1726.5,1701.6,1716.4,172,58,50.74
1589407200,1723.1,1746.5,1716,1740.9,226,37,52.81
1589493600,1738.5,1761.2,1736.8,1756.3,39,90,56.83
1589752800,1757.5,1775.8,1729.3,1734.4,21,159,76.85
1589839200,1734.8,1751.6,1727.2,1745.6,19,102,71.07
1589925600,1749.2,1757.6,1744,1752.1,22,123,78.75
1590012000,1751.7,1751.7,1715.3,1721.9,20,87,79.04
1590098400,1726,1742,1722.5,1735.5,21,100,79.02
1590357600,1734.8,1737.2,1700,1705.6,14,169,86.84
1590530400,1703.1,1713.2,1684.2,1710.7,18,74,90.79
1590616800,1725,1743.7,1720,1728.3,11,132,88.27
1590703200,1732.7,1754.5,1725.3,1751.7,30,112,86.42
1590962400,1749.8,1761,1737.6,1750.3,15,195,87.28
1591048800,1750.3,1757,1728,1734,17,170,88.26
1591135200,1733.7,1738.9,1690.3,1704.8,16,196,90.79
1591221600,1702.8,1729,1698.9,1727.4,19,117,90.76
1591308000,1720.8,1723.2,1671.7,1683,10,190,92.34
1591567200,1686.7,1707.6,1680.7,1705.1,7,190,94.23
1591653600,1703.9,1729.4,1697.6,1721.9,7,130,93.3
1591740000,1718.9,1749.4,1714.1,1720.7,7,187,91.33
1591826400,1746.6,1754.9,1727.5,1739.8,20,37,74.04
1591912800,1733.6,1753,1728.2,1737.3,14,38,78.82
1592172000,1740.7,1743.8,1706.2,1727.2,19,92,82.02
1592258400,1732.3,1741.3,1721.8,1736.5,7,182,85.74
1592344800,1735.3,1739.3,1717.3,1735.6,11,221,80.33
1592431200,1735.5,1749.2,1722.7,1731.1,12,156,78.29
1592517600,1729.8,1760.9,1728.3,1753,16,242,76.47
1592776800,1765.8,1779,1753.5,1766.4,21,220,77
1592863200,1764.9,1786.8,1758.3,1782,12,272,76.29
1592949600,1784.4,1796.1,1770.6,1775.1,28,73,61.52
1593036000,1772.3,1779.6,1764.1,1770.6,31,102,66.68
1593122400,1774.8,1786.2,1754,1780.3,43,109,54.67
1593381600,1789.2,1790.4,1776.5,1781.2,25,134,65.21
1593468000,1784.2,1804,1774.8,1800.5,22,171,70.41
1593554400,1798.9,1807.7,1767.9,1779.9,18,166,64.21
1593640800,1779,1791.7,1766.3,1790,15,269,64.49
1593727200,1787.9,1799,1779.2,1793.5,22,323,67.5
1594072800,1793.9,1810.8,1781.2,1809.9,27,191,57.02
1594159200,1807.9,1829.8,1803.8,1820.6,32,229,56.31
1594245600,1818.8,1825.5,1799.6,1803.8,54,272,46.9
1594332000,1808.4,1817,1796.5,1801.9,25,204,54.3
1594591200,1803.4,1818.8,1802.1,1814.1,31,334,50.52
1594677600,1805.2,1815,1791.1,1813.4,45,79,55.64
1594764000,1811.1,1819.5,1804,1813.8,12,206,69.67
1594850400,1813.1,1816.2,1794.1,1800.3,22,142,65.5
1594936800,1796.9,1813.9,1795.2,1810,13,205,65.42
1595196000,1812.3,1823.4,1806.6,1817.4,27,301,61.89
1595282400,1819.6,1844.9,1817.2,1843.9,16,350,68.77
1595368800,1842.8,1871.8,1842.1,1865.1,21,249,67.28
1595455200,1871.6,1897.7,1863.1,1890,27,273,66.06
1595541600,1884.9,1904.6,1880.5,1897.5,34,90,59.94
1595800800,1901.2,1941.9,1899,1931,38,210,60.78
1595887200,1937.1,1974.7,1900.2,1944.6,29,154,57.11
1595973600,1950.6,1974.9,1935.2,1953.4,31,247,63.17
1596060000,1986.4,1987.3,1952.3,1966.8,47,220,58.82
1596146400,1973.6,2005.4,1971.4,1985.9,48,239,53.66
1596405600,1997.4,2009.5,1975.2,1986.3,42,369,57.49
1596492000,1993.5,2037.7,1982.6,2021,27,316,59.66
1596578400,2037,2070.3,2027.5,2049.3,15,437,64.91
1596664800,2055,2081.8,2049,2069.4,15,330,63.45
1596751200,2076.4,2089.2,2024.8,2028,21,258,68.58
1597010400,2044.8,2060.8,2027.8,2039.7,14,269,72.69
1597096800,2038.4,2040.5,1911.3,1946.3,16,240,72.2
1597183200,1921.6,1961,1874.2,1949,28,203,72.83
1597269600,1927.3,1974.8,1923,1970.4,23,169,71.38
1597356000,1963.8,1970,1939.1,1949.8,24,102,71.03
1597615200,1956.4,2000.8,1939.1,1998.7,28,230,71.04
1597701600,1993.6,2024.6,1985.2,2013.1,39,240,67.43
1597788000,2010.5,2015.6,1930.5,1970.3,60,205,68.71
1597874400,1934.4,1963.1,1928.9,1946.5,53,135,63.6
1597960800,1955.6,1963.1,1916.6,1947,67,146,59.27
1598220000,1947.9,1970.3,1930.8,1939.2,58,240,64.37
1598306400,1935.9,1944.1,1919.1,1923.1,33,196,65.35
1598392800,1939,1963.4,1908.4,1952.5,22,275,62.21
1598479200,1963,1987,1914.7,1932.6,41,245,64.01
1598565600,1937.5,1983,1928.2,1974.9,36,215,67.45
1598824800,1973.9,1985.8,1962.3,1978.6,43,235,62.07
1598911200,1973.7,2001.2,1969.2,1978.9,66,325,63.13
1598997600,1976.8,1980.4,1938.9,1944.7,64,426,66.27
1599084000,1948.9,1956.6,1927.2,1937.8,71,90,57.23
1599170400,1938,1956.6,1921.6,1934.3,112,69,55.14
1599429600,1938,1948.3,1911.7,1943.2,74,73,45.73
1599602400,1939.4,1959.7,1926.3,1954.9,50,92,49.6
1599688800,1955.3,1975.2,1948.6,1964.3,52,118,44.27
1599775200,1953.8,1963.4,1944,1947.9,68,70,42.78
1600034400,1948.9,1972.5,1945.2,1963.7,39,121,50.92
1600120800,1966.2,1982.4,1955.6,1966.2,31,190,50.54
1600207200,1961.4,1983.8,1957.2,1970.5,27,185,52.78
1600293600,1967.6,1969.3,1938.2,1949.9,37,108,51.12
1600380000,1951.1,1968.2,1951.1,1962.1,54,161,47.67
1600639200,1957.3,1962.9,1885.4,1910.6,113,56,33.06
1600725600,1918.1,1925.5,1898.9,1907.6,87,69,34.26
1600812000,1905.1,1909.9,1856,1868.4,154,73,24.88
1600898400,1866.9,1880.9,1851,1876.9,215,25,24
1600984800,1872.7,1879.3,1854.1,1866.3,76,49,28.89
1601244000,1862.7,1888.2,1851.1,1882.3,47,115,36.96
1601330400,1886.4,1904.8,1880.8,1903.2,46,132,34.52
1601416800,1903.2,1908.2,1885.8,1895.5,45,151,34.94
1601503200,1891.2,1917.9,1890,1916.3,68,170,40.44
1601589600,1911,1923.6,1895.2,1907.6,88,129,42.8
1601848800,1910.9,1924.9,1891.2,1920.1,51,254,52.25
1601935200,1917.8,1927,1878.2,1908.8,50,290,50.01
1602021600,1882.6,1902.4,1877.1,1890.8,47,294,58.02
1602108000,1890.6,1905.3,1885.3,1895.1,24,328,63.87
1602194400,1898.4,1936.8,1898,1926.2,40,380,65.44
1602453600,1935,1939.4,1923.8,1928.9,36,440,67.51
1602540000,1927.3,1930.6,1889.3,1894.6,40,257,62.86
1602626400,1895.4,1917.5,1885,1907.3,40,240,59.37
1602712800,1906,1913.2,1892.7,1908.9,54,134,62.16
1602799200,1912.7,1918.7,1901.1,1906.4,36,243,61.56
1603058400,1903.2,1923.4,1900.2,1911.7,58,214,55.72
1603144800,1906.4,1917.6,1896.6,1915.4,50,150,58.65
1603231200,1911.6,1936,1911.6,1929.5,71,135,57.29
1603317600,1927.4,1929.4,1894.2,1904.6,72,121,61.83
1603404000,1906.5,1917.3,1895.2,1905.2,49,145,64.39
1603663200,1906,1911.1,1892.5,1905.7,111,52,54.22
1603749600,1904.4,1913.8,1898.7,1911.9,104,71,49.43
1603836000,1909.8,1912.6,1869.1,1879.2,241,33,35.99
1603922400,1877.5,1885.1,1859.2,1868,176,64,41.53
1604008800,1867.9,1890.9,1863.3,1879.9,177,46,36.27
1604271600,1877,1897.1,1873.3,1892.5,93,64,44.51
1604358000,1896.4,1912.2,1887.6,1910.4,41,121,54.57
1604444400,1910.3,1917.9,1881.8,1896.2,49,240,53.75
1604530800,1903.4,1954.3,1902.2,1946.8,43,401,64.1
1604617200,1950,1961.8,1937.2,1951.7,51,336,59.88
1604876400,1956,1966.1,1848,1854.4,39,754,71.41
1604962800,1864.1,1888.9,1858.9,1876.4,35,164,74.82
1605049200,1876.1,1882.5,1853.9,1861.6,14,141,77.12
1605135600,1863.9,1883,1860.7,1873.3,14,129,72.96
1605222000,1875.6,1895.8,1872.1,1886.2,20,174,77.69
1605481200,1886.6,1898,1861.5,1887.8,21,445,80.53
1605567600,1888.2,1892.7,1876.3,1885.1,14,316,80.66
1605654000,1879.5,1884.2,1860.3,1873.9,13,391,77.73
1605740400,1872,1872.6,1850,1861.5,19,203,79.33
1605826800,1864.8,1879.2,1859.1,1872.4,15,279,79.12
1606086000,1869.8,1875,1828,1837.8,15,506,80.5
1606172400,1835.7,1836.9,1797.1,1804.6,23,661,82.01
1606258800,1805.2,1816.3,1798.6,1805.5,10,350,82.44
1606345200,1812.1,1822.6,1776.5,1788.1,14,498,84.25
1606690800,1790.8,1793.3,1767.2,1780.9,10,466,82.48
1606777200,1780.3,1821.1,1778.4,1818.9,17,487,82.89
1606863600,1819.1,1835.7,1810.5,1830.2,19,249,81.84
1606950000,1833.9,1847.4,1826.7,1841.1,13,509,82.24
1607036400,1844.7,1852.7,1832,1840,15,716,84.47
1607295600,1841.1,1873,1824.8,1866,12,739,83.73
1607382000,1866.1,1879.8,1863.9,1874.9,18,658,84.2
1607468400,1875.4,1875.9,1828.2,1838.5,16,772,81.69
1607554800,1843,1854.2,1831.5,1837.4,20,419,82.08
1607641200,1840,1851.8,1826.8,1843.6,22,469,81.26
1607900400,1845,1845.6,1820,1832.1,23,577,80.34
1607986800,1830.5,1859.3,1828.5,1855.3,26,458,83.98
1608073200,1857.7,1870,1848.2,1859.1,26,507,83.76
1608159600,1868.4,1902,1865.9,1890.4,21,684,85.22
1608246000,1891.3,1895.7,1881.9,1888.9,17,720,82.77
1608505200,1892.9,1912,1859,1882.8,29,427,81.34
1608591600,1883,1889.4,1863.7,1870.3,18,742,80.62
1608678000,1865.6,1883.7,1860.9,1878.1,9,721,82.75
1608764400,1877.3,1887.4,1873.1,1883.2,10,461,82.91
1609110000,1887,1904.1,1873,1880.4,27,762,81.82
1609196400,1878,1891.3,1875.6,1882.9,30,305,78.91
1609282800,1881.8,1899,1879.5,1893.4,16,366,80.76
1609369200,1899,1904.9,1889.1,1895.1,25,363,80.16
1609714800,1908.2,1948.7,1906.1,1946.6,30,476,77.12
1609801200,1946,1957,1938.4,1954.4,13,324,80.36
1609887600,1952.8,1962.5,1902.6,1908.6,19,870,84.6
1609974000,1921.5,1929.6,1907.5,1913.6,12,918,86.42
1610060400,1915.2,1918.4,1827.8,1835.4,15,881,86.28
1610319600,1849.4,1856,1817.1,1850.8,16,459,83.16
1610406000,1845.4,1864,1835.8,1844.2,25,831,84.88
1610492400,1855,1863,1841.6,1854.9,12,723,83.72
1610578800,1845.6,1857.6,1826.6,1851.4,10,974,85.29
1610665200,1847.3,1856.6,1822.1,1829.9,17,331,82.57
1610924400,1828.8,1845,1800.8,1840.2,17,629,82.91
1611097200,1839.9,1872,1831.1,1866.5,7,773,84.18
1611183600,1871,1874.6,1857.5,1865.9,7,573,81.93
1611270000,1870.1,1870.8,1836.3,1856.2,13,427,81.74
1611529200,1855.3,1867.4,1846.2,1855.2,10,805,80.91
1611615600,1854.9,1860.8,1847.2,1850.9,18,414,77.94
1611702000,1849.7,1851.5,1828.4,1844.9,91,307,62.92
1611788400,1847.2,1867,1835.6,1841.2,32,184,66.44
1611874800,1845.6,1878.9,1841.2,1850.3,31,151,57.11
1612134000,1865,1876,1851.7,1863.9,18,234,66.67
1612220400,1863.6,1866.3,1830.4,1833.4,9,360,72.34
1612306800,1838.5,1845.9,1830.1,1835.1,4,408,73.43
1612393200,1834.5,1835.7,1784.6,1791.2,8,546,79.11
1612479600,1794.3,1816,1792.2,1813,12,761,81.77
1612738800,1818.1,1840.6,1807.3,1834.2,12,1124,86.3
1612825200,1832.4,1849.5,1830.3,1837.5,14,1032,86.1
1612911600,1838.3,1856.6,1834,1842.7,27,1032,85.43
1612998000,1844.3,1848.6,1821.7,1826.8,26,704,84.16
1613084400,1825.4,1831.5,1810.1,1823.2,22,664,83.84
1613343600,1826,1827.1,1788.1,1799,27,1031,82.82
1613516400,1793.1,1794.2,1767.9,1772.8,27,409,81.18
1613602800,1776,1788.8,1766.6,1775,34,255,77.29
1613689200,1774.6,1790.9,1759,1777.4,20,541,79.65
1613948400,1782,1812.4,1778.6,1808.4,37,714,77.53
1614034800,1809.3,1815.2,1794.5,1805.9,125,416,73.59
1614121200,1805,1813,1782.2,1797.9,34,749,77.93
1614207600,1804.9,1805,1763.9,1775.4,160,537,68.28
1614294000,1770.9,1773.8,1714.9,1728.8,209,120,63.08
1614553200,1732.8,1757.4,1717.2,1723,75,448,72.25
1614639600,1722.8,1737.8,1704.6,1733.6,271,338,68.37
1614726000,1736.5,1739.1,1699.4,1715.8,245,603,63.99
1614812400,1708.4,1721.6,1687.6,1700.7,481,365,55.16
1614898800,1695.3,1705.7,1683,1698.5,303,479,60.11
1615158000,1701.6,1712,1673.3,1678,51,942,59.6
1615244400,1679.3,1718.7,1676.7,1716.9,43,606,64.99
1615330800,1714.5,1725.3,1705.6,1721.8,49,834,67.64
1615417200,1725,1738,1716.8,1722.6,26,963,72.39
1615503600,1720.5,1728,1696.6,1719.8,39,992,72.9
1615759200,1726.5,1733.2,1719.2,1729.2,59,880,74.86
1615845600,1730.7,1740.5,1724.4,1730.9,63,458,71.56
1615932000,1730,1750.6,1722,1727.1,93,416,72.72
1616018400,1744,1754.2,1716.6,1732.5,120,587,66.34
1616104800,1733.7,1746.1,1727.1,1741.7,136,252,67.23
1616364000,1745.6,1747,1726.4,1738.1,123,251,65.53
1616450400,1738.5,1742,1722.7,1725.1,352,126,54.36
1616536800,1725.9,1737.7,1722.3,1733.2,437,135,48.3
1616623200,1733.2,1744.8,1720.3,1725.1,605,103,53.42
1616709600,1725.5,1735.5,1718.8,1732.3,111,306,57.32
1616968800,1731.5,1732.6,1703.3,1712.2,99,348,51.87
1617055200,1713,1714.8,1678.3,1686,141,200,53.76
1617141600,1685.9,1716.3,1677.3,1715.6,59,292,55.07
1617228000,1709,1732,1706.4,1728.4,36,328,61.34
1617573600,1730,1734.4,1721.6,1728.8,52,592,62.49
1617660000,1729.2,1746.7,1728.2,1743,33,487,62.3
1617746400,1744.4,1745.4,1731.2,1741.6,42,350,58.65
1617832800,1738.6,1759.4,1733.6,1758.2,36,407,61.61
1617919200,1756.5,1758.2,1730.8,1744.8,59,455,59.88
1618178400,1744.5,1746.2,1727,1732.7,94,483,57.04
1618264800,1732.2,1749.5,1723.2,1747.6,99,382,55.02
1618351200,1746.4,1750.7,1732.3,1736.3,61,492,57.03
1618437600,1736.6,1770.6,1734.4,1766.8,85,525,58.76
1618524000,1764.8,1784.7,1760.3,1780.2,122,694,58.44
1618783200,1778.8,1790.4,1766.6,1770.6,146,386,54.26
1618869600,1770.5,1780.8,1763.5,1778.4,200,258,45.94
1618956000,1779.1,1798.4,1776.6,1793.1,136,329,53.08
1619042400,1794.5,1798.1,1777.1,1782,42,377,50.72
1619128800,1784,1796.3,1769.5,1777.8,50,493,57.48
1619388000,1776.1,1783.1,1768.2,1780.1,45,650,60.34
1619474400,1781.1,1785.9,1773.9,1778.8,55,449,60.03
1619560800,1776.4,1782.7,1761.8,1773.9,54,510,61.94
1619647200,1781.9,1789.9,1754.6,1768.3,52,702,60.91
1619733600,1772.4,1773.3,1763.3,1767.7,80,335,56
1619992800,1768.1,1798.9,1765.6,1791.8,78,592,59.92
1620079200,1793.2,1799.5,1769.2,1776,140,436,53.98
1620165600,1778.4,1788.1,1769.3,1784.3,108,606,53.63
1620252000,1787,1818.6,1781.8,1815.7,188,583,53.87
1620338400,1815.4,1844.6,1813.4,1831.3,90,847,56.9
1620597600,1835.4,1846.3,1830.5,1837.6,204,1021,51.54
1620684000,1836.2,1842.5,1817.8,1836.1,333,117,48.6
1620770400,1838.2,1844.7,1813,1822.8,187,131,38.49
1620856800,1816.2,1829.1,1808.4,1824,299,93,44.42
1620943200,1826.4,1847.1,1819,1838.1,106,229,52.11
1621202400,1845.9,1869.3,1841.1,1867.6,128,303,52.99
1621288800,1867.3,1875.9,1863.5,1868,79,353,50.72
1621375200,1870.2,1891.3,1852.2,1881.5,97,92,47.74
1621461600,1869.9,1885.3,1864.2,1881.9,66,195,51.41
1621548000,1878.1,1890.3,1870.3,1876.7,51,311,54.41
1621807200,1883.5,1887.9,1875.7,1884.5,69,330,55.56
1621893600,1881.2,1901.2,1873.2,1898,71,314,49.46
1621980000,1900,1913.3,1890.7,1901.2,65,248,55.88
1622066400,1899.3,1906.5,1890.8,1898.5,47,392,59.96
1622152800,1899.8,1908.8,1884.3,1905.3,50,402,60.75
1622412000,1906.8,1919.2,1894.5,1905,47,712,64.7
1622584800,1903,1911.8,1896.4,1909.9,31,580,64.04
1622671200,1910.5,1912.3,1866.7,1873.3,46,331,61.93
1622757600,1872.7,1899,1855.6,1892,27,491,63.43
1623016800,1894.3,1902.9,1883.7,1898.8,28,635,65.8
1623103200,1901.6,1906.9,1885.7,1894.4,23,658,68.07
1623189600,1894.4,1901.7,1889.3,1895.5,18,594,66.28
1623276000,1891.4,1903,1871.8,1896.4,21,520,64.55
1623362400,1901.9,1906.2,1876.1,1879.6,29,418,67.31
1623621600,1879.6,1879.7,1845.7,1865.9,34,496,65.32
1623708000,1867.8,1870.9,1853,1856.4,37,319,64.01
1623794400,1861,1866,1804.4,1861.4,60,323,61.68
1623880800,1812.3,1826.4,1767.9,1774.8,61,260,53.94
1623967200,1773.9,1797.9,1761.2,1769,87,144,44.36
1624226400,1764.3,1786.9,1764.1,1782.9,89,217,51.04
1624312800,1783.2,1790.1,1771.2,1777.4,74,257,50.62
1624399200,1779.1,1795.6,1773.1,1783.4,42,320,51.93
1624485600,1778.2,1788.6,1772.7,1776.7,32,370,57.56
1624572000,1775.7,1791,1773.6,1777.8,19,418,59.19
1624831200,1782,1786.1,1770.4,1780.7,51,361,54.48
1624917600,1778.8,1779.2,1750.1,1763.6,47,298,50.93
1625004000,1761.9,1774.7,1753.2,1771.6,51,330,49.91
1625090400,1770.8,1783.4,1765.9,1776.8,39,334,52.87
1625176800,1777.5,1795.9,1774.4,1783.3,62,334,49.44
1625436000,1787.5,1815.7,1784.7,1794.2,110,313,43.35
1625608800,1797,1810.2,1794.1,1802.1,162,366,40.86
1625695200,1803.8,1819.5,1793.5,1800.2,214,162,36.36
1625781600,1803.2,1813,1796.6,1810.6,48,246,45.26
1626040800,1808.5,1811,1791,1805.9,54,362,47.15
1626127200,1806.7,1818,1798.7,1809.9,102,269,39.93
1626213600,1808.3,1831.1,1804.9,1825,171,205,35.19
1626300000,1828.7,1835,1820.6,1829,228,129,33.28
1626386400,1830.7,1832.7,1809.5,1815,175,168,29.67
1626645600,1811.6,1818,1795,1809.2,381,60,23.84
1626732000,1813.5,1825.9,1805.2,1811.4,109,156,32.66
1626818400,1810.6,1814.4,1794.3,1803.4,48,188,38.73
1626904800,1803.9,1808.4,1791.9,1805.4,81,165,34.31
1626991200,1807.7,1810.7,1789.1,1801.8,178,261,35.98
1627250400,1802.3,1812,1796,1799.2,221,228,36.68
1627336800,1797.1,1805.4,1792.8,1799.8,321,152,32.84
1627423200,1798.6,1809,1790.7,1799.7,100,177,37.32
1627509600,1811.5,1837.5,1810.9,1835.8,81,344,40.65
1627596000,1832.5,1835.5,1813.1,1817.2,130,307,38.07
1627855200,1817,1823.2,1808.2,1822.2,93,339,37.22
1627941600,1816.8,1818.2,1809.5,1814.1,165,284,39.06
1628028000,1813.7,1835.9,1808.3,1814.5,167,282,34.21
1628114400,1814.9,1817.9,1799.7,1808.9,169,348,40.08
1628200800,1806.7,1807,1759.5,1763.1,130,336,43.22
1628460000,1765,1765.7,1677.9,1726.5,122,233,41.53
1628546400,1732,1739.4,1718.5,1731.7,170,277,44.12
1628632800,1730.4,1756.7,1724.6,1753.3,152,310,47.35
1628719200,1752.9,1759.6,1742.6,1751.8,205,275,46.36
1628805600,1754.4,1781.9,1753,1778.2,215,303,44.16
1629064800,1780.7,1791.3,1772,1789.8,385,241,41.48
1629151200,1789.1,1797.6,1782.1,1787.8,466,138,36.92
1629237600,1787.8,1795.7,1778.8,1784.4,252,130,34.48
1629324000,1789.5,1795,1774.6,1783.1,432,87,30.77
1629410400,1782.8,1791,1780,1784,377,144,35.86
1629669600,1781.2,1809.1,1778,1806.3,180,251,41.5
1629756000,1807.6,1812.2,1802.6,1808.5,135,248,44.87
1629842400,1805.1,1805.3,1784,1791,103,309,47.96
1629928800,1793,1800.4,1781.3,1795.2,109,190,44.41
1630015200,1795.2,1821.9,1785.2,1819.5,87,365,54.76
1630274400,1821.6,1826.5,1810,1812.2,89,428,51.65
1630360800,1812.2,1821.9,1803.4,1818.1,93,298,54.3
1630447200,1816.7,1822.7,1810.6,1816,77,379,56.29
1630533600,1816.2,1819.6,1806.5,1811.5,59,490,58.5
1630620000,1811.5,1836.9,1810.9,1833.7,66,367,55.76
1630879200,1833.5,1833.5,1793.7,1798.5,88,301,51.63
1631052000,1796.1,1804.4,1783.1,1793.5,89,170,47.63
1631138400,1790.9,1803.4,1785.1,1800,81,180,46.73
1631224800,1796.2,1806,1788.2,1792.1,86,197,42.04
1631484000,1789.8,1800.2,1784.4,1794.4,128,166,45.73
1631570400,1794.8,1810.6,1780.6,1807.1,173,140,38.69
1631656800,1806.6,1808.5,1791.7,1794.8,158,163,43.63
1631743200,1795.5,1797.3,1745.5,1756.7,163,204,43.39
1631829600,1754.6,1767.8,1747.1,1751.4,120,161,43.66
1632088800,1754.2,1768.4,1742.3,1763.8,306,50,32.16
1632175200,1765.5,1782.8,1758.3,1778.2,147,92,33.74
1632261600,1775,1788.4,1764.6,1778.8,104,141,40.03
1632348000,1769.2,1777.1,1737.5,1749.8,86,225,48.76
1632434400,1743.7,1758,1740.2,1751.7,135,172,47.8
1632693600,1751.8,1760.9,1744.7,1752,139,237,53.05
1632780000,1750,1754.3,1727.8,1737.5,220,144,44.03
1632866400,1734,1746,1721.1,1722.9,253,116,42.29
1632952800,1726,1765,1721.8,1757,259,114,38.95
1633039200,1757.2,1765.2,1749.9,1758.4,240,165,44.99
1633298400,1762.6,1771.5,1747.7,1767.6,351,209,41.15
1633384800,1770.8,1771.1,1748.6,1760.9,300,206,43.25
1633471200,1760.5,1765.9,1745.4,1761.8,375,69,42.01
1633557600,1763.8,1767.7,1752,1759.2,134,219,47.61
1633644000,1757,1782.4,1753.6,1757.4,190,214,46.12
1633903200,1757.4,1761.1,1749.9,1755.7,227,237,45.06
1633989600,1753.6,1770,1750.5,1759.3,180,143,46.74
1634076000,1760.4,1797.4,1757.9,1794.7,111,142,48.67
1634162400,1793.6,1801.9,1787.6,1797.9,74,253,53.94
1634248800,1797.3,1797.7,1765.1,1768.3,88,337,53.79
1634508000,1767.5,1772.5,1760.3,1765.7,179,230,52.78
1634594400,1764.8,1786,1763.4,1770.5,107,207,55.05
1634680800,1769.4,1789.6,1767.1,1784.9,72,305,58.27
1634767200,1782.5,1790.3,1776.8,1781.9,83,319,57.64
1634853600,1783.7,1815.5,1783.4,1796.3,180,405,55.92
1635112800,1794.2,1811.5,1793,1806.8,115,451,58.59
1635199200,1808.7,1809.8,1783,1793.4,113,419,55.92
1635285600,1795,1801,1784.3,1798.8,184,197,48.39
1635372000,1798.7,1812.7,1793.1,1802.6,143,278,54.79
1635458400,1801.5,1802.9,1772.4,1783.9,135,336,53.12
1635717600,1785.3,1797.5,1780.2,1795.8,77,494,62.5
1635804000,1794.8,1797.8,1787.4,1789.4,97,468,60.93
1635890400,1789.2,1789.3,1758.5,1763.9,65,576,65.72
1635976800,1769.9,1800.3,1769.3,1793.5,70,586,63.37
1636063200,1792.6,1820.1,1785.3,1816.8,112,694,66.64
1636326000,1820.6,1828.3,1813.8,1828,77,592,68.3
1636412400,1826.9,1834.8,1821,1830.8,106,363,66.34
1636498800,1834.5,1870.6,1823,1848.3,176,260,62.74
1636585200,1851.5,1868.7,1845.1,1863.9,198,234,64.44
1636671600,1864.3,1871.4,1847.5,1868.5,145,324,64.36
1636930800,1872.6,1873,1858.5,1866.6,170,350,63.42
1637017200,1864.9,1879.5,1851,1854.1,260,390,61.75
1637103600,1851.6,1870.6,1851.1,1870.2,330,249,57.65
1637190000,1869.5,1873.3,1856.6,1861.4,537,274,54.02
1637276400,1860.8,1868.1,1844.2,1851.6,442,241,50.43
1637535600,1848.3,1850.4,1802.4,1806.3,691,330,49.95
1637622000,1807.1,1812.5,1781.7,1783.8,713,171,49.21
1637708400,1789.8,1796.2,1777.4,1784.3,370,128,49.54
1637794800,1789.6,1816.3,1778.6,1785.5,547,55,37.66
1638140400,1795.2,1801.5,1782,1785.2,471,91,36.01
1638226800,1786.9,1811.4,1771.2,1776.5,910,74,27.57
1638313200,1777.4,1795.7,1773.7,1784.3,812,93,22.59
1638399600,1783.8,1785.2,1762.2,1762.7,808,45,30.28
1638486000,1769.4,1788,1766,1783.9,956,43,25.8
1638745200,1787.7,1789,1776.4,1779.5,811,85,31.45
1638831600,1779.5,1789.3,1772.4,1784.7,98,131,37.49
1638918000,1785.1,1794.3,1780.1,1785.5,84,102,39.83
1639004400,1784.3,1788.4,1773.3,1776.7,153,85,33.05
1639090800,1776.3,1791,1770.4,1784.8,255,89,33.86
1639350000,1784.2,1792.8,1782.2,1788.3,465,121,28.56
1639436400,1787.6,1789.8,1766.1,1772.3,671,58,25.74
1639522800,1771.9,1781.3,1753,1764.5,886,107,29.27
1639609200,1777.9,1800.7,1775.7,1798.2,322,151,27.24
1639695600,1801.5,1815.7,1796.5,1804.9,616,88,26.67
1639954800,1800.2,1804.6,1789,1794.6,674,40,22.14
1640041200,1791.4,1801.7,1785,1788.7,243,75,29.84
1640127600,1789.4,1806.3,1785.8,1802.2,200,100,33.39
1640214000,1805.6,1812,1799,1811.7,151,151,37.38
1640559600,1810.2,1814.6,1803.6,1808.8,243,244,41.64
1640646000,1812.1,1821.6,1805.5,1810.9,395,295,41.42
1640732400,1806.6,1808,1789.1,1805.8,560,245,41.46
1640818800,1805.6,1818.1,1796.2,1814.1,246,247,41.4
1640905200,1817,1831.4,1815.4,1828.6,234,210,41.88
1641164400,1830.1,1833,1798.2,1800.1,117,183,48.13
1641250800,1801.1,1817.2,1798.1,1814.6,191,248,50.99
1641337200,1815.2,1830.7,1808.2,1825.1,524,218,42.42
1641423600,1810.6,1811.6,1785.4,1789.2,805,141,44.36
1641510000,1791,1798.4,1781.3,1797.4,446,185,41.91
1641769200,1796.4,1802,1789.3,1798.8,958,170,39.84
1641855600,1801.3,1823.1,1799.7,1818.5,238,142,43.41
1641942000,1821.3,1828.2,1814.4,1827.3,240,197,43
1642028400,1825.7,1828.3,1811.8,1821.4,541,221,42.3
1642114800,1822.1,1829.3,1814.2,1816.5,893,168,42.01
1642374000,1818.7,1822.9,1804.7,1812.4,1135,158,36.48
1642546800,1812.9,1843.9,1809,1843.2,1116,81,32.88
1642633200,1840.1,1848.5,1836.2,1842.6,960,55,27.43
1642719600,1840.6,1843.7,1828.4,1831.8,1861,26,22.2
1642978800,1835.2,1844.9,1829.3,1841.7,2574,25,24.47
1643065200,1843.6,1854.2,1834.4,1852.5,461,38,24.45
1643151600,1848,1850.2,1814.1,1829.7,574,71,22.56
1643238000,1819,1821.4,1790.6,1793.1,1301,51,20.26
1643324400,1799.6,1800.3,1780.6,1786.6,1722,31,22.88
1643583600,1792.8,1800.9,1785.8,1796.4,343,59,29.37
1643670000,1798.9,1809.7,1796.2,1801.5,170,125,33.38
1643756400,1800.8,1812,1794.6,1810.3,174,129,32.53
1643842800,1807.4,1809.5,1788.5,1804.1,387,86,28.52
1643929200,1805.4,1815.8,1792.1,1807.8,617,99,29.99
1644188400,1808,1824.6,1807.5,1821.8,439,95,32.44
1644274800,1821.5,1829.9,1816,1827.9,504,113,37.62
1644361200,1827,1837.1,1825.5,1836.6,293,146,42.47
1644447600,1834,1843.3,1821.8,1837.4,627,143,38.7
1644534000,1827,1867.4,1821.1,1842.1,745,119,35.59
1644793200,1862.2,1876.5,1851.9,1869.4,912,62,33.65
1644879600,1873.8,1881.6,1845.4,1856.2,383,81,42.65
1644966000,1855.5,1874.6,1851.8,1871.5,411,109,44.79
1645052400,1872,1904,1869.7,1902,486,59,37.8
1645138800,1901.4,1905,1888,1899.8,637,47,35.54
1645398000,1903.5,1918.3,1889.7,1907.4,1018,57,30.59
1645570800,1901.2,1912.9,1891.1,1910.4,1133,51,27.02
1645657200,1911.9,1976.5,1878.6,1926.3,2134,58,28.88
1645743600,1906.5,1925,1884.4,1887.6,210,90,38.7
1646002800,1921,1935.2,1892.2,1900.7,284,130,38.19
1646089200,1908.4,1952.6,1903,1943.8,354,171,32.38
1646175600,1945.3,1951.4,1916,1922.3,316,204,40.39
1646262000,1931.7,1944.6,1923.1,1935.9,438,157,38.17
1646348400,1938.5,1974.9,1931.5,1966.6,791,188,34.47
1646607600,1978.5,2007.5,1964.2,1995.9,1256,247,29.32
1646694000,2001,2078.8,1985.8,2043.3,1272,168,30.06
1646780400,2060.2,2068.5,1981,1988.2,261,56,36.06
1646866800,1992.8,2015.1,1975,2000.4,549,69,36.1
1646953200,2000.3,2004,1960.6,1985,789,111,33.13
1647208800,1988.7,1994.8,1952,1960.8,1678,66,29.91
1647295200,1953.7,1956.9,1908.1,1929.7,959,58,32.7
1647381600,1920.1,1930.1,1895.2,1909.2,434,79,41.53
1647468000,1928.4,1951,1924,1943.2,180,108,49.12
1647554400,1943.9,1946.2,1918,1929.3,143,120,54.01
1647813600,1922.4,1941.8,1917.2,1929.5,193,181,51.79
1647900000,1936.1,1939.5,1909.8,1921.5,206,161,56.57
1647986400,1920.9,1948.8,1915.6,1937.3,196,144,51.1
1648072800,1944.1,1967.2,1937.4,1962.2,211,173,55.8
1648159200,1957.8,1965.1,1942.6,1954.2,371,244,56
1648418400,1958.7,1959.8,1915.7,1939.8,307,139,55.98
1648504800,1922.4,1929.4,1888.3,1912.2,161,211,66.01
1648591200,1924,1943.4,1920.1,1939,113,194,59.25
1648677600,1937.3,1955,1923,1954,200,206,55.01
1648764000,1942.4,1944.5,1921.4,1923.7,208,183,57.95
1649023200,1927.1,1941.6,1918.2,1934,127,176,59.66
1649109600,1937.3,1948.9,1920.9,1927.5,275,195,52.4
1649196000,1927.6,1937.6,1916.2,1923.1,589,121,47.4
1649282400,1928.1,1941.7,1923.3,1937.8,544,142,45.42
1649368800,1934.3,1952.2,1930.4,1945.6,495,193,44.12
1649628000,1949.6,1974.6,1942.9,1948.2,743,129,40.35
1649714400,1957.4,1982.7,1953,1976.1,587,159,40.54
1649800800,1970.5,1985.8,1966.3,1984.7,470,193,45.81
1649887200,1981.6,1984,1962.7,1974.9,590,238,43.89
1650232800,1978.5,2003,1974.4,1986.4,852,247,41.63
1650319200,1981.2,1985.1,1945.5,1959,609,181,46.99
1650405600,1952.7,1960.9,1941,1955.6,314,276,49.06
1650492000,1960,1960.1,1938,1948.2,746,249,42.58
1650578400,1953.1,1957.8,1928,1934.3,1074,68,33.87
1650837600,1931.9,1935.5,1891.8,1896,1091,47,33.59
1650924000,1899.8,1912.2,1896.3,1904.1,1197,48,24.94
1651010400,1907.4,1908.1,1881.6,1888.7,1479,48,25.81
1651096800,1886.8,1897.8,1870.9,1891.3,1387,62,30.7
1651183200,1895.8,1921.3,1893.5,1911.7,886,58,23.92
1651442400,1896.2,1900.4,1853.4,1863.6,1389,39,23.62
1651528800,1863.6,1878.4,1849.7,1870.6,577,65,26.48
1651615200,1868.3,1892,1861.1,1868.8,852,88,35.67
1651701600,1884.1,1910.7,1872.3,1875.7,1031,75,25.17
1651788000,1877.5,1894,1865,1882.8,1723,52,22.81
1652047200,1883.7,1885.6,1851,1858.6,2807,35,16.24
1652133600,1853.9,1864.7,1834.5,1841,2304,25,14.44
1652220000,1836.6,1857.8,1830.6,1853.7,2378,29,12.13
1652306400,1852.3,1858.8,1820.1,1824.6,2773,15,12.7
1652392800,1821.4,1827.6,1797.2,1808.2,539,27,17.59
1652652000,1809.4,1826,1785,1814,545,53,17.89
1652738400,1823.9,1834.8,1811,1818.9,382,69,24.96
1652824800,1813.2,1822.9,1805,1815.9,711,39,17.71
1652911200,1815.1,1848.2,1808.4,1841.2,682,16,17.75
1652997600,1839.6,1847.8,1830.6,1842.1,847,27,17.44
1653256800,1844.4,1864.3,1843.3,1847.8,361,63,20.9
1653343200,1852.3,1869.1,1847.6,1865.4,801,46,19.66
1653429600,1865.4,1866.7,1838.7,1846.3,400,80,23.71
1653516000,1851.8,1852.8,1836.3,1847.6,207,114,30.19
1653602400,1855.1,1866.9,1851.9,1857.3,153,131,38.46
1653861600,1856.5,1867.9,1837.6,1848.4,148,158,36.37
1654034400,1840,1853,1830.2,1848.7,242,85,34.73
1654120800,1849.9,1874.4,1846.5,1871.4,180,94,43.5
1654207200,1872.6,1878.6,1849.7,1850.2,163,87,40.24
1654466400,1853.7,1861.2,1843,1843.7,262,149,42.05
1654552800,1843.5,1858.2,1838.5,1852.1,249,149,46.63
1654639200,1855,1862.4,1846.6,1856.5,180,137,42.14
1654725600,1855.1,1857.8,1841.9,1852.8,286,38,34.9
1654812000,1850.4,1879.6,1826.5,1875.5,708,29,26.77
1655071200,1879,1882.5,1819,1831.8,1935,26,15.25
1655157600,1820.9,1833.3,1806.1,1813.5,1877,19,15.51
1655244000,1809.7,1845.4,1808.4,1819.6,727,26,18.7
1655330400,1835.8,1860.2,1816.3,1849.9,2217,18,12.6
1655416800,1859.3,1861.5,1836.1,1840.6,1053,24,14.65
1655676000,1840.6,1848.4,1830.7,1838.8,387,45,18.66
1655848800,1834.9,1850.3,1824.5,1838.4,585,17,20.01
1655935200,1839.7,1848.9,1823.5,1829.8,568,41,23.86
1656021600,1824.2,1833.7,1817.7,1830.3,228,48,31.98
1656280800,1839.6,1842.8,1821.8,1824.8,218,43,32.99
1656367200,1823.6,1830.9,1819.1,1821.2,299,47,28.46
1656453600,1821.4,1834.9,1810.7,1817.5,555,24,26.13
1656540000,1819.2,1826.8,1802.5,1807.3,872,30,26.01
1656626400,1808.1,1813.6,1783.4,1801.5,539,29,31.36
1656885600,1814.4,1815.2,1763,1763.9,807,26,33.22
1657058400,1764.2,1771.5,1730.7,1736.5,412,39,32.6
1657144800,1737.2,1748.2,1734.7,1739.7,178,37,38.03
1657231200,1738.7,1751.7,1726,1742.3,145,37,38.67
1657490400,1741.5,1743,1729,1731.7,314,31,34.47
1657576800,1731.3,1742.2,1721.6,1724.8,379,31,33.63
1657663200,1723.6,1744.3,1704.5,1735.5,509,25,33.25
1657749600,1733.6,1734.8,1695,1705.8,825,21,30.81
1657836000,1708.2,1714.2,1696.6,1703.6,265,51,37.35
1658095200,1706.4,1722,1704.4,1710.2,186,47,37.12
1658181600,1707.2,1716.5,1702.6,1710.7,147,53,50.82
1658268000,1709.5,1712.7,1690.1,1700.2,103,60,56.88
1658354400,1693.7,1719.5,1678.4,1713.4,122,47,59.26
1658440800,1717.2,1738.3,1711.7,1727.4,147,60,54.69
1658700000,1726.3,1734.6,1712.9,1719.1,218,80,56.43
1658786400,1717.9,1726.4,1711.5,1717.7,243,76,51.76
1658872800,1715.2,1739.6,1709.1,1719.1,195,90,61.48
1658959200,1751.4,1774.4,1750.4,1769.2,173,128,65.42
1659045600,1773.1,1784.6,1768.4,1781.8,167,135,68.09
1659304800,1782.5,1792.5,1774.3,1787.7,173,119,67.44
1659391200,1789.2,1805,1776,1789.7,132,91,66.58
1659477600,1777.3,1789.4,1770,1776.4,95,78,70.05
1659564000,1782.1,1812,1779.4,1806.9,86,98,68.99
1659650400,1807.7,1811.6,1780.2,1791.2,113,95,69.21
1659909600,1790.3,1806.4,1786.9,1805.2,55,143,72.33
1659996000,1805.5,1817,1799.4,1812.3,157,75,68.8
1660082400,1811.5,1824.6,1803.3,1813.7,104,141,76
1660168800,1807.9,1814.9,1798.6,1807.2,74,145,78.09
1660255200,1805.2,1819.1,1799.6,1815.5,83,153,81.62
1660514400,1818.9,1818.9,1787.6,1798.1,73,157,80.99
1660600800,1795.5,1798,1785.4,1789.7,84,158,80.95
1660687200,1790.8,1796.6,1773.9,1776.7,113,86,77.39
1660773600,1777.1,1786.3,1768.8,1771.2,103,136,78.68
1660860000,1773.1,1773.3,1759.1,1762.9,175,73,73.53
1661119200,1760.6,1762.1,1740.2,1748.4,301,60,65.93
1661205600,1750,1767.5,1743.1,1761.2,247,93,66.86
1661292000,1761.3,1769.5,1754.8,1761.5,225,88,68.35
1661378400,1764.4,1778.8,1763,1771.4,134,96,73.22
1661464800,1771.8,1772.3,1746.2,1749.8,266,62,60.85
1661724000,1748.4,1757.9,1731.4,1749.7,380,55,56.03
1661810400,1749.8,1752.8,1732.9,1736.3,413,29,49.36
1661896800,1735.5,1738,1720.6,1726.2,401,34,44.96
1661983200,1723,1723,1699.1,1709.3,697,51,40.57
1662069600,1707.8,1729.5,1705.9,1722.6,327,61,37.53
1662328800,1724.2,1737.4,1710.6,1712.9,642,49,34.16
1662501600,1712.9,1731.2,1701.7,1727.8,445,47,41.83
1662588000,1729.5,1739.4,1713.7,1720.2,313,58,44.24
1662674400,1719.6,1740.5,1719.4,1728.6,133,86,52.12
1662933600,1728.4,1746.4,1722.3,1740.6,134,96,57.51
1663020000,1736,1742.9,1706.7,1717.4,325,49,38.76
1663106400,1711.6,1717.3,1703.3,1709.1,463,69,38.74
1663192800,1707.2,1707.8,1668.9,1677.3,447,38,36.67
1663279200,1673.7,1689.9,1661.9,1683.5,865,38,31.45
1663538400,1685.4,1688.8,1667.6,1678.2,744,56,33.37
1663624800,1684.9,1688.8,1668.1,1671.1,981,41,28.05
1663711200,1673.2,1696.9,1661.3,1675.7,1019,57,23.3
1663797600,1682.8,1693.5,1663.3,1681.1,1679,36,17.64
1663884000,1680.1,1685,1646.6,1655.6,2365,34,11.78
1664143200,1651,1657.2,1627.7,1633.4,2112,34,10.33
1664229600,1629.2,1650.1,1628.7,1636.2,1810,55,10.97
1664316000,1636.5,1671.6,1622.2,1670,648,43,15.59
1664402400,1669,1673.1,1649.3,1668.6,1577,25,11.97
1664488800,1669.5,1684.4,1667.5,1672,1058,42,11.76
1664748000,1670.5,1710.4,1666.5,1702,633,71,16.7
1664834400,1708.4,1738.7,1704,1730.5,242,92,26.57
1664920800,1734.4,1736.6,1708.8,1720.8,330,90,25.39
1665007200,1725.5,1734.2,1714.8,1720.8,331,72,25.28
1665093600,1721,1722.8,1698.4,1709.3,809,64,18.14
1665352800,1703.4,1707.4,1672.5,1675.2,1102,81,16.86
1665439200,1675.6,1691.3,1667.5,1686,1410,55,16.04
1665525600,1673.4,1685.1,1668,1677.5,1096,37,16.36
1665612000,1680.2,1688.9,1648.3,1677,1909,100,23.17
1665698400,1672.8,1677.8,1645.6,1648.9,580,88,18.33
1665957600,1649.9,1674.3,1649.1,1664,350,105,24.85
1666044000,1655.9,1666,1650.6,1655.8,279,113,29.92
1666130400,1657.2,1659.8,1632.2,1634.2,636,87,26.04
1666216800,1634.6,1650.3,1626.3,1636.8,802,104,23.85
1666303200,1632.4,1663.1,1621.1,1656.3,1012,106,32.17
1666562400,1662.9,1675.5,1648,1654.1,791,129,34.63
1666648800,1654.5,1666.8,1641.2,1658,311,174,43.85
1666735200,1657.7,1679.4,1653.8,1669.2,249,210,45.89
1666821600,1668.8,1674.8,1658.5,1665.6,320,185,47.38
1666908000,1667.2,1670.9,1640.7,1644.8,314,212,55.51
1667167200,1647.2,1648.5,1634.5,1640.7,286,230,55.03
1667253600,1636.1,1660.3,1633.6,1649.7,254,235,57.59
1667340000,1651.4,1673.1,1637.4,1650,397,182,46.85
1667426400,1639.1,1643.2,1618.3,1630.9,647,128,45.65
1667512800,1631.7,1686.4,1631.1,1676.6,582,179,52.31
1667775600,1678.6,1685.6,1670,1680.5,424,180,55.21
1667862000,1678,1720.4,1667.1,1716,403,182,56.21
1667948400,1715.2,1725.8,1705.1,1713.7,689,121,49.54
1668034800,1709.7,1760.6,1705.5,1753.7,271,210,67.4
1668121200,1758.3,1775.6,1750.3,1769.4,189,196,71.3
1668380400,1769.4,1778.4,1755.8,1776.9,140,135,67.88
1668466800,1774,1791.8,1770.2,1776.8,159,172,70.79
1668553200,1782,1788.2,1773.4,1775.8,225,123,67.02
1668639600,1777,1777.6,1756.6,1763,278,96,65.15
1668726000,1763.1,1769.9,1749.2,1754.4,235,141,66.69
1668985200,1752,1755,1733.9,1739.6,350,152,64.93
1669071600,1739.7,1751,1737.6,1739.9,334,210,67.83
1669158000,1740.8,1754.9,1719,1745.6,225,186,69.61
1669244400,1751,1761.2,1745.9,1754,134,152,70.48
1669590000,1755,1763.5,1738.2,1740.3,262,164,65.32
1669676400,1754.6,1773.4,1752.9,1763.7,265,126,66.8
1669762800,1763.4,1784.2,1758.2,1759.9,295,218,73.92
1669849200,1783.1,1818.4,1782.9,1815.2,135,236,73.26
1669935600,1817,1818.7,1791.8,1809.6,179,186,74.32
1670194800,1810.5,1822.9,1778.1,1781.3,233,169,65.95
1670281200,1780.8,1793.2,1779.1,1782.4,438,108,60.89
1670367600,1783.3,1803.2,1780.5,1798,443,107,57.86
1670454000,1799.5,1806.9,1793.2,1801.5,345,162,59.9
1670540400,1801.9,1819,1800.1,1810.7,327,115,56.52
1670799600,1808,1809.3,1789,1792.3,400,130,59.2
1670886000,1792.3,1836.9,1791.8,1825.5,318,211,60.48
1670972400,1822.6,1825.4,1806.2,1818.7,355,149,58.5
1671058800,1818.7,1819.7,1782,1787.8,527,119,48.97
1671145200,1786.9,1804.2,1783.9,1800.2,656,101,45.64
1671404400,1801.6,1808.6,1793.2,1797.7,735,120,38.72
1671490800,1796.8,1832.4,1793.7,1825.4,654,140,40.26
1671577200,1827.9,1833.8,1821.3,1825.4,410,133,46.06
1671663600,1823.8,1829.3,1792.7,1795.3,706,140,40.27
1671750000,1801,1812.2,1798.9,1804.2,376,122,42.11
1672095600,1808.2,1841.9,1808,1823.1,699,168,39.75
1672182000,1822.4,1822.8,1804.2,1815.8,729,166,32.8
1672268400,1812.3,1827.3,1811.2,1826,318,149,42.42
1672354800,1821.8,1832.4,1819.8,1826.2,263,155,39.9
1672700400,1831.8,1856.6,1831.3,1846.1,131,181,39.54
1672786800,1845.2,1871.3,1842,1859,78,169,45.42
1672873200,1861.2,1864.3,1829.9,1840.6,130,174,40.82
1672959600,1835.9,1875.2,1835.2,1869.7,125,210,52.13
1673218800,1872.8,1886.4,1869.3,1877.8,50,216,53.23
1673305200,1875.7,1885.2,1872,1876.5,48,165,58.34
1673391600,1881.3,1890.9,1870.9,1878.9,37,211,64.62
1673478000,1879.7,1906.5,1872.4,1898.8,40,234,70.88
1673564400,1898.8,1925.3,1895.1,1921.7,24,224,72.33
1673823600,1923.8,1931.8,1906.2,1909.9,31,265,72.27
1673996400,1911.1,1929.8,1898.6,1907,36,220,64.56
1674082800,1907,1936.9,1902,1923.9,54,114,60.1
1674169200,1933.7,1939,1922,1928.2,43,134,67.7
1674428400,1928.4,1936.7,1912.5,1928.6,47,199,71.11
1674514800,1932,1943.8,1918.2,1935.4,49,196,70.21
1674601200,1938.7,1949.5,1920.6,1942.6,52,162,71.56
1674687600,1948,1949.8,1918.4,1930,52,241,73.27
1674774000,1929.3,1935.4,1916.5,1929.4,48,242,74.47
1675033200,1944,1950.1,1936.2,1939.2,29,158,70.56
1675119600,1938.6,1946.9,1915.5,1945.3,35,244,77.02
1675206000,1944,1970.8,1936.1,1942.8,44,365,79.24
1675292400,1967.1,1975.2,1925.6,1930.8,29,400,81.09
1675378800,1926.3,1932.4,1874.5,1876.6,34,265,78.75
1675638000,1878,1894,1873.2,1879.5,45,150,76.33
1675724400,1880.3,1897.2,1877.5,1884.8,52,184,77.74
1675810800,1885.1,1898.9,1881.4,1890.7,59,163,74
1675897200,1888.3,1902.3,1870.2,1878.5,80,179,67.82
1675983600,1873.5,1883.5,1863.5,1874.5,101,106,69.31
1676242800,1876.7,1877.2,1860.8,1863.5,85,175,72.6
1676329200,1864.1,1881.6,1852.5,1865.4,99,184,70.47
1676415600,1865.1,1870.9,1839.3,1845.3,74,187,72.21
1676502000,1846.5,1854.9,1836.6,1851.8,79,172,69.36
1676588400,1845.7,1853.1,1827.7,1850.2,91,150,69.52
1676847600,1850.5,1856.4,1839,1842.5,173,90,56.44
1677020400,1843.7,1855,1831.9,1841.5,166,82,56.38
1677106800,1834.7,1841.2,1824.8,1826.8,165,140,58.01
1677193200,1829.7,1835.1,1815.5,1817.1,225,107,52.24
1677452400,1818,1827.3,1812,1824.9,132,176,52.41
1677538800,1823.9,1838.6,1810.8,1836.7,138,180,51.5
1677625200,1834,1852.5,1829.6,1845.4,183,187,50.35
1677711600,1843.8,1845.3,1835.9,1840.5,221,180,50.83
1677798000,1842.1,1864.4,1842,1854.6,90,224,55.98
1678057200,1861,1864.3,1850.6,1854.6,123,180,50.01
1678143600,1852.6,1856.9,1817.1,1820,210,125,44.27
1678230000,1818,1828.7,1813.4,1818.6,265,110,43.68
1678316400,1818,1839.4,1815.4,1834.6,425,122,34.06
1678402800,1835.1,1874.3,1830,1867.2,778,66,23.87
1678658400,1877.1,1919.5,1875.7,1916.5,988,45,21.12
1678744800,1919.4,1919.4,1899.8,1910.9,322,53,25.47
1678831200,1908.2,1942.5,1889.5,1931.3,711,39,20.53
1678917600,1922.8,1938,1911.5,1923,473,71,24.42
1679004000,1925.9,1993.7,1922.3,1973.5,554,51,20.35
1679263200,1989.7,2014.9,1970,1982.8,468,62,22.05
1679349600,1983.1,1988.7,1938.6,1941.1,187,89,24.65
1679436000,1943.5,1982.3,1936.5,1949.6,304,80,19.67
1679522400,1974,2006.1,1967.3,1995.9,534,91,20.23
1679608800,1996.1,2006.5,1977.7,1983.8,606,68,21.54
1679868000,1982.6,1984,1945,1953.8,190,96,22.97
1679954400,1957.8,1977.1,1949.9,1973.5,207,72,23.68
1680040800,1975.4,1976,1959.5,1966.9,171,109,27.22
1680127200,1982.7,2002.4,1971.6,1997.7,176,117,29.34
1680213600,1998,2005.5,1984.2,1986.2,167,162,35.65
1680472800,1990,2008,1965.9,2000.4,149,157,36.28
1680559200,2001.3,2043.4,1994,2038.2,272,129,30.9
1680645600,2038.2,2049.2,2026.1,2035.6,330,80,28.92
1680732000,2037.1,2037.7,2016.5,2026.4,223,90,29.33
1681077600,2008.6,2021.5,1996.5,2003.8,217,94,33.42
1681164000,2007,2022.5,2003.7,2019,147,126,36.88
1681250400,2019.1,2043.9,2015.7,2024.9,229,141,35.32
1681336800,2029.5,2063.4,2028.3,2055.3,188,146,39.89
1681423200,2054.7,2061.6,2006,2015.8,266,115,38.57
1681682400,2014.1,2028,1993.4,2007,217,137,41.56
1681768800,2007.9,2024.6,2003.3,2019.7,192,143,41.22
1681855200,2017.9,2020.3,1980.9,2007.3,174,120,41.24
1681941600,2007.7,2024.2,2002.2,2019.1,186,125,39.69
1682028000,2016.1,2016.8,1982.3,1990.5,254,119,39.76
1682287200,1992,2001.5,1984.4,1999.8,261,134,39.83
1682373600,1999.4,2014.5,1986.2,2004.5,503,81,31.86
1682460000,2007.7,2020.2,1993.7,1996,523,89,29.24
1682546400,1999.8,2013.3,1982,1999,287,93,35.03
1682632800,1997.2,2004.1,1984.4,1999.1,202,139,40.14
1682892000,2000.2,2015.4,1985.7,1992.2,238,183,40.68
1682978400,1990.5,2028.8,1986.9,2023.3,607,103,34.31
1683064800,2026.4,2050,2016,2037,392,160,35.76
1683151200,2054.7,2085.4,2038.5,2055.7,737,99,34.28
1683237600,2058,2061.3,2007,2024.8,186,153,41.66
1683496800,2024.6,2037.1,2022,2033.2,161,142,42.93
1683583200,2028.4,2045.1,2026.4,2042.9,266,139,41.74
1683669600,2041.6,2056,2028.3,2037.1,244,166,43.83
1683756000,2036.8,2047.6,2016.7,2020.5,310,120,41.42
1683842400,2020.5,2027.8,2005.7,2019.8,372,125,40.81
1684101600,2013.4,2027.5,2011.2,2022.7,230,118,45.39
1684188000,2021.3,2022.7,1989.1,1993,319,105,39.76
1684274400,1993,1997,1978.1,1984.9,234,141,46.95
1684360800,1985.6,1988.8,1954.4,1959.8,163,197,48.63
1684447200,1960.5,1987.4,1956.3,1981.6,154,178,47.57
1684706400,1979.4,1984.8,1970.7,1977.2,141,160,50.88
1684792800,1973.9,1980,1955.8,1974.5,120,118,49.34
1684879200,1977.3,1987.9,1958.4,1964.6,214,61,43.68
1684965600,1959.5,1965.4,1939,1943.7,348,105,39.8
1685052000,1941.7,1957.1,1936,1944.3,233,170,43.49
1685311200,1961.3,1981.9,1949.6,1977.1,231,180,41.79
1685484000,1977.5,1993.1,1971.8,1982.1,328,72,39.03
1685570400,1981.3,2000.7,1970.1,1995.5,211,110,42.59
1685656800,1994.6,2000.5,1963.7,1969.6,79,220,56.53
1685916000,1962.3,1980.4,1953.8,1974.3,105,176,52.2
1686002400,1978,1982.9,1970.3,1981.5,108,243,61.48
1686088800,1980,1986.5,1955.4,1958.4,74,311,66.39
1686175200,1956.2,1985.7,1955.2,1978.6,91,174,65.38
1686261600,1980.5,1987.8,1971,1977.2,98,191,62.3
1686520800,1975.6,1981.4,1963.1,1969.7,101,258,63.61
1686607200,1971.4,1985.9,1953,1958.6,85,374,67.54
1686693600,1957.2,1973.9,1952.5,1968.9,117,307,64.86
1686780000,1955.7,1972.8,1936.1,1970.7,116,292,67.45
1686866400,1970.3,1980.4,1965.4,1971.2,103,359,66.79
1687125600,1970.7,1971.8,1940.8,1947.7,129,156,62.94
1687298400,1948,1950.4,1929.3,1944.9,166,187,61.99
1687384800,1943.3,1945.1,1922,1923.7,175,123,57.63
1687471200,1923.5,1949,1919.5,1929.6,209,102,52.59
1687730400,1936.3,1943.4,1931.1,1933.8,215,117,53.75
1687816800,1932.7,1940.3,1919.8,1923.8,208,190,58.1
1687903200,1923.1,1926.1,1911.4,1922.2,169,194,57.94
1687989600,1916.5,1921.3,1900.6,1917.9,144,258,62.55
1688076000,1916.4,1930.8,1908.1,1929.4,99,395,64.15
1688335200,1927.8,1939.9,1917.7,1929.5,71,175,67.46
1688421600,1929.1,1942.9,1922.1,1927.1,86,117,62.8
1688594400,1922.4,1934,1908.5,1915.4,184,64,56.75
1688680800,1916.6,1941.1,1915.4,1932.5,93,119,61.21
1688940000,1930.7,1933.7,1918,1931,88,159,65.05
1689026400,1930.8,1944.5,1929.8,1937.1,62,288,68.86
1689112800,1938,1965.1,1937.5,1961.7,67,435,72.82
1689199200,1962.7,1968.5,1956.6,1963.8,62,443,75.42
1689285600,1965.2,1967.8,1954.7,1964.4,103,287,71.24
1689544800,1958.6,1963.6,1949,1956.4,113,364,72.4
1689631200,1958.3,1988.3,1958.1,1980.8,123,475,74.22
1689717600,1982.5,1984.6,1973.3,1980.8,82,433,75.7
1689804000,1980,1989.8,1967.7,1970.9,90,185,73.97
1689890400,1972.1,1975.9,1958.8,1966.6,80,194,73.97
1690149600,1963.6,1969.8,1955.3,1962.2,112,199,73.93
1690236000,1957,1967.1,1951.6,1963.7,126,246,72.79
1690322400,1966.3,1979.9,1963.2,1970.1,113,234,73.46
1690408800,1973.3,1982.6,1941.7,1945.7,131,309,68.49
1690495200,1985.3,2002,1983.9,1999.9,104,244,71.85
1690754400,1997.9,2010.9,1986.7,2009.2,79,297,74.57
1690840800,2004.2,2004.4,1978.3,1978.8,110,208,71.77
1690927200,1988.9,1992.2,1969.1,1975,165,117,65.27
1691013600,1970.8,1974.5,1964.5,1968.8,162,133,62.14
1691100000,1969.6,1984.2,1954.5,1976.1,158,181,60.21
1691359200,1977.6,1981.7,1966.1,1970,221,174,60.54
1691445600,1971.5,1972.8,1956.5,1959.9,275,129,57.4
1691532000,1959.3,1966.1,1947.2,1950.6,229,161,54.74
1691618400,1947.7,1963.5,1944.4,1948.9,217,153,53.65
1691704800,1944.9,1953.6,1942.7,1946.6,221,102,52.5
1691964000,1945.6,1948.2,1934.2,1944,275,105,50.59
1692050400,1939.4,1944.3,1927.5,1935.2,324,96,44.35
1692136800,1933.1,1938.2,1922,1928.3,401,91,40.14
1692223200,1922.4,1933.5,1914.2,1915.2,394,49,36.24
1692309600,1919.2,1926,1915.9,1916.5,364,50,36.7
1692568800,1918.4,1927.9,1913.6,1923,320,75,35.8
1692655200,1924,1933.2,1917.5,1926,350,80,33.02
1692741600,1926.8,1949.7,1926.2,1948.1,242,104,37.11
1692828000,1944.9,1951.3,1939.2,1947.1,382,114,32.79
1692914400,1944.9,1950.4,1931,1939.9,291,62,33.77
1693173600,1944,1954.2,1940.1,1946.8,208,121,37.17
1693260000,1948.1,1966.5,1941.7,1965.1,161,138,43.02
1693346400,1966,1977.1,1962.8,1973,114,183,43.67
1693432800,1970.2,1974.9,1965.5,1965.9,134,177,41.77
1693519200,1966.4,1980.2,1960.7,1967.1,126,218,45.44
1693778400,1966.7,1972.6,1950.6,1952.6,248,138,37.18
1693951200,1951.5,1954.5,1940,1944.2,284,88,33.87
1694037600,1942.2,1947.9,1940.3,1942.5,404,73,31.47
1694124000,1943.8,1954,1940.8,1942.7,346,95,31.69
1694383200,1943.3,1954.6,1939.5,1947.2,285,123,32.56
1694469600,1945.6,1947.5,1929.9,1935.1,297,130,32.17
1694556000,1935.2,1938.4,1927.2,1932.5,316,86,29.3
1694642400,1930.7,1934.5,1921.7,1932.8,255,118,35.11
1694728800,1932.5,1952.4,1931.2,1946.2,336,108,33.12
1694988000,1945.7,1955.7,1943.8,1953.4,384,101,30.72
1695074400,1955.3,1958.9,1950.9,1953.7,408,97,29.5
1695160800,1953,1968.9,1948.6,1967.1,359,106,27.34
1695247200,1952,1952.2,1933.1,1939.6,686,46,22.27
1695333600,1939.6,1949.1,1939.6,1945.6,569,63,22.06
1695592800,1944.7,1946.8,1933.8,1936.6,703,79,23.02
1695679200,1935.1,1935.5,1917.2,1919.8,689,60,19.04
1695765600,1918.8,1921.7,1890.3,1890.9,657,67,21.55
1695852000,1893.3,1896.8,1874.5,1878.6,538,85,23.79
1695938400,1882.3,1896.7,1862.3,1866.1,271,73,22.94
1696197600,1864.4,1864.7,1842.7,1847.2,696,36,19.26
1696284000,1844.9,1849.3,1830.9,1841.5,1053,31,15.46
1696370400,1838.7,1846.8,1831.6,1834.8,735,35,16.54
1696456800,1837.6,1843.5,1826.2,1831.8,586,36,17.47
1696543200,1834.3,1849,1823.5,1845.2,674,62,20.73
1696802400,1861,1877.3,1857.5,1864.3,430,70,23.77
1696888800,1875.4,1879.1,1866.1,1875.3,218,102,27.04
1696975200,1873.7,1890.9,1871.7,1887.3,271,89,28.87
1697061600,1888.1,1898.3,1880.6,1883,507,79,24.3
1697148000,1881.7,1946.2,1881.5,1941.5,524,52,23.01
1697407200,1941.3,1943,1921.2,1934.3,355,77,28.22
1697493600,1933.3,1944.5,1924.6,1935.7,347,93,32.84
1697580000,1936.7,1975.8,1935.9,1968.3,572,57,26.1
1697666400,1960.1,1990.2,1957,1980.5,834,36,22.41
1697752800,1988,2009.2,1983.7,1994.4,943,17,19.33
1698012000,1987.7,1994.3,1971,1987.8,1120,24,16.83
1698098400,1984.1,1992,1964.6,1986.1,557,38,19.87
1698184800,1982.7,1998.6,1973.6,1994.9,1032,36,17.58
1698271200,1991.2,2003.7,1981.6,1997.4,831,46,18.36
1698357600,1995,2019.7,1986.4,1998.5,986,47,15.59
1698616800,2013.5,2016.8,1999.7,2005.6,677,43,18.71
1698703200,2005.6,2017.7,1987.4,1994.3,446,38,21.53
1698789600,1993.3,2005.9,1978.2,1987.5,487,59,23.71
1698876000,1992,1999.2,1986.3,1993.5,223,114,35.69
1698962400,1993.5,2011.9,1989.3,1999.2,116,145,46.64
1699225200,1999.4,2000.1,1984.2,1988.6,144,84,42.5
1699311600,1984.8,1985.2,1962.8,1973.5,213,82,42.15
1699398000,1975.3,1977.5,1953.2,1957.8,279,92,40.11
1699484400,1955.5,1971.5,1948.3,1969.8,436,93,35.99
1699570800,1964.1,1965.6,1936.9,1937.7,475,109,40.4
1699830000,1943.4,1953.5,1935.6,1950.2,345,119,40.93
1699916400,1950.3,1975.3,1938.8,1966.5,192,255,59.57
1700002800,1966.9,1979.2,1958.8,1964.3,134,233,61.02
1700089200,1963,1991.1,1959,1987.3,163,96,56.7
1700175600,1984.2,1996.4,1981.1,1984.7,127,131,61.04
1700434800,1980.9,1987.8,1967.2,1980.3,139,207,63.25
1700521200,1980,2009.8,1979.9,2001.6,185,131,60.12
1700607600,2000.3,2008.3,1988.6,1992.8,160,213,62.69
1700694000,1991.2,2004.5,1990.9,2003,75,179,66.23
1701039600,2002.5,2018.9,2001.4,2012.4,169,191,64.32
1701126000,2014.3,2044.1,2011.5,2040,169,159,64.12
1701212400,2062,2072.7,2055.9,2067.1,147,243,66.29
1701298800,2065.4,2067.4,2051.2,2057.2,171,209,66.72
1701385200,2056.5,2095.7,2052.6,2089.7,121,347,73.95
1701644400,2094.4,2152.3,2038.4,2042.2,102,329,75.1
1701730800,2049,2059.6,2027.6,2036.3,125,222,71.71
1701817200,2037.8,2053.4,2035.3,2047.9,142,277,71.57
1701903600,2043.4,2057.2,2036.6,2046.4,170,159,72.95
1701990000,2045.7,2050.4,2010.6,2014.5,139,247,74.24
1702249200,2020,2023.7,1991.2,1993.7,192,316,73.71
1702335600,1997.8,2012.5,1992.3,1993.2,256,348,72.08
1702422000,1995.1,2043.3,1987.9,1997.3,214,604,78.45
1702508400,2043.2,2062.9,2039.1,2044.9,105,853,81.08
1702594800,2051.3,2059.6,2029.2,2035.7,128,443,79.21
1702854000,2033.3,2048,2029.5,2040.5,147,355,79.38
1702940400,2041.1,2061,2034.8,2052.1,172,647,83.33
1703026800,2053.8,2056.9,2040.6,2047.7,214,758,79.97
1703113200,2044.4,2058,2043.3,2051.3,211,619,83.01
1703199600,2061.2,2083,2058.2,2069.1,96,460,84.09
1703545200,2066,2080.5,2065.1,2069.8,77,600,85.24
1703631600,2079.3,2095.8,2072.8,2093.1,89,628,85.42
1703718000,2089.5,2098.2,2074.6,2083.5,74,388,85.53
1703804400,2076.1,2084.1,2067.6,2071.8,81,209,84.64
1704150000,2072.7,2088.1,2064.3,2073.4,78,152,83.41
1704236400,2067.9,2074.3,2038.3,2042.8,93,101,79.4
1704322800,2049.3,2058.1,2043.3,2050,107,141,78.06
1704409200,2051.4,2071.1,2030.8,2049.8,113,110,76.37
1704668400,2052.6,2053.3,2022.7,2033.5,126,168,79.17
1704754800,2034.5,2048.6,2031.9,2033,118,135,75.47
1704841200,2036,2046.2,2025.9,2027.8,142,179,74.94
1704927600,2029.4,2056.1,2017.3,2019.2,,,71.65
1705014000,2033.2,2067.3,2033.1,2051.6,122,238,70.7
1705273200,2053.4,2062.8,2027.6,2030.2,284,148,62.3
1705446000,2031.7,2036.1,2004.6,2006.5,345,105,57.14
1705532400,2009.1,2025.6,2007.7,2021.6,268,150,58.72
1705618800,2027.4,2041.9,2022.2,2029.3,283,312,61.81
1705878000,2031.8,2034.1,2017.4,2022.2,200,451,67.4
1705964400,2023.2,2039.3,2020.8,2025.8,107,236,66.09
1706050800,2030.7,2037.9,2011.7,2016,119,382,62.35
1706137200,2014.8,2025.6,2004,2017.8,163,258,65.56
1706223600,2021,2028.1,2015.6,2017.3,93,280,65.23
1706482800,2024.4,2037.2,2018.8,2025.4,128,385,68.86
1706569200,2051.5,2068,2047.1,2050.9,122,402,64.85
1706655600,2055.3,2074.6,2048.8,2067.4,172,301,52.63
1706742000,2057.9,2083.2,2046.4,2071.1,170,254,56.94
1706828400,2072,2074.7,2044.2,2053.7,227,323,52.68
1707087600,2057.9,2059.1,2030.8,2042.9,303,159,46.77
1707174000,2041.4,2055.3,2038.8,2051.4,168,197,50.53
1707260400,2052.6,2061.3,2046.4,2051.7,193,388,48.42
1707346800,2051,2053.8,2034.6,2047.9,150,385,51.11
1707433200,2049.7,2051.9,2034.3,2038.7,112,480,54.47
1707692400,2038.2,2041.8,2025.4,2033,70,609,59.71
1707778800,2033.7,2047.3,2002.8,2007.2,187,83,44.71
1707865200,2006.3,2008.8,1996.4,2004.3,123,211,51.22
1707951600,2004.8,2020.2,2001.8,2014.9,83,462,58.95
1708038000,2016.1,2027.2,2006.6,2024.1,87,419,55.37
1708297200,2027.7,2042.7,2023.9,2039.8,134,222,51.28
1708470000,2036.2,2043.5,2030.9,2034.3,151,157,50.44
1708556400,2036.5,2045.5,2029.3,2030.7,159,470,51.11
1708642800,2034.1,2053.2,2025.4,2049.4,180,523,51.79
1708902000,2044.2,2046.8,2034.1,2038.9,141,408,51.38
1708988400,2041.2,2049.1,2038.1,2044.1,95,423,54
1709074800,2039.7,2047.4,2033.4,2042.7,135,333,51.18
1709161200,2043.8,2059.4,2036,2054.7,115,504,53.46
1709247600,2052.8,2097.1,2047,2095.7,120,632,55.15
1709506800,2091.6,2128.4,2088.1,2126.3,150,614,54.65
1709593200,2123.3,2150.5,2118.5,2141.9,161,294,51.56
1709679600,2136.4,2160.7,2131.9,2158.2,155,433,52.97
1709766000,2156.7,2172.2,2151.7,2165.2,110,639,56.25
1709852400,2166.6,2203,2161.2,2185.5,101,629,56.85
1710108000,2187.6,2195.5,2180.9,2188.6,114,240,56.8
1710194400,2189.1,2190.8,2156.2,2166.1,155,311,55
1710280800,2163.6,2185.6,2161.3,2180.8,154,478,56.32
1710367200,2179.5,2181.3,2157,2167.5,263,227,50.22
1710453600,2166.2,2176.9,2158.7,2161.5,200,197,51.56
1710712800,2159.9,2167.2,2149.2,2164.3,180,249,49.83
1710799200,2164,2166.3,2150.2,2159.7,172,263,51.94
1710885600,2161.4,2192.2,2152.3,2161,136,499,58.4
1710972000,2190.2,2225.3,2168.2,2184.7,76,775,61.46
1711058400,2183.4,2188,2158.4,2160,122,361,56.38
1711317600,2166.6,2182.5,2164.4,2176.4,140,285,55.43
1711404000,2173,2200.6,2168.3,2177.2,162,257,54.72
1711490400,2200.5,2218.3,2193.7,2212.7,102,426,63.41
1711576800,2215.7,2256.9,2207.5,2238.4,67,643,66.1
1711922400,2259.2,2286.4,2249.1,2257.1,112,365,61.17
1712008800,2272.7,2301.9,2267.1,2281.8,182,164,54.19
1712095200,2301.7,2321.8,2285.7,2315,175,285,54.84
1712181600,2321,2325.3,2298.7,2308.5,128,394,52.12
1712268000,2309.5,2350,2286.2,2345.4,183,182,53.61
1712527200,2343.6,2372.5,2321.7,2351,109,248,55.74
1712613600,2358.1,2384.5,2355.7,2362.4,138,279,57.94
1712700000,2372.4,2378.1,2337.1,2348.4,244,73,45.68
1712786400,2351.7,2395.6,2343.1,2372.7,177,110,46.63
1712872800,2389.4,2448.8,2350.6,2374.1,283,113,37.42
1713132000,2369.4,2404.3,2340.2,2383,449,59,32.63
1713218400,2399.1,2414.8,2379.2,2407.8,505,38,29.88
1713304800,2398,2412,2370.7,2388.4,324,38,27.06
1713391200,2377.9,2408,2377.2,2398,309,36,26.75
1713477600,2394,2433.3,2386.8,2413.8,261,57,30.5
1713736800,2403.7,2404.3,2338.2,2346.4,241,68,34.59
1713823200,2342.3,2347.9,2304.6,2342.1,113,121,41.34
1713909600,2335.7,2350.9,2324.8,2338.4,155,110,40.59
1713996000,2327.4,2357.6,2316.4,2342.5,256,82,36.58
1714082400,2344.2,2364.4,2338,2347.2,119,139,39.84
1714341600,2347.6,2358.9,2331,2357.7,89,165,43.09
1714428000,2347,2347.6,2296.2,2302.9,164,115,34.63
1714514400,2298.2,2339.5,2291.7,2311,154,119,38.12
1714600800,2329.9,2336.1,2294.3,2309.6,135,154,43.95
1714687200,2313.5,2330.7,2285.2,2308.6,95,255,47.51
1714946400,2312.8,2341.9,2300.6,2331.2,79,318,52.59
1715032800,2334.8,2338.7,2318.2,2324.2,93,359,52.09
1715119200,2322,2329.6,2311.4,2322.3,121,233,51.88
1715205600,2316.5,2354.2,2312.9,2340.3,115,343,55.77
1715292000,2353.5,2385.3,2352,2375,131,374,54.3
1715551200,2369.1,2370.8,2337.6,2343,116,299,54.4
1715637600,2342.3,2365.2,2340.5,2359.9,95,318,58.67
1715724000,2362.9,2396.1,2357.1,2394.9,97,554,61.01
1715810400,2391.5,2402.7,2375.2,2385.5,83,382,60.63
1715896800,2381.4,2427.4,2377.8,2417.4,96,347,61.14
1716156000,2422.2,2454.2,2411.1,2438.5,140,468,59.81
1716242400,2431.5,2438.2,2408.5,2425.9,151,322,59
1716328800,2425.4,2430.5,2378,2392.9,164,238,55.83
1716415200,2383,2385.7,2328.1,2337.2,244,219,48.2
1716501600,2330.4,2349,2326.3,2334.5,166,194,51.28
1716760800,2338,2365.5,2333.8,2356.5,182,272,48.3
1716933600,2362.5,2363.7,2334.2,2341.2,248,104,41.83
1717020000,2361,2373.7,2343.3,2366.5,145,143,46.86
1717106400,2364.5,2381.2,2341.1,2345.8,142,206,51.66
1717365600,2348,2375.5,2334.8,2369.3,166,231,49.82
1717452000,2371.3,2373.1,2335.1,2347.4,218,120,44.65
1717538400,2347.1,2377.6,2345.3,2375.5,178,218,48.28
1717624800,2375.3,2397.8,2372.2,2390.9,159,216,46.95
1717711200,2395.7,2406.7,2304.2,2325,234,127,42.2
1717970400,2311,2331.3,2304.5,2327,245,160,42.28
1718056800,2329.5,2337.3,2314.5,2326.6,208,151,41.03
1718143200,2334,2358.8,2327.2,2354.8,123,390,46.64
1718229600,2340.9,2342.4,2310.9,2318,221,184,42.24
1718316000,2319.6,2352.3,2316.7,2349.1,325,102,36.46
1718575200,2348.5,2348.7,2324.3,2329,,,38.62
1718661600,2333.7,2348.2,2320.2,2346.9,302,228,37.88
1718748000,2344.2,2379.5,2338.5,2369,334,210,38.69
1718920800,2373.8,2382.6,2329.2,2331.2,246,85,39.2
1719180000,2333.5,2347.5,2329.5,2344.4,181,163,42.8
1719266400,2346.8,2349.7,2327.1,2330.8,266,129,38.4
1719352800,2331.8,2335.8,2304.7,2313.2,254,121,37.78
1719439200,2309.4,2342,2306.8,2336.6,179,154,42.06
1719525600,2338.6,2350.6,2329.7,2339.6,206,243,44.65
1719784800,2336.2,2348.8,2328.2,2338.9,235,139,40.21
1719871200,2341.6,2346.1,2327.4,2333.4,288,134,41.36
1719957600,2338.6,2374.5,2335.7,2369.4,141,233,42.59
1720044000,2365.8,2401.5,2356,2397.7,232,283,39.3
1720389600,2396.2,2399.3,2358.3,2363.5,181,291,41.2
1720476000,2366.5,2378.3,2356,2367.9,250,244,40.81
1720562400,2371,2393.4,2369.7,2379.7,199,318,45.55
1720648800,2377.4,2430.4,2376.8,2421.9,79,561,58.54
1720735200,2421,2423.2,2396.1,2420.7,55,625,63.29
1720994400,2419.3,2445,2406.1,2428.9,53,662,65.96
1721080800,2427.1,2474.5,2424.5,2467.8,40,912,74.41
1721167200,2473.2,2488.4,2455.5,2459.9,47,670,72.61
1721253600,2462.5,2478.5,2442.9,2456.4,85,472,66.74
1721340000,2448,2448.4,2395.7,2399.1,135,110,63.37
1721599200,2403.7,2414.4,2385.2,2394.7,123,205,68.61
1721685600,2398,2413.5,2389.2,2407.3,112,447,69.19
1721772000,2410.7,2433,2397,2415.7,157,279,61.58
1721858400,2398.1,2400.8,2351.9,2353.5,145,386,64.31
1721944800,2363.8,2389.7,2354.6,2381,93,454,69.42
1722204000,2386.9,2402.1,2367.3,2377.8,113,337,67.5
1722290400,2429,2458.3,2421.5,2451.9,173,398,67.33
1722376800,2455.6,2496.6,2449.2,2473,129,650,69.69
1722463200,2493.4,2506.6,2474,2480.8,235,307,60.52
1722549600,2490.8,2522.5,2453.1,2469.8,471,270,48.71
1722808800,2490.3,2500.8,2403.8,2444.4,860,128,35.5
1722895200,2451.7,2459.5,2421.8,2431.6,209,92,39.36
1722981600,2432.6,2447.3,2418.8,2432.4,265,154,36.6
1723068000,2422.8,2467.9,2420.2,2463.3,257,90,44.92
1723154400,2467.3,2476.5,2456.1,2473.4,219,109,44.66
1723413600,2470.1,2513.4,2462.7,2504,271,123,41.39
1723500000,2512.6,2517.3,2498.2,2507.8,182,162,48.23
1723586400,2506.3,2519.7,2476.2,2479.7,201,216,47.54
1723672800,2486.2,2508,2469.2,2492.4,122,253,55.12
1723759200,2494.4,2548.3,2488.2,2537.8,111,259,56.63
1724018400,2549.7,2549.9,2523.7,2541.3,89,343,60.64
1724104800,2542.4,2570.4,2535.1,2550.6,106,296,57.1
1724191200,2552.2,2558,2528.2,2547.5,91,349,61.24
1724277600,2549.9,2551.4,2506.4,2516.7,101,293,57.18
1724364000,2521.1,2554.5,2519.8,2546.3,69,568,67.07
1724623200,2545.1,2563.2,2544,2555.2,69,631,67.29
1724709600,2553.8,2561.4,2538.5,2552.9,84,261,64.97
1724796000,2559.8,2564.3,2527.8,2537.8,163,344,62.22
1724882400,2539.2,2562.2,2536.5,2560.3,119,392,64.46
1724968800,2553.6,2560.1,2526.6,2527.6,109,435,66.11
1725228000,2536,2539.5,2504.4,2523,226,285,54.91
1725400800,2524.6,2531.5,2502.7,2526,232,308,53.58
1725487200,2526.4,2554,2523.7,2543.1,226,331,51.75
1725573600,2547.1,2559.8,2513.9,2524.6,339,258,44.24
1725832800,2526.5,2536.5,2514.2,2532.7,277,255,45.83
1725919200,2536,2547.5,2528.9,2543.1,294,366,45.28
1726005600,2545.7,2558,2529,2542.4,257,315,45.24
1726092000,2540.6,2588.5,2538.7,2580.6,125,412,49.09
1726178400,2587.5,2614.6,2585,2610.7,74,635,57.23
1726437600,2608,2617.4,2602.5,2608.9,116,754,58.54
1726524000,2609.8,2613.7,2587.3,2592.4,84,716,60.79
1726610400,2596,2627.2,2572.5,2598.6,90,733,59.38
1726696800,2585.1,2620.5,2575.3,2614.6,116,807,67.1
1726783200,2611.2,2651,2608.7,2646.2,152,428,62.71
1727042400,2646.2,2659.8,2638.6,2652.5,154,473,60.88
1727128800,2653.3,2689.4,2647.1,2677,131,547,61.31
1727215200,2682.8,2694.9,2673.4,2684.7,141,378,56.74
1727301600,2681.2,2708.7,2677.5,2694.9,158,554,62.35
1727388000,2695.1,2696.9,2665.3,2668.1,85,447,64.38
1727647200,2680.5,2687.7,2646.2,2659.4,119,352,65.24
1727733600,2656.1,2694.7,2653.8,2690.3,178,315,57.67
1727820000,2684.6,2684.8,2662.1,2669.7,174,259,57.01
1727906400,2679.9,2683.4,2657.8,2679.2,151,211,53.72
1727992800,2675.7,2690.6,2651.6,2667.8,117,343,59.62
1728252000,2671.7,2679.2,2657.3,2666,169,276,54.41
1728338400,2662.8,2672.4,2623.4,2635.4,166,201,53.96
1728424800,2640.7,2642.9,2622.8,2626,175,340,55.54
1728511200,2625.8,2648.9,2618.8,2639.3,211,189,54.39
1728597600,2647.4,2679,2645.3,2676.3,112,483,63.76
1728856800,2673.1,2684.2,2660,2665.6,104,562,65.74
1728943200,2663.5,2685.9,2654.4,2678.9,120,588,64.96
1729029600,2679.5,2702.5,2674.9,2691.3,70,556,69.65
1729116000,2690.4,2712.7,2688.2,2707.5,86,522,68.21
1729202400,2707.8,2737.8,2707.3,2730,67,450,68.48
1729461600,2736.3,2755.4,2728.5,2738.9,96,278,60.23
1729548000,2734.7,2763.3,2733.5,2759.8,105,185,57.88
1729634400,2762.6,2772.6,2722.1,2729.4,160,150,53.91
1729720800,2729.2,2756.3,2728.7,2748.9,155,205,54.12
1729807200,2748.6,2760.9,2729.1,2754.6,131,218,50.97
1730066400,2749.2,2758.3,2736.9,2755.9,113,217,57.49
1730152800,2754.3,2787.7,2752,2781.1,149,210,55.97
1730239200,2786.9,2801.8,2782.4,2800.8,163,290,54.92
1730325600,2799.1,2801.2,2741.8,2749.3,260,153,47.07
1730412000,2754,2772.4,2742.6,2749.2,224,133,48.14
1730674800,2743.5,2757.5,2739.4,2746.2,188,142,49.21
1730761200,2746,2759.5,2733.4,2749.7,168,265,56.6
1730847600,2752.6,2758.8,2660.7,2676.3,212,1143,67.76
1730934000,2667.7,2718.3,2650.3,2705.8,124,676,68.03
1731020400,2713.6,2717.8,2687.3,2694.8,169,699,67.28
1731279600,2692.1,2693.4,2617.1,2617.7,146,1009,67.78
1731366000,2625.7,2633.4,2595.7,2606.3,210,445,63.54
1731452400,2604.7,2625,2578.1,2586.5,270,464,61.24
1731538800,2578.1,2585.8,2541.5,2572.9,278,225,58.22
1731625200,2570.4,2580.8,2558.9,2570.1,376,128,53.7
1731884400,2571.5,2619.5,2568.5,2614.6,346,193,54.31
1731970800,2616.3,2643.4,2614.2,2631,319,197,54.11
1732057200,2635.8,2659,2621.9,2651.7,253,248,54.59
1732143600,2653.5,2676.5,2651.6,2674.9,226,449,58.65
1732230000,2672,2718.5,2670.1,2712.2,122,577,62.2
1732489200,2716.9,2723.2,2616.6,2618.5,101,1017,66.16
1732575600,2626.2,2642.7,2605.3,2621.3,152,781,64.26
1732662000,2658.3,2683.4,2652.2,2664.8,116,435,65.02
1732748400,2660.6,2690.5,2644.1,2681,80,390,66.36
1733094000,2673.8,2678.5,2644.5,2658.5,125,374,66.96
1733180400,2662,2678.4,2656.6,2667.9,119,343,64.49
1733266800,2665.8,2682,2654.2,2676.2,189,501,64.61
1733353200,2674.2,2680,2646.3,2648.4,183,423,61.43
1733439600,2655,2667.9,2635.6,2659.6,181,377,61.45
1733698800,2665,2700,2649.7,2685.8,96,365,62.7
1733785200,2684.4,2721.7,2680.7,2718.4,131,199,60.43
1733871600,2721.2,2759.7,2719.1,2756.7,192,326,60.85
1733958000,2753.6,2761.3,2696.7,2709.4,246,193,57.36
1734044400,2704.9,2716.4,2663.3,2675.8,354,167,53.93
1734303600,2668,2683.4,2661.4,2670,388,298,53.15
1734390000,2670.2,2675.8,2646.1,2662,410,173,48.77
1734476400,2663.3,2667.6,2598.1,2653.3,552,172,30.78
1734562800,2600.6,2640.9,2596.7,2608.1,610,64,30.16
1734649200,2609.7,2653.8,2603.7,2645.1,450,105,33.06
1734908400,2639.1,2646.8,2623.2,2628.2,302,97,32.76
1734994800,2629.4,2635.8,2624.2,2635.5,194,98,36.06
1735167600,2638,2655.7,2634.1,2653.9,155,152,39.19
1735254000,2653.7,2654.6,2625.2,2631.9,214,122,35.1
1735513200,2636.1,2640.7,2608.4,2618.1,341,137,32.05
1735599600,2620,2642,2614.3,2641,168,99,32.77
1735772400,2641,2674.2,2636.1,2669,105,117,33.86
1735858800,2671.1,2681,2649.7,2654.7,99,131,38.06
1736118000,2652.8,2663.8,2624.6,2647.4,86,217,37.72
1736204400,2647.1,2678.5,2643.5,2665.4,147,142,36.15
1736290800,2662.9,2687,2658.4,2672.4,275,82,34.01
1736377200,2679.9,2696.8,2673.7,2690.8,,,
1736463600,2692.9,2735,2686.9,2715,523,97,28.07
1736722800,2716.8,2723.8,2675.2,2678.6,592,59,27.37
1736809200,2682,2693.7,2672,2682.3,220,100,30.87
1736895600,2693.3,2722.7,2685.4,2717.8,114,167,36.88
1736982000,2722.3,2757.9,2720.4,2750.9,139,163,38.98
1737068400,2746.8,2759.2,2729.2,2748.7,93,205,40.97
1737327600,2739.6,2762,2715.6,2759.2,113,331,47.82
1737500400,2758.7,2774.4,2756.2,2770.9,129,329,45.73
1737586800,2765.9,2767.1,2741,2765,153,233,48.33
1737673200,2761.8,2794.8,2761,2778.9,81,307,48.94
1737932400,2778.1,2778.1,2732,2738.4,163,173,48.19
1738018800,2742.4,2774,2737.4,2767.5,189,240,48.04
1738105200,2771.6,2778.1,2761,2769.8,164,205,46.98
1738191600,2796.2,2853.2,2794.9,2845.2,145,301,51.71
1738278000,2851.9,2862.9,2826,2835,132,215,47.52
1738537200,2846.5,2872,2802.2,2857.1,344,104,41.77
1738623600,2850.4,2877.1,2837.4,2875.8,170,170,47.16
1738710000,2873.7,2906,2870.1,2893,133,261,51.35
1738796400,2885,2894.2,2855,2876.7,147,289,51.54
1738882800,2880.2,2910.6,2876.1,2887.6,250,242,46.75
1739142000,2884.8,2938.1,2879.9,2934.4,260,250,49
1739228400,2937,2968.5,2907,2932.6,285,167,49.68
1739314800,2927,2936.5,2886.5,2928.7,298,183,45.22
1739401200,2928.8,2958.8,2925.8,2945.4,165,314,51.01
1739487600,2957.3,2964.1,2889.9,2900.7,137,342,51.37
1739746800,2895.1,2956.5,2887.6,2949,179,343,53.42
1739919600,2954.1,2964.4,2933.7,2936.1,185,233,52.15
1740006000,2949.5,2973.4,2939.3,2956.1,189,152,49.18
1740092400,2955.7,2964.7,2930.1,2953.2,234,159,41.57
1740351600,2950.4,2974,2936.8,2963.2,356,99,39.66
1740438000,2968.5,2970.4,2897,2918.8,457,116,39.92
1740524400,2929,2942,2903.3,2930.6,289,114,40.56
1740610800,2931.4,2935.8,2879,2895.9,438,84,37.3
1740697200,2889,2896.1,2844.1,2848.5,558,125,40.53
1740956400,2872,2906.4,2866.3,2901.1,582,148,33.47
1741042800,2904.2,2939.8,2892.5,2920.6,293,25,29.13
1741129200,2929,2941.3,2903.4,2926,268,103,32.75
1741215600,2929.5,2935.9,2897.6,2926.6,268,71,29.6
1741302000,2919.2,2938.8,2905.3,2914.1,297,85,31.35
1741557600,2919.6,2926.4,2885.2,2899.4,492,77,25.21
1741644000,2893.2,2929,2882.5,2920.9,598,55,24.25
1741730400,2922.3,2948.9,2911,2946.8,0,0,24.04
1741816800,2943.3,3001.5,2942.2,2991.3,558,60,21.82
1741903200,3001.4,3017.1,2988.6,3001.1,235,82,26.86
1742162400,2994.8,3010.9,2991.4,3006.1,141,157,30.45
1742248800,3009.4,3047.5,3008.2,3040.8,225,162,29.56
1742335200,3041.4,3061.6,3031.3,3041.2,242,181,32.61
1742421600,3058,3065.2,3032.8,3043.8,150,84,31.35
1742508000,3052.6,3055,3004.1,3021.4,279,77,28.91
1742767200,3027.6,3038.4,3007.7,3015.6,2,1,33.8
1742853600,3017.5,3042.4,3010.8,3025.9,213,121,32.05
1742940000,3025.8,3036.1,3017.8,3022.5,290,103,30.93
1743026400,3025.6,3071.3,3022.3,3061,315,98,31.27
1743112800,3099.3,3124.4,3096.3,3114.3,563,96,26.18
1743372000,3118.8,3162,3112.4,3150.3,988,102,24.77
1743458400,3157.3,3177,3130.5,3146,613,80,25.69
1743544800,3147.5,3201.6,3135.7,3166.2,403,80,28.5
1743631200,3196.6,3196.6,3073.5,3121.7,1425,106,19.3
1743717600,3138,3160.2,3032.7,3035.4,2578,50,9.26
1743976800,3055.1,3084.4,2970.4,2973.6,2855,33,7.1
1744063200,2997.5,3037.9,2988.6,2990.2,1400,27,5.5
1744149600,2998.3,3118.5,2983.3,3079.4,1601,30,12.51
1744236000,3099.1,3195,3086.1,3177.5,307,45,10.55
1744322400,3194.2,3263,3193.4,3244.6,445,53,14.06
1744581600,3246,3261.6,3208.7,3226.3,144,69,17.67
1744668000,3226.1,3250.9,3225.5,3240.4,129,73,17.91
1744754400,3248.4,3358.4,3245.2,3346.4,250,82,16.96
1744840800,3357.5,3371.9,3296.4,3328.4,177,53,19.22
1745186400,3347,3442.3,3344,3425.3,307,67,15.77
1745272800,3435.1,3509.9,3379.1,3419.4,92,77,21.99
1745359200,3367.7,3396,3270.8,3294.1,48,94,26.1
1745445600,3301.8,3377,3301.3,3348.6,74,86,31.83
1745532000,3362,3384.1,3274.8,3298.4,69,94,32.11
1745791200,3336.5,3363.8,3278,3347.7,72,118,34.5
1745877600,3354.9,3359.3,3309.2,3333.6,78,115,37.78
1745964000,3324.5,3337.6,3275.6,3319.1,136,104,38.2
1746050400,3299,3300.6,3209.4,3222.2,97,111,40.41
1746136800,3247.6,3277,3229.5,3243.3,80,161,51.13
1746396000,3247.1,3346.7,3243.1,3322.3,102,155,48.5
1746482400,3345.7,3444.5,3332.1,3422.8,161,91,45.95
1746568800,3448.1,3448.2,3367,3391.9,170,135,47.89
1746655200,3373.1,3422,3293.3,3306,145,165,55.82
1746741600,3310.2,3352.7,3278.9,3344,129,142,56.2
1747000800,3281,3295.5,3211.2,3228,78,243,67.72
1747087200,3240.7,3270.4,3220.1,3247.8,138,245,68.65
1747173600,3254.1,3261.3,3170.7,3188.3,152,189,64.75
1747260000,3180.8,3244.3,3123.3,3226.6,138,176,68.26
1747346400,3243.5,3255.8,3156.4,3187.2,98,218,71.39
1747605600,3220,3252.9,3209.1,3233.5,93,211,71.1
1747692000,3233,3298.5,3207.4,3284.6,74,236,70.95
1747778400,3293,3327.2,3287,3313.5,187,184,61.34
1747864800,3318,3346.8,3277.8,3295,193,115,60.48
1747951200,3295.1,3366.5,3285.5,3365.8,163,122,58.11
1748210400,3355.6,3356,3283,3300.4,80,267,67.33
1748383200,3300.9,3324.5,3273.5,3294.9,106,163,63.23
1748469600,3311.8,3356.3,3269.1,3343.9,110,144,66.62
1748556000,3343.2,3347,3294.8,3315.4,147,133,64.63
1748815200,3323,3408.1,3319.4,3397.2,155,272,64.39
1748901600,3406.5,3417.8,3357.2,3377.1,99,269,69.11
1748988000,3377.8,3409.7,3366.9,3399.2,57,271,68.2
1749074400,3398,3427.7,3362.3,3375.1,73,250,68.12
1749160800,3377.4,3398.3,3328.8,3346.6,52,246,73.71
1749420000,3333.4,3359,3313.1,3354.9,72,274,75.32
1749506400,3346.3,3370.4,3321.3,3343.4,64,205,77.89
1749592800,3344.3,3382.3,3335.4,3343.7,67,255,76.12
1749679200,3377.5,3419.8,3358.5,3402.4,91,221,75.28
1749765600,3406.7,3468,3399.6,3452.8,200,127,66.17
1750024800,3473,3476.3,3400.9,3417.3,172,258,68.76
1750111200,3404.2,3422.7,3384.4,3406.9,181,140,63.12
1750197600,3409,3419,3380.1,3408.1,144,187,63.36
1750284000,3387.1,3405.2,3356.2,3385.7,155,208,61.2
1750629600,3400.7,3413.8,3361.4,3395,189,199,66.02
1750716000,3383.8,3385,3308.3,3333.9,94,317,70.56
1750802400,3338.1,3351.3,3325.5,3343.1,117,244,64.66
1750888800,3347.5,3363.9,3322.5,3348,114,318,68.94
1750975200,3341.3,3341.4,3266.5,3287.6,109,350,68.76
1751234400,3284.3,3321.6,3250.5,3307.7,129,382,68.28
1751320800,3315.7,3370.5,3313.7,3349.8,97,322,72.2
1751407200,3350,3371,3337.2,3359.7,75,315,73.85
1751493600,3369,3376.9,3321.4,3342.9,38,500,75.72
1751580000,3344.5,3352.9,3304.4,3342.8,73,264,71.22
1751925600,3348.9,3355.6,3295.4,3316.9,57,223,72.8
1752012000,3310.6,3325.6,3290.2,3321,58,249,74.21
1752098400,3322.2,3339.4,3319.2,3325.7,51,324,74.81
1752184800,3333.1,3381.6,3332.3,3364,68,178,70.47
1752444000,3376.5,3389.3,3348.5,3359.1,103,247,71.26
1752530400,3352,3375.4,3327.3,3336.7,120,280,62.83
1752616800,3330.5,3385.8,3326.1,3359.1,118,176,65.93
1752703200,3354.7,3358.2,3314.3,3345.3,62,350,68.06
1752789600,3347.5,3368,3337.2,3358.3,94,372,65.32
1753048800,3355.6,3416.9,3351,3406.4,103,380,64.39
1753135200,3410.7,3447.5,3394.9,3443.7,57,221,69.94
1753221600,3444.3,3451.7,3390.6,3397.6,43,449,74.69
1753308000,3398.6,3401.1,3355.2,3373.5,80,350,69.24
1753394400,3372.1,3376.6,3325.5,3335.6,93,294,69.5
1753653600,3321.1,3345.4,3300,3310,85,289,66.85
1753740000,3313.4,3332.3,3305.8,3324,127,290,62.72
1753826400,3383.1,3389.3,3319.2,3352.8,156,204,56.82
1753912800,3327.5,3366.7,3324.4,3348.6,227,284,51.5
1753999200,3342.7,3416.9,3331.4,3399.8,326,80,43.06
1754258400,3416.6,3439.5,3397.9,3426.4,125,188,50.2
1754344800,3428.9,3444.9,3403.3,3434.7,135,201,52.19
1754431200,3434.9,3440.5,3411.7,3433.4,170,189,50.8
1754517600,3431.8,3483.8,3430,3453.7,181,285,48.87
1754604000,3487.9,3534.1,3445,3491.3,183,273,49.63
1754863200,3458.1,3466.3,3393,3404.7,205,234,48.54
1754949600,3393.6,3410.8,3379.1,3399,143,437,57.45
1755036000,3399.6,3422.6,3392.7,3408.3,101,646,63.18
1755122400,3407.2,3423.8,3375.5,3383.2,111,239,59.34
1755208800,3383.2,3394.8,3377.7,3382.6,118,246,56.6
1755468000,3382.4,3403.6,3368,3378,96,214,57.1
1755554400,3378.3,3389.7,3358.1,3358.7,122,187,55.68
1755640800,3359,3394.3,3353.4,3388.5,174,143,55.47
1755727200,3392.2,3394.4,3367.4,3381.6,137,133,55.47
1755813600,3383.3,3423.4,3362.8,3418.5,57,571,67.81
1756072800,3417.6,3421.5,3405.5,3417.5,64,300,64.14
1756159200,3410.8,3443.3,3396.1,3433,79,311,64.55
1756245600,3443,3452.5,3422.2,3448.6,48,363,66.08
1756332000,3452.6,3478.7,3442.5,3474.3,72,409,65.62
1756418400,3477.2,3518.5,3463,3516.1,78,257,64.82
1756677600,3517.9,3602.4,3506,3592.2,142,210,60.58
1756850400,3600,3640.1,3592.4,3635.5,135,243,60.09
1756936800,3619.8,3621.6,3573.7,3606.7,174,267,62.37
1757023200,3602,3655.5,3595.4,3653.3,138,514,63.2
1757282400,3635,3685.7,3621.7,3677.4,134,464,62.66
1757368800,3676.6,3715.2,3663.7,3682.2,95,378,60.83
1757455200,3662,3697.5,3651.4,3682,116,504,58.96
1757541600,3680.6,3687.5,3651,3673.6,80,698,65.26
1757628000,3672.8,3695.5,3667.3,3686.4,85,414,61.54
1757887200,3680.2,3724.9,3662.8,3719,121,591,60.74
1757973600,3720.3,3739.9,3711.8,3725.1,106,462,59.58
1758060000,3727.3,3744,3679.5,3717.8,85,504,59.85
1758146400,3692.5,3707.3,3660.5,3678.3,93,567,65.65
1758232800,3677.7,3719.6,3664.4,3705.8,124,545,61.96
1758492000,3721.3,3783.3,3718.1,3775.1,127,550,61.67
1758578400,3781.2,3824.6,3772.4,3815.7,114,625,61.46
1758664800,3796.9,3812.6,3749.7,3768.1,123,256,59.98
1758751200,3768.3,3792.3,3751.9,3771.1,202,141,55.31
1758837600,3781.5,3814.4,3764,3809,111,223,59.07
1759096800,3788.8,3863.7,3785.5,3855.2,142,364,56.53
1759183200,3863.1,3899.2,3820.6,3873.2,153,318,55.69
1759269600,3887.7,3922.7,3880.3,3897.5,143,495,55.45
1759356000,3892.7,3923.3,3842.8,3868.1,140,534,55.17
1759442400,3880.4,3916.8,3861.1,3908.9,62,610,58.53
1759701600,3913.5,3994.5,3909.2,3976.3,118,714,58.15
1759788000,3983,4014.6,3963.4,4004.4,141,420,53.51
1759874400,4007.1,4081,4005.6,4070.5,125,481,56.34
1759960800,4061.8,4077.9,3957.9,3972.6,142,450,51.19
1760047200,3990.1,4038.6,3961.2,4000.4,316,312,38.99
1760306400,4018.3,4137.2,4011.3,4133,202,254,44.45
1760392800,4130.9,4190.9,4105,4163.4,184,327,49.19
1760479200,4160.1,4235.8,4157.3,4201.6,86,472,49.54
1760565600,4225.1,4346.7,4214.5,4304.6,194,375,43.26
1760652000,4348.1,4392,4196,4213.3,202,101,42.12
1760911200,4269,4398,4229.7,4359.4,114,288,47.62
1760997600,4371,4393.6,4093,4109.1,96,247,48.9
1761084000,4137,4175,4021.2,4065.4,157,141,45.87
1761170400,4114.8,4171.5,4079.6,4145.6,111,213,48.83
1761256800,4144,4159,4055.7,4137.8,82,474,52.39
1761516000,4103.2,4123.8,3985.9,4019.7,106,582,52.01
1761602400,3999.9,4034.2,3901.3,3983.1,161,446,48.34
1761688800,3967.2,4046.2,3930,4000.7,295,487,42.09
1761775200,3942.8,4041.5,3925.1,4015.9,356,221,39.64
1761861600,4038.2,4059.9,3982.3,3996.5,280,181,41.44
1762124400,4001,4043.1,3971.3,4014,318,236,39.28
1762210800,4013.7,4018,3937.1,3960.5,410,108,34.33
1762297200,3939.5,4000.7,3935.7,3992.9,299,207,38.8
1762383600,3992.4,4028.7,3973.2,3991,447,200,35.37
1762470000,3986.9,4035.8,3981.6,4009.8,531,134,37.96
1762729200,4007.2,4124,4004.2,4122,204,327,41.02
1762815600,4124,4155,4102.8,4116.3,197,340,43.64
1762902000,4132.2,4218.5,4104.4,4213.6,179,366,44.81
1762988400,4202.4,4250,4148.5,4194.5,389,196,39.55
1763074800,4174.9,4215.1,4032.6,4094.2,501,119,38.77
1763334000,4084.4,4107.6,4006.8,4074.5,569,127,32.45
1763420400,4045.6,4083.7,3997.4,4066.5,592,94,33.51
1763506800,4067.8,4134.3,4055.6,4082.8,543,114,32.81
1763593200,4079.9,4109.6,4034,4060,646,162,29.04
1763679600,4074.9,4101,4018.1,4079.5,559,111,37.19
1763938800,4069.2,4138.2,4036.4,4094.2,191,202,38.85
1764025200,4133.5,4156.3,4106.7,4140,129,299,47.99
1764111600,4167,4209,4163.6,4202.3,72,372,50.61
1764198000,4198.6,4263.1,4174.6,4254.9,59,290,52.79
1764543600,4258.5,4299.6,4241.1,4274.8,135,220,50.07
1764630000,4265.3,4269.2,4194,4220.8,166,175,48.92
1764716400,4241.6,4273.3,4225.1,4232.5,141,311,54.32
1764802800,4234.5,4251.1,4203.3,4243,87,338,55.62
1764889200,4239.5,4290.5,4221.4,4243,106,366,54.49
1765148400,4228.1,4247.9,4204,4217.7,144,281,52.84
1765234800,4219.6,4251.7,4197.8,4236.2,133,238,53.58
1765321200,4237.5,4268.8,4207.8,4224.7,126,521,58.95
1765407600,4258.3,4317.3,4231.2,4313,121,595,62.09
1765494000,4309.1,4387.8,4286,4328.3,170,410,59.66
1765753200,4330,4384.3,4315.9,4335.2,319,303,57.61
1765839600,4334.3,4367.9,4297.4,4332.3,310,152,55.61
1765926000,4333.5,4383.6,4330.7,4373.9,307,161,53.99
1766012400,4371.5,4409.5,4338,4364.5,277,237,55.6
1766098800,4363.6,4389,4336.3,4387.3,239,242,55.9
1766358000,4369.9,4484.5,4367.9,4469.4,190,365,57.96
1766444400,4481.8,4530.8,4457.7,4505.7,268,294,56.4
1766530800,4516.7,4555.1,4474.3,4502.8,199,228,58.46
1766703600,4523.5,4584,4518,4552.7,226,251,58.55
1766962800,4568,4581.3,4316,4343.6,337,101,56.88
1767049200,4350.3,4420.5,4338.8,4386.3,286,135,56.17
1767135600,4353,4384.9,4284.3,4341.1,338,90,52.41
1767308400,4340,4414.8,4319.7,4329.6,170,212,53.35
1767567600,4368.3,4467.6,4354.6,4451.5,104,498,59.35
1767654000,4459.8,4508.3,4437.9,4496.1,98,601,61.96
1767740400,4505.4,4512.4,4432.9,4462.5,114,374,60.3
1767826800,4467.1,4489.3,4415,4460.7,104,396,65.44
1767913200,4489.3,4527,4461.8,4500.9,121,574,66.02
1768172400,4529.1,4640.5,4520.8,4614.7,114,617,67.06
1768258800,4610,4644,4576.7,4599.1,160,604,65.59
1768345200,4594.3,4650.5,4594.3,4635.7,163,502,68.04
1768431600,4635.7,4637.2,4584,4623.7,141,708,69.85
1768518000,4621.6,4625.5,4539.1,4595.4,157,426,68
1768777200,4633.7,4771.5,4622.2,4765.8,271,297,61.84
1768950000,4767.5,4891.1,4757.1,4837.5,216,635,67.69
1769036400,4836.2,4944.3,4772.7,4913.4,97,892,69.64
1769122800,4940,4991.4,4901.2,4979.7,113,453,66.33
1769382000,5013.4,5107.9,4983.6,5082.5,148,503,65.85
1769468400,5005.5,5190.8,5004.5,5082.6,213,562,64.89
1769554800,5179,5415.2,5154.8,5303.6,205,558,60.56
1769641200,5449.9,5626.8,5126,5354.8,383,553,61.86
1769727600,5410,5480.2,4700.4,4745.1,374,229,58.33
1769986800,4816,4905.6,4423.2,4652.6,388,392,59.73
1770073200,4691,5018.1,4690.2,4935,559,583,58.64
1770159600,4966.1,5113.9,4867.7,4950.8,564,670,58.75
1770246000,4986.6,5045,4779.6,4889.5,702,319,53.9
1770332400,4800,4995.6,4670,4979.8,296,723,59.66
1770591600,5003.6,5111.1,4988.6,5079.4,235,678,59.68
1770678000,5084.3,5102.7,5011,5031,168,625,60.35
1770764400,5048,5144.5,5036.3,5098.5,366,768,58.47
1770850800,5107.3,5122.8,4900,4948.4,530,688,53.75
1770937200,4950,5069.1,4907.1,5046.3,265,329,55.27
1771196400,5050,5074.4,4854.2,4905.9,364,336,54.87
1771369200,4898.5,5031.9,4868.5,5009.5,200,344,56.6
1771455600,4993.7,5042.8,4971.5,4997.4,2278,1623,56.13
1771542000,5015,5131,4999.3,5080.9,245,360,56.42
1771801200,5128.8,5257.3,5120.4,5225.6,457,355,50.19
1771887600,5247.5,5269.4,5109.5,5176.3,323,403,52.22
1771974000,5160,5237.3,5135.9,5226.2,177,497,54.38
1772060400,5175.3,5221.9,5144.8,5194.2,148,366,57.08
1772146800,5201.9,5299,5182.9,5247.9,241,425,50.85
1772406000,5360,5434.1,5272.9,5311.6,320,409,51.98
1772492400,5335.7,5394.2,5005,5123.7,391,152,47.07
1772578800,5110,5218.3,5092.8,5134.7,121,170,49.43
1772665200,5155.7,5204.3,5058.9,5078.7,176,132,43.29
1772751600,5099.7,5185,5071,5158.7,290,126,37.61
1773007200,5186.7,5210.4,5021.2,5103.7,427,131,38.28
1773093600,5152.4,5248.7,5127.1,5242.1,166,121,38.04
1773180000,5194,5230.9,5155.9,5179.1,214,102,36.44
1773266400,5185.4,5197.8,5058.2,5125.8,365,125,30.8
1773352800,5084,5132.4,5014.1,5061.7,401,97,29.12
1773612000,5010,5044.5,4970.1,5002.2,262,127,31.41
1773698400,5012.2,5049.4,4977,5008.2,214,155,32.65
1773784800,5010.6,5022,4809.3,4896.2,409,128,27.63
1773871200,4828,4868.7,4505,4605.7,598,135,27.9
1773957600,4653.9,4738.2,4478.4,4574.9,676,102,22.35
1774216800,4450,4537.1,4100,4407.3,271,81,27.3
1774303200,4414.8,4485.6,4306.3,4402,378,163,28.14
1774389600,4473.5,4601,4458.2,4552.3,297,162,30.78
1774476000,4508.9,4541.6,4348.2,4376.3,427,152,27.89
1774562400,4371.8,4552.1,4369.1,4492.5,825,127,24.01
1774821600,4520,4611.4,4444.7,4557.5,724,150,24.02
1774908000,4538.9,4717.6,4510,4678.6,320,124,29.61
1774994400,4698.4,4821,4690,4813.1,177,123,32.38
1775080800,4783,4825.9,4580.4,4679.7,276,126,35.1
1775426400,4675,4733.1,4626.2,4684.7,103,133,38.17
1775512800,4678.6,4694.9,4651.6,4665.1,,,