31.5,,,,,,,,,,,,,,,,,,,,,,
,Core,Date Added,Stock,Setup,"Core 
Execution","Stock 
Execution",VAR,Entry Stop,Entry Limit,Sizing,Cut,-0.5R Cut Loss,Shares,Order Filled,Cancel Order,Picker,Return,7 day % change,Date,1R,2R,
,FALSE,01/02/2025,PDYN,Momentum,ADJUST,,"5,000.00",12.93,12.99,10.29,10.77,11.64,"1,900",FALSE,TRUE,Ange,,-38.01%, ,15.70,18.40,
,FALSE,01/02/2025,LUNR,Momentum,ADJUST,,"5,000.00",140.28,140.98,128,134.49,134.49,410,TRUE,FALSE,Ange,0.50,-7.51%,01/02/2025,153.96,166.94,
,FALSE,01/03/2025,NVDA,Coil,HOLD,,"10,000.00",52.8,53.06,50,51.00,51.53,"3,580",TRUE,FALSE,Paul,0.50,-5.93%,01/03/2025,56.13,59.19,
,FALSE,01/03/2025,PDYN,Momentum,ADJUST,,"5,000.00",12.61,12.67,8.79,10.73,10.73,"1,310",FALSE,TRUE,Ange,,-29.29%, ,16.56,20.44,
,FALSE,01/03/2025,QUBT,Momentum,ADJUST,,"5,000.00",19.47,19.57,14.3,16.93,16.93,970,FALSE,TRUE,Ange,,-48.69%, ,24.83,30.10,
,FALSE,01/03/2025,CCJ,Range,HOLD,,"5,000.00",604.92,607.94,580,587.81,593.97,210,TRUE,FALSE,Jeremy,-0.25,-7.30%,01/03/2025,635.89,663.83,
,FALSE,01/03/2025,META,Range,ADJUST,,"5,000.00",160.34,161.14,152.22,156.68,156.68,620,TRUE,FALSE,Paul,-0.25,1.86%,01/03/2025,170.06,178.99,
,FALSE,01/06/2025,GOOGL,Bluesky,HOLD,,"10,000.00",426.08,428.21,414.85,419.53,421.53,900,TRUE,FALSE,Neil,-0.25,-2.98%,01/06/2025,441.57,454.93,
,FALSE,01/06/2025,MSFT,Range,HOLD,ema or 2DH,"5,000.00",193.22,194.19,185.2,188.30,189.69,630,FALSE,TRUE,Jeremy,,-2.49%, ,203.17,212.16,
,FALSE,01/06/2025,CRDO,Coil,HOLD,,"10,000.00",74.25,74.62,65.53,69.38,70.08,"1,150",FALSE,TRUE,Paul,,-9.92%, ,83.71,92.80,
,FALSE,01/06/2025,APP,Bluesky,HOLD,,"10,000.00",164,164.82,146.97,153.73,155.90,590,TRUE,FALSE,Neil,-0.50,-11.06%,01/06/2025,182.67,200.52,
,FALSE,01/06/2025,ANF,Reset,HOLD,,"10,000.00",21,21.11,19,20.04,20.05,"5,000",FALSE,TRUE,Neil,,-13.12%, ,23.21,25.32,
,FALSE,01/06/2025,ASAN,Range,HOLD,,"5,000.00",360.47,362.27,308.13,336.71,335.20,100,TRUE,FALSE,Neil,-0.50,-13.62%,01/06/2025,416.41,470.56,
,FALSE,01/07/2025,AAPL,Range,HOLD,,"5,000.00",247.34,248.58,241.1,244.84,244.84,810,FALSE,TRUE,Jeremy,,-3.69%, ,256.05,263.53,
,FALSE,01/10/2025,AAPL,Range,HOLD,,"5,000.00",245.56,246.79,237.49,242.13,242.14,620,FALSE,TRUE,Jeremy,,-2.90%, ,256.09,265.38,
,FALSE,01/10/2025,WIX,Coil,HOLD,,"5,000.00",230,231.15,216.7,223.92,223.93,380,TRUE,FALSE,Paul,1.00,10.19%,01/10/2025,245.60,260.05,
,FALSE,01/10/2025,MSFT,Range,HOLD,,"5,000.00",426.98,429.11,414.85,421.97,421.98,420,FALSE,TRUE,Jeremy,,2.41%, ,443.38,457.64,
,FALSE,01/10/2025,PSTG,Coil,HOLD,,"10,000.00",65.96,66.29,62.35,64.31,64.32,"2,780",TRUE,FALSE,Paul,0.00,2.43%,01/10/2025,70.23,74.17,
,TRUE,01/13/2025,PSTG,RESET,HOLD,,"10,000.00",,,,,,,FALSE,TRUE,Jeremy,,11.97%, ,0.00,0.00,
,FALSE,01/13/2025,TSLA,Range,HOLD,,"5,000.00",402.51,404.52,369.48,387.00,387.00,160,TRUE,FALSE,Neil,0.00,5.15%,01/13/2025,439.57,474.61,
,TRUE,01/13/2025,ONON,Coil,HOLD,,"10,000.00",57.51,57.80,53.07,55.43,55.43,"2,260",FALSE,TRUE,Paul,,8.25%, ,62.53,67.25,
,FALSE,01/13/2025,KR,RANGE,HOLD,,"5,000.00",59.72,60.02,57.8,58.91,58.91,"2,610",TRUE,FALSE,Jeremy,-0.25,-0.76%,01/13/2025,62.24,64.46,
,FALSE,01/14/2025,CART,Coil,HOLD,Cup and Handle,"10,000.00",45.86,46.09,42.29,44.19,44.19,"2,810",FALSE,TRUE,Ange,,-0.04%, ,49.89,53.69,
,FALSE,01/14/2025,PLNT,Coil,HOLD,,"5,000.00",102.88,103.39,96.93,100.16,100.16,850,TRUE,FALSE,Neil,0.50,3.25%,01/14/2025,109.86,116.32,
,FALSE,01/15/2025,CEG,Momo,ADJUST,,"5,000.00",294.4,295.87,267.82,281.85,281.85,190,FALSE,TRUE,Ange,,10.54%, ,323.92,351.98,
,FALSE,01/15/2025,SN,Reset,HOLD,,"5,000.00",108.6,109.14,99.7,104.42,104.42,570,FALSE,TRUE,Neil,,4.13%, ,118.59,128.03,
,FALSE,01/15/2025,RBRK,Falling Coil,HOLD,,"10,000.00",66.29,66.62,58.54,62.58,62.58,"1,300",TRUE,FALSE,Neil,-0.50,6.92%,01/15/2025,74.70,82.78,
,FALSE,01/16/2025,GOOGL,Bluesky,HOLD,break high,"10,000.00",198.22,199.21,187.36,193.29,193.29,930,FALSE,TRUE,Jeremy,,2.63%, ,211.06,222.91,
,FALSE,01/16/2025,NVDA ,Range,HOLD,,"5,000.00",137.27,137.96,129.51,133.73,133.73,650,FALSE,TRUE,Jeremy,,10.22%, ,146.40,154.85,
,FALSE,01/16/2025,TWLO,Coil,HOLD,,"10,000.00",114.97,115.54,105.53,110.54,110.54,"1,060",TRUE,FALSE,Neil,-0.25,-1.07%,01/16/2025,125.56,135.57,
,FALSE,01/16/2025,BE,Coil,HOLD,,"10,000.00",24.42,24.54,21.57,23.06,23.06,"3,510",TRUE,FALSE,Jeremy,0.00,17.44%,01/16/2025,27.51,30.49,
,FALSE,01/17/2025,ONON,Coil,HOLD,,"10,000.00",56.93,57.21,53.08,55.15,55.15,"2,600",FALSE,TRUE,Neil,,3.74%, ,61.35,65.48,
,TRUE,01/17/2025,MSTR,options,HOLD,,"1,500.00",,,,,,,FALSE,TRUE,Jeremy,,-10.80%, ,0.00,0.00,
,FALSE,01/17/2025,CORZ,Coil,HOLD,,"10,000.00",14.77,14.84,13.18,14.01,14.01,"6,290",FALSE,TRUE,Neil,,6.53%, ,16.51,18.17,
,FALSE,01/21/2025,AVGO,Bluesky,HOLD,,"10,000.00",241.76,242.97,219.51,231.24,231.24,450,FALSE,TRUE,Jeremy,,-13.71%, ,266.43,289.89,
,FALSE,01/21/2025,GOOGL,Bluesky,HOLD,,"10,000.00",198.23,199.22,187.36,193.29,193.29,920,FALSE,TRUE,Miggoy,,-1.39%, ,211.08,222.94,
,FALSE,01/21/2025,HIMS,Coil,HOLD,,"10,000.00",28.69,28.83,24.07,25.55,26.45,"2,170",FALSE,TRUE,Neil,,5.80%, ,33.60,38.36,
,FALSE,01/21/2025,DASH,Coil,HOLD,,"10,000.00",176,176.88,166.41,171.65,171.65,"1,050",FALSE,TRUE,Neil,,3.59%, ,187.35,197.82,
,TRUE,01/22/2025,BILL,Coil,HOLD,,"10,000.00",92.15,92.61,79.43,86.02,86.02,790,TRUE,FALSE,Neil,-0.50,3.70%,01/22/2025,105.79,118.97,
,FALSE,01/22/2025,AVGO,Bluesky,HOLD,,"10,000.00",247.29,248.53,219.51,234.02,234.02,360,FALSE,TRUE,Jeremy,,-14.35%, ,277.54,306.56,
,FALSE,01/22/2025,ASAN,Range,HOLD,,"5,000.00",20.86,20.96,18.43,19.32,19.70,"2,060",TRUE,FALSE,Neil,-0.50,7.37%,01/22/2025,23.50,26.03,
,FALSE,01/23/2025,AAPL,Options,HOLD,,"1,500.00",,,,,,,TRUE,FALSE,Jeremy,-0.25,6.23%,01/23/2025,0.00,0.00,
,FALSE,01/24/2025,APP,Coil,HOLD,,"10,000.00",371.78,373.64,307.07,340.35,340.35,160,FALSE,TRUE,Miggoy,,1.79%, ,440.21,506.78,
,FALSE,01/24/2025,WIX,Pullback,ADJUST,,"5,000.00",240.79,241.99,225.4,233.70,233.70,330,TRUE,FALSE,Neil,-0.25,1.65%,01/24/2025,258.59,275.18,
,FALSE,01/24/2025,AVGO,Bluesky,HOLD,Ascending Triangle,"10,000.00",246.99,248.22,219.99,234.11,234.11,380,TRUE,FALSE,Ange,-1.00,-9.57%,01/24/2025,276.46,304.69,
,FALSE,01/24/2025,FUBO,Range,HOLD,,"5,000.00",4.3,4.32,3.35,3.84,3.84,"5,270",FALSE,TRUE,Jeremy,,0.00%, ,5.29,6.26,
,FALSE,01/29/2025,FUBO,Range,HOLD,,"5,000.00",4.16,4.18,3.48,3.83,3.83,"7,360",TRUE,FALSE,Jeremy,-0.50,9.31%,01/29/2025,4.88,5.58,
,FALSE,01/29/2025,NVDA,Options,HOLD,,"1,500.00",,,,,,,FALSE,TRUE,Jeremy,,0.91%, ,0.00,0.00,
,FALSE,01/30/2025,ANGO,bluesky,HOLD,,"5,000.00",13.14,13.21,11.44,12.32,12.32,"2,950",TRUE,FALSE,Paul,-1.00,-10.91%,01/30/2025,14.97,16.74,
,FALSE,01/30/2025,APP,Coil,HOLD,,"10,000.00",371.78,373.64,316.82,345.23,345.23,190,FALSE,TRUE,Miggoy,,4.14%, ,430.46,487.28,
,FALSE,01/31/2025,BURL,Coil,HOLD,,"5,000.00",300,301.50,282.75,292.12,292.13,290,FALSE,TRUE,Neil,,-8.42%, ,320.25,339.00,
,FALSE,01/31/2025,TIGR,Reset,HOLD,,"10,000.00",7.52,7.56,6,6.78,6.78,"6,580",FALSE,TRUE,Neil,,9.65%, ,9.12,10.67,
,TRUE,02/04/2025,PAYO,Coil,HOLD,,"10,000.00",11.01,11.07,9.9,10.48,10.48,"9,010",TRUE,FALSE,Neil,-0.25,-7.57%,02/04/2025,12.23,13.40,
,FALSE,02/04/2025,KTOS,Pullback,ADJUST,,"5,000.00",33.81,33.98,31.42,32.70,32.70,"2,100",TRUE,FALSE,Jeremy,-0.25,-6.72%,02/04/2025,36.54,39.10,
,FALSE,02/04/2025,RCL,Pullback,ADJUST,,"5,000.00",266.35,267.68,247.42,257.55,257.55,270,TRUE,FALSE,Miggoy,0.00,-2.63%,02/04/2025,287.94,308.21,
,FALSE,02/04/2025,FUBO,Range,HOLD,,"5,000.00",4.3,4.32,3.51,3.92,3.92,"6,330",TRUE,FALSE,Jeremy,-0.25,-18.78%,02/04/2025,5.13,5.94,
,FALSE,02/05/2025,TSLA,Range,HOLD,,"5,000.00",394.01,395.98,374.36,385.17,385.17,260,FALSE,TRUE,Jeremy,,-11.02%, ,417.60,439.22,
,TRUE,02/05/2025,PSTG,Reset,HOLD,,"10,000.00",70.18,70.53,63.5,67.02,67.02,"1,500",TRUE,FALSE,Jeremy,-0.25,-3.87%,02/05/2025,77.56,84.59,
,TRUE,02/05/2025,LULU,Reset,HOLD,,"10,000.00",423.33,425.45,375.8,400.62,400.62,220,FALSE,TRUE,Jeremy,,-4.27%, ,475.09,524.74,
,FALSE,02/05/2025,LNG,Range,HOLD,,"5,000.00",231.85,233.01,221.66,227.33,227.33,500,TRUE,FALSE,Neil,-0.25,-9.22%,02/05/2025,244.36,255.71,
,FALSE,02/05/2025,GRRR,Range,HOLD,,"5,000.00",14.92,14.99,10.85,13.23,12.92,"1,230",TRUE,FALSE,Ange,2.00,54.44%,02/05/2025,19.14,23.28,
,TRUE,02/05/2025,PAY,Falling Coil,HOLD,,"5,000.00",33.01,33.18,29.29,31.23,31.23,"1,350",TRUE,FALSE,Neil,-0.25,-6.25%,02/05/2025,37.06,40.95,
,FALSE,02/06/2025,GOOGL,options,HOLD,,"1,500.00",,,,,,,TRUE,FALSE,Jeremy,-0.25,-2.85%,02/06/2025,0.00,0.00,
,FALSE,02/07/2025,MSFT,range,HOLD,,"5,000.00",418.2,420.29,408.66,414.48,414.48,530,TRUE,FALSE,Jeremy,-0.50,-0.32%,02/07/2025,431.92,443.55,
,TRUE,02/10/2025,AI,Coil,HOLD,,"10,000.00",34.86,35.03,29.4,32.21,32.22,"1,840",TRUE,FALSE,Neil,-0.50,-9.43%,02/10/2025,40.67,46.30,
,TRUE,02/10/2025,FLUT,Reset,HOLD,,"5,000.00",274.29,275.66,258.86,267.25,267.26,330,TRUE,FALSE,Miggoy,0.50,9.28%,02/10/2025,292.46,309.26,
,TRUE,02/11/2025,MSTR,Falling Coil,HOLD,,"10,000.00",340.4,342.10,285.01,313.55,313.56,190,TRUE,FALSE,Jeremy,-0.25,4.54%,02/11/2025,399.19,456.29,
,FALSE,02/11/2025,LUNR,Range,HOLD,,"5,000.00",20.27,20.37,17.66,19.01,19.02,"1,920",FALSE,TRUE,Paul,,11.74%, ,23.08,25.79,
,FALSE,02/13/2025,CRM,Range,HOLD,,"5,000.00",327.01,328.65,313.8,321.21,321.22,380,TRUE,FALSE,Neil,-0.25,-3.46%,02/13/2025,343.49,358.34,
,FALSE,02/13/2025,LUNR,Range,ADJUST,,"5,000.00",19.78,19.88,17.56,18.71,18.72,"2,260",TRUE,FALSE,Paul,-0.25,2.92%,02/13/2025,22.20,24.52,
,FALSE,02/13/2025,MNMD,Pullback,ADJUST,,"5,000.00",8.68,8.72,7.8,8.25,8.26,"5,690",TRUE,FALSE,Neil,-0.25, ,02/13/2025,9.65,10.57,
,TRUE,02/14/2025,GOOGL,Options,HOLD,,"5,000.00",,,,,,,FALSE,TRUE,Ange,,-3.01%, ,0.00,0.00,
,TRUE,02/14/2025,BE,Reset,HOLD,,"10,000.00",25.61,25.74,20.44,23.09,23.09,"1,940",TRUE,FALSE,Neil,-0.25,-4.88%,02/14/2025,31.04,36.33,
,FALSE,02/14/2025,SOFI,Range,HOLD,,"5,000.00",15.51,15.59,14.42,15.00,15.00,"4,590",TRUE,FALSE,Neil,0.50,-9.50%,02/14/2025,16.76,17.92,
,FALSE,02/14/2025,AMZN,Range,HOLD,,"5,000.00",231.19,232.35,225.38,228.86,228.86,870,FALSE,TRUE,Paul,,-5.29%, ,239.31,246.28,
,TRUE,02/14/2025,RR,Reset,HOLD,,"10,000.00",3.41,3.43,2.1,2.76,2.76,"7,640",FALSE,TRUE,Neil,,-19.27%, ,4.75,6.08,
,TRUE,02/14/2025,PDYN,Reset,HOLD,,"10,000.00",11.26,11.32,7.79,9.68,9.55,"2,890",FALSE,TRUE,Ange,,-14.16%, ,14.84,18.37,
,FALSE,02/18/2025,CRM,Range,HOLD,,"5,000.00",330.35,332.00,316.97,324.49,324.49,380,FALSE,TRUE,Neil,,-7.02%, ,347.03,362.07,
,FALSE,02/18/2025,LUNR,Range,HOLD,,"5,000.00",20.27,20.37,17.57,18.97,18.97,"1,860",FALSE,TRUE,Neil,,-24.03%, ,23.17,25.97,
,TRUE,02/18/2025,RCL,Bluesky,HOLD,,"10,000.00",267.15,268.49,244.17,256.33,256.33,440,FALSE,TRUE,Jeremy,,-9.26%, ,292.80,317.12,
,FALSE,02/19/2025,CFLT,Pullback,ADJUST,,"5,000.00",35.76,35.94,33,34.47,34.47,"1,820",FALSE,TRUE,Jeremy,, , ,38.88,41.82,
,FALSE,02/19/2025,UPST,MOMO,ADJUST,,"5,000.00",89.64,90.09,77.07,83.58,83.58,400,FALSE,TRUE,Jeremy,,-17.24%, ,103.11,116.12,
,FALSE,02/19/2025,MRVL,Range,HOLD,,"5,000.00",109.02,109.57,100.22,104.89,104.89,570,FALSE,TRUE,Ange,,-14.54%, ,118.91,128.26,
,FALSE,02/20/2025,RDDT,Range,HOLD,,"5,000.00",193.4,194.37,180.35,187.36,187.36,390,FALSE,TRUE,Jeremy,,-8.93%, ,208.38,222.40,
,TRUE,02/20/2025,QCOM,Reset cheat,HOLD,,"10,000.00",177,177.89,165.4,171.64,171.64,870,FALSE,TRUE,Jeremy,,-11.09%, ,190.37,202.86,
,FALSE,02/20/2025,MSFT,options,HOLD,Options,"5,000.00",,,,,,,TRUE,FALSE,Jeremy,-0.50,-5.67%,02/20/2025,0.00,0.00,
,TRUE,02/20/2025,QBTS,Reset,HOLD,,"5,000.00",7.11,7.15,4.65,5.90,5.90,"2,040",FALSE,TRUE,Ange,,-24.76%, ,9.64,12.14,
,FALSE,02/25/2025,LULU,Range,HOLD,,"5,000.00",374.42,376.29,347.54,361.92,361.92,190,FALSE,TRUE,Jeremy,,-5.84%, ,405.04,433.80,
,FALSE,02/26/2025,SOFI,Range,HOLD,,"5,000.00",14.28,14.35,13,13.68,13.68,"3,910",TRUE,FALSE,Miggoy,-0.50,-7.19%,02/26/2025,15.70,17.05,
,TRUE,02/26/2025,DIS,Reset,HOLD,Probe,"5,000.00",112,112.56,106.16,109.36,109.36,860,TRUE,FALSE,Miggoy,0.00,-2.25%,02/26/2025,118.96,125.36,
,FALSE,02/26/2025,UPWK,Range,HOLD,,"5,000.00",15.95,16.03,14.85,15.44,15.44,"4,550",TRUE,FALSE,Miggoy,-0.50,-4.17%,02/26/2025,17.21,18.39,
,FALSE,02/26/2025,EAT,Range,HOLD,,"5,000.00",157.08,157.87,143.35,150.61,150.61,370,FALSE,TRUE,Ange,,-6.20%, ,172.38,186.90,
,FALSE,02/27/2025,NFLX,Pullback,HOLD,,"5,000.00",1001,"1,006.01",951,978.50,978.50,100,FALSE,TRUE,Miggoy,,-5.89%, ,"1,061.01","1,116.02",
,FALSE,02/27/2025,JPM,Range,HOLD,,"5,000.00",263.01,264.33,253.35,258.84,258.84,520,TRUE,FALSE,Miggoy,-0.50,-4.83%,02/27/2025,275.30,286.28,
,FALSE,02/27/2025,FTNT,Pullback,HOLD,,"5,000.00",110.3,110.85,105.78,108.32,108.32,"1,110",TRUE,FALSE,Paul,-0.50,-5.01%,02/27/2025,115.92,120.99,
,FALSE,03/03/2025,SOFI,Range,HOLD,,"5,000.00",14.75,14.82,13.41,14.12,14.12,"3,740",TRUE,FALSE,Jeremy,-0.50,-17.61%,03/03/2025,16.24,17.65,
,FALSE,03/03/2025,MAR,Range ,HOLD,,"5,000.00",283.23,284.65,269.71,277.18,277.18,370,TRUE,FALSE,Jeremy,-0.50,-7.38%,03/03/2025,299.58,314.52,
,FALSE,03/03/2025,IBKR,Range,HOLD,,"5,000.00",207,208.04,190.65,199.34,199.34,310,FALSE,TRUE,Paul,,-17.05%, ,225.42,242.81,
,FALSE,03/03/2025,HIMS,Range,HOLD,,"5,000.00",46.1,46.33,36.01,41.17,41.17,500,TRUE,FALSE,Jeremy,-0.50,-15.27%,03/03/2025,56.65,66.97,
,FALSE,03/05/2025,NFLX,Range,HOLD,,"5,000.00",987.35,992.29,941.76,967.02,967.02,110,TRUE,FALSE,Paul,-0.25,-7.19%,03/05/2025,"1,042.81","1,093.34",
,FALSE,03/06/2025,WMT,Range,HOLD,,"5,000.00",97.06,97.55,91.41,94.48,94.48,890,FALSE,TRUE,Jeremy,,-10.71%, ,103.68,109.82,668
,FALSE,03/06/2025,IBKR,Range,HOLD,,"5,000.00",199.94,200.94,186,193.47,193.47,360,FALSE,TRUE,Paul,,-15.12%, ,215.88,230.82,270
,FALSE,03/06/2025,HIMS,Range,HOLD,,"5,000.00",42.2,42.41,33.1,37.76,37.76,550,FALSE,TRUE,Jeremy,,-8.29%, ,51.72,61.03,413
,FALSE,03/06/2025,META,Range,HOLD,,"5,000.00",659.51,662.81,623.64,643.22,643.22,140,FALSE,TRUE,Jeremy,,-5.94%, ,701.98,741.14,105
,FALSE,03/06/2025,PLTR,Range,HOLD,,"5,000.00",93.81,94.28,74.86,84.57,84.57,270,FALSE,TRUE,Jeremy,,-1.04%, ,113.70,133.12,203
,TRUE,03/10/2025,IBKR,Range,HOLD,Shares,"5,000.00",194.56,195.53,171.1,182.31,183.32,220,FALSE,TRUE,Paul,,4.33%, ,219.97,244.40,
,FALSE,03/10/2025,GOOGL,Range,HOLD,,"5,000.00",175.01,175.89,165.8,170.84,170.84,550,FALSE,TRUE,Neil,,-0.95%, ,185.97,196.06,
,FALSE,03/10/2025,XYL,Reversal,HOLD,,"5,000.00",131.42,132.08,125,128.57,128.54,780,FALSE,TRUE,Neil,,-4.03%, ,139.15,146.23,
,FALSE,03/12/2025,TQQQ,Capitulation,HOLD,Options. Half-half execution,"5,000.00",,,,,,,TRUE,FALSE,Paul,0.00,1.80%,03/12/2025,0.00,0.00,
,FALSE,03/13/2025,TQQQ,Capitulation,HOLD,Add half,"2,500.00",,,,,,,TRUE,FALSE,Paul,0.00,6.57%,03/13/2025,0.00,0.00,
,TRUE,03/13/2025,GLD,Coil,HOLD,,"10,000.00",272.22,273.58,261.25,267.09,267.42,920,TRUE,FALSE,Neil,1.00,2.04%,03/13/2025,285.91,298.24,
,FALSE,03/13/2025,JD,Range,HOLD,Range,"5,000.00",40.68,40.88,37.84,39.36,39.36,"1,770",TRUE,FALSE,Ange,0.50,4.22%,03/13/2025,43.93,46.97,
,TRUE,03/17/2025,BABA,Bluesky,HOLD,,"10,000.00",145.37,146.10,126.1,136.09,136.10,520,TRUE,FALSE,Neil,-0.50,-8.87%,03/17/2025,166.09,186.09,
,TRUE,03/17/2025,BE,Reset,HOLD,,"10,000.00",25.87,26.00,21.59,23.78,23.79,"2,340",TRUE,FALSE,Neil,-0.25,-4.80%,03/17/2025,30.41,34.82,
,FALSE,03/17/2025,LNG,range,HOLD,,"5,000.00",220.45,221.55,206.6,214.07,214.08,370,TRUE,FALSE,Neil,0.50,4.97%,03/17/2025,236.50,251.46,
,FALSE,03/17/2025,SE,range,HOLD,,"5,000.00",130.01,130.66,120,125.32,125.33,500,TRUE,FALSE,Miggoy,-0.25,-2.38%,03/17/2025,141.32,151.98,
,FALSE,03/17/2025,SOFI,range,HOLD,,"5,000.00",12.37,12.43,10.85,11.63,11.64,"3,290",TRUE,FALSE,Neil,-0.25,11.36%,03/17/2025,14.01,15.60,
,FALSE,03/18/2025,NVDA,Range,HOLD,SHORT,"5,000.00",118.02,117.43,126.35,121.89,121.89,-610,TRUE,FALSE,Miggoy,0.00,4.56%,03/18/2025,108.51,99.59,
,TRUE,03/20/2025,GENI,Reset,HOLD,,"10,000.00",9.83,9.88,8.76,9.31,9.32,"9,350",TRUE,FALSE,Neil,0.50,7.86%,03/20/2025,11.00,12.12,
,FALSE,03/20/2025,UBER,Range,HOLD,,"5,000.00",73.82,74.19,70.33,72.25,72.26,"1,440",TRUE,FALSE,Neil,-0.25,0.69%,03/20/2025,78.05,81.91,
,FALSE,03/20/2025,ONON,range,HOLD,,"5,000.00",48.37,48.61,44,46.30,46.31,"1,150",FALSE,TRUE,Jeremy,,0.97%, ,53.22,57.84,
,FALSE,03/21/2025,TNA,Range,HOLD,short,"5,000.00",31.24,31.08,33.92,32.50,32.50,"-1,870",FALSE,TRUE,Paul,,-5.59%, ,28.25,25.41,
,FALSE,03/24/2025,SE,Range,HOLD,,"5,000.00",127.68,128.32,120.81,124.56,124.56,730,FALSE,TRUE,Paul,,0.78%, ,135.83,143.34,
,FALSE,03/24/2025,ERJ,pullback,HOLD,,"5,000.00",53.26,53.53,50.48,52.00,52.00,"1,800",FALSE,TRUE,Paul,, , ,56.57,59.62,
,TRUE,03/24/2025,OKTA,bluesky,HOLD,,"10,000.00",117,117.59,110.64,114.11,114.11,"1,580",TRUE,FALSE,Paul,-0.25,-9.59%,03/24/2025,124.53,131.48,
,FALSE,03/24/2025,PLTR,Range,HOLD,,"5,000.00",93.63,94.10,74.56,84.33,84.33,270,TRUE,FALSE,Neil,-0.25,-12.76%,03/24/2025,113.64,133.17,
,TRUE,03/24/2025,DOCU,Reset,HOLD,,"10,000.00",88.71,89.15,80.74,84.95,84.95,"1,260",TRUE,FALSE,Neil,-0.25,-8.54%,03/24/2025,97.57,105.98,
,FALSE,03/24/2025,HIMS,range,HOLD,,"5,000.00",35.7,35.88,27.59,31.73,31.73,620,TRUE,FALSE,Jeremy,-0.25,-21.01%,03/24/2025,44.17,52.46,
,TRUE,03/26/2025,BABA,Range,HOLD,,"5,000.00",136.25,136.93,126.1,131.52,131.52,500,TRUE,FALSE,Paul,-0.25,-1.85%,03/26/2025,147.76,158.59,
,FALSE,03/26/2025,JD,Range,HOLD,,"5,000.00",42.62,42.83,40.49,41.66,41.66,"2,350",TRUE,FALSE,Paul,-0.25,-1.65%,03/26/2025,45.18,47.52,
,TRUE,03/28/2025,SE,RESET,HOLD,140,"10,000.00",136,136.68,125.45,131.06,131.07,950,FALSE,TRUE,Jeremy,,-18.40%, ,147.91,159.14,
,FALSE,04/02/2025,UBER,Range,HOLD,,"5,000.00",73.31,73.68,70,71.84,71.84,"1,520",TRUE,FALSE,Jeremy,-1.00,-2.44%,04/02/2025,77.35,81.03,
,TRUE,04/02/2025,SE,Coil,HOLD,,"10,000.00",133.6,134.27,124.55,129.41,129.41,"1,110",TRUE,FALSE,Miggoy,-1.00,-11.51%,04/02/2025,143.99,153.70,
,TRUE,04/23/2025,PLTR,Coil,HOLD,,"10,000.00",99,99.50,80.92,90.20,90.21,560,TRUE,FALSE,Neil,1.00,17.48%,04/23/2025,118.07,136.65,
,FALSE,05/02/2025,TSLA,Reversal,HOLD,,"10,000.00",308,309.54,259.62,284.58,284.58,210,FALSE,TRUE,Jeremy,,3.85%, ,359.46,409.38,
,TRUE,05/08/2025,HOOD,Reset,HOLD,,"10,000.00",51.31,51.57,44.97,48.27,48.27,"1,580",FALSE,TRUE,Miggoy,,12.22%, ,58.16,64.76,
,FALSE,05/09/2025,TSLA,Reversal,HOLD,,"10,000.00",295,296.48,271,283.74,283.74,420,TRUE,FALSE,Miggoy,1.50,17.34%,05/09/2025,321.95,347.43,
,TRUE,05/21/2025,GLD,Flat Coil,HOLD,For exposure,"10,000.00",317.63,319.22,291.78,305.50,305.50,390,TRUE,FALSE,Miggoy,-0.25,-0.66%,05/21/2025,346.66,374.09,
,TRUE,05/23/2025,EAT,Reset,HOLD,,"10,000.00",152.82,153.58,135,144.29,144.29,570,TRUE,FALSE,Neil,1.00,11.71%,05/23/2025,172.17,190.75,
,FALSE,05/26/2025,SLV,Coil/reset,HOLD,,"5,000.00",30.63,30.78,29,29.88,29.89,"3,070",FALSE,TRUE,Paul,,4.50%, ,32.57,34.35,
,FALSE,05/26/2025,ACHR,PB,HOLD,,"5,000.00",10.86,10.91,9.43,10.16,10.17,"3,500",FALSE,TRUE,Jeremy,,-10.90%, ,12.40,13.88,
,FALSE,05/26/2025,TOST,Pullback,HOLD,,"5,000.00",43.13,43.35,39.75,41.54,41.55,"1,480",TRUE,FALSE,Paul,-0.25,0.58%,05/26/2025,46.94,50.54,
,TRUE,05/28/2025,INOD,Reset,HOLD,,"10,000.00",41.95,42.16,33.61,37.87,37.88,"1,200",FALSE,TRUE,Neil,,14.31%, ,50.71,59.26,
,TRUE,05/28/2025,SCCO,Reversal,HOLD,,"10,000.00",95.48,95.96,88.54,92.24,92.25,"1,450",FALSE,TRUE,Neil,,2.17%, ,103.37,110.79,
,TRUE,05/28/2025,LMND,Reversal,HOLD,,"10,000.00",34,34.17,28.7,31.43,31.44,"1,890",TRUE,FALSE,Miggoy,1.00,10.21%,05/28/2025,39.64,45.11,
,TRUE,06/02/2025,PLTR,Reset,HOLD,,"10,000.00",133.5,134.17,110.16,122.16,122.16,430,TRUE,FALSE,Miggoy,-0.50,0.02%,06/02/2025,158.18,182.18,
,TRUE,06/02/2025,SPOT,Reset,HOLD,,"10,000.00",671.25,674.61,612.12,639.95,643.36,170,TRUE,FALSE,Miggoy,0.50,4.03%,06/02/2025,737.09,799.58,
,TRUE,06/03/2025,DUOL,Bluesky,HOLD,,"5,000.00",532,534.66,496.26,515.46,515.46,140,TRUE,FALSE,Miggoy,-0.25,-5.33%,06/03/2025,573.06,611.46,
,FALSE,06/03/2025,SMR,Pullback,ADJUST,,"5,000.00",33.23,33.40,29.6,31.50,31.50,"1,380",FALSE,TRUE,Neil,,8.68%, ,37.19,40.99,
,TRUE,06/03/2025,SOFI,Reset,HOLD,Cheat,"10,000.00",14,14.07,12.43,13.25,13.25,"6,370",FALSE,TRUE,Ange,,5.34%, ,15.71,17.35,
,FALSE,06/05/2025,UBER,Range,HOLD,DH,"5,000.00",84.72,85.14,80.11,82.63,82.63,"1,090",FALSE,TRUE,Jeremy,,1.12%, ,90.18,95.21,
,TRUE,06/09/2025,SOFI,reset,HOLD,,"10,000.00",14.79,14.86,12.74,13.80,13.80,"4,880",TRUE,FALSE,Jeremy,-0.25,5.67%,06/09/2025,16.99,19.11,
,TRUE,06/09/2025,TEM,cheat,HOLD,,"10,000.00",65.35,65.68,52.55,58.11,59.11,790,TRUE,FALSE,Paul,0.50,7.56%,06/09/2025,78.80,91.93,
,TRUE,06/10/2025,SCCO,Reversal,HOLD,,"10,000.00",,,,,,,FALSE,TRUE,Miggoy,,-2.35%, ,0.00,0.00,
,TRUE,06/10/2025,ETHA,Reset ,HOLD,,"10,000.00",,,,,,,FALSE,TRUE,Jeremy,,-8.94%, ,0.00,0.00,
,TRUE,06/11/2025,SMCI,Reversal,HOLD,,"10,000.00",44.73,44.95,38.99,41.97,41.97,"1,750",TRUE,FALSE,Miggoy,-0.50,2.92%,06/11/2025,50.92,56.88,
,TRUE,06/11/2025,ETHA,Reversal,HOLD,,"10,000.00",21.28,21.39,17.99,19.69,19.69,"3,040",TRUE,FALSE,Miggoy,-0.50,-11.40%,06/11/2025,24.78,28.18,
,TRUE,06/16/2025,IBIT,probe,HOLD,,"5,000.00",60.51,60.81,57,58.91,58.91,"1,430",TRUE,FALSE,Miggoy,-0.25,-5.06%,06/16/2025,64.63,68.44,
,TRUE,06/17/2025,ALAB,Cheat,HOLD,,"10,000.00",100.21,100.71,87.29,94.00,94.00,780,TRUE,FALSE,Miggoy,-0.50,-6.08%,06/17/2025,114.13,127.55,
,TRUE,06/17/2025,COIN ,Reset,HOLD,,"10,000.00",265.71,267.04,234.03,250.53,250.53,320,TRUE,FALSE,Jeremy,2.00,35.84%,06/17/2025,300.05,333.06,
,FALSE,06/17/2025,NFLX,Pullback,ADJUST,,"5,000.00",,,,,,,FALSE,TRUE,Ange,,4.78%, ,0.00,0.00,
,FALSE,06/17/2025,JOBY,Pullback,ADJUST,,"5,000.00",,,,,,,FALSE,TRUE,Jeremy,,2.08%, ,0.00,0.00,
,TRUE,06/20/2025,IBKR, Cheat,HOLD,,"10,000.00",53.55,53.82,49.15,51.48,51.48,"2,280",FALSE,TRUE,Paul,,5.10%, ,58.49,63.15,
,TRUE,06/24/2025,UBER,Coil,HOLD,,"10,000.00",86.48,86.91,82.31,84.61,84.61,"2,400",FALSE,TRUE,Neil,,0.52%, ,91.51,96.12,
,TRUE,06/24/2025,TOST,Coil,HOLD,,"10,000.00",44,44.22,41.12,42.67,42.67,"3,480",TRUE,FALSE,Neil,-0.25,-3.67%,06/24/2025,47.32,50.42,
,TRUE,06/25/2025,MSTR,Coil,HOLD,,"10,000.00",384.37,386.29,343.6,364.95,364.95,250,TRUE,FALSE,Neil,-0.50,3.50%,06/25/2025,428.98,471.68,
,TRUE,06/25/2025,RDDT,Cheat,HOLD,,"10,000.00",148.01,148.75,119.6,134.18,134.18,360,FALSE,TRUE,Paul,,12.46%, ,177.90,207.05,
,TRUE,06/25/2025,CPNG,Blue sky,HOLD,,"10,000.00",29.14,29.29,27.53,28.41,28.41,"6,220",TRUE,FALSE,Neil,-0.25,4.13%,06/25/2025,31.04,32.80,
,TRUE,06/26/2025,SMCI,Cheat,HOLD,,"10,000.00",47.81,48.05,39.11,43.58,43.58,"1,150",TRUE,FALSE,Neil,0.50,-1.44%,06/26/2025,56.99,65.93,
,TRUE,06/26/2025,IBKR,Cheat,HOLD,,"10,000.00",53.54,53.81,49.15,51.48,51.48,"2,280",TRUE,FALSE,Miggoy,1.00,8.56%,06/26/2025,58.47,63.12,
,TRUE,06/27/2025,AS,Coil,HOLD,,"10,000.00",38.49,38.68,35.91,37.30,37.30,"3,880",TRUE,FALSE,Neil,-0.50,-2.67%,06/27/2025,41.45,44.23,
,TRUE,06/27/2025,SE,Coil,HOLD,,"10,000.00",160.6,161.40,149.84,155.62,155.62,930,TRUE,FALSE,Ange,-0.50,-5.15%,06/27/2025,172.97,184.53,
,FALSE,07/02/2025,CRCL,Range,HOLD,,"5,000.00",194.01,194.98,165,179.99,179.99,180,FALSE,TRUE,Neil,,12.76%, ,224.96,254.94,
,TRUE,07/03/2025,IBIT,Coil,HOLD,,"10,000.00",63.71,64.03,56.62,60.32,60.32,"1,420",TRUE,FALSE,Miggoy,0.50,3.71%,07/03/2025,71.44,78.85,"90,920.54"
,FALSE,07/03/2025,COIN,Pullback,HOLD,DH,"5,000.00",357.17,358.96,332.9,345.93,345.93,210,TRUE,FALSE,Jeremy,1.50,9.32%,07/03/2025,385.01,411.07,"75,380.73"
,TRUE,07/03/2025,SLV,Bluesky,HOLD,,"10,000.00",33.88,34.05,32.05,33.05,33.05,"5,470",TRUE,FALSE,Miggoy,1.00,0.72%,07/03/2025,36.05,38.05,"186,250.22"
,FALSE,07/07/2025,CRCL,Range,HOLD,,"5,000.00",194.01,194.98,165,179.99,179.99,180,TRUE,FALSE,Neil,-0.25,-1.33%,07/07/2025,224.96,254.94,"35,096.41"
,TRUE,07/07/2025,AS,Coil,HOLD,,"10,000.00",40.22,40.42,34.99,37.71,37.71,"1,920",FALSE,TRUE,Neil,,1.83%, ,45.85,51.28,"77,608.51"
,TRUE,07/08/2025,TOST,Coil,HOLD,,"10,000.00",45.56,45.79,39.75,42.77,42.77,"1,730",TRUE,FALSE,Neil,-0.50,1.84%,07/08/2025,51.83,57.86,"465,256.41"
,FALSE,07/08/2025,XLU,Coil,HOLD,,"10,000.00",82.26,82.67,79.78,81.23,81.23,"4,040",TRUE,FALSE,Ange,-0.25,1.06%,07/08/2025,85.56,88.45,"232,628.20"
,TRUE,07/10/2025,AAPL,Reversal,HOLD,Break 200,"10,000.00",216.23,217.31,200,208.66,208.66,620,FALSE,TRUE,Miggoy,,-1.13%, ,234.62,251.93,
,FALSE,07/14/2025,OKLO,Range/probe,HOLD,,"5,000.00",57.66,57.95,48.71,53.33,53.33,560,FALSE,TRUE,Jeremy,,0.16%, ,67.19,76.42,
88,TRUE,07/15/2025,KWEB,Reset,HOLD,,"10,000.00",35.36,35.54,33.22,34.38,34.38,"4,680",TRUE,FALSE,Neil,0.50,2.16%,07/15/2025,37.85,40.17,
,TRUE,07/16/2025,QBTS,Coil,HOLD,,"10,000.00",17.55,17.64,14.37,16.00,16.00,"3,150",TRUE,FALSE,Neil,0.00,20.05%,07/16/2025,20.91,24.17,
,TRUE,07/21/2025,GLD,reset,HOLD,,"10,000.00",311.1,312.66,299.89,306.26,306.27,900,TRUE,FALSE,Paul,-0.25,-2.47%,07/21/2025,325.42,338.19,
,TRUE,07/22/2025,UBER,Range,HOLD,,"5,000.00",92.2,92.66,88,90.32,90.33,"1,200",FALSE,TRUE,Jeremy,,-5.10%, ,97.32,101.98,
,TRUE,07/23/2025,AAPL,Reset,HOLD,,"10,000.00",216.24,217.32,207.08,212.19,212.20,"1,100",FALSE,TRUE,Jeremy,,-2.38%, ,227.56,237.80,
,FALSE,07/23/2025,UBER,Range,HOLD,,"5,000.00",92.27,92.73,88,90.36,90.37,"1,180",FALSE,TRUE,Jeremy,,-2.56%, ,97.46,102.19,
,TRUE,07/23/2025,NIU,Reset,HOLD,,"5,000.00",3.94,3.96,3.27,3.60,3.61,"7,470",FALSE,TRUE,Neil,,-7.03%, ,4.65,5.34,
,FALSE,07/24/2025,RGTI,PB,HOLD,,"5,000.00",16.56,16.64,14.18,15.40,15.41,"2,110",FALSE,TRUE,Neil,,-9.09%, ,19.11,21.57,
,FALSE,07/28/2025,GDX,Coil,HOLD,HL pattern,"10,000.00",54.78,55.05,50.45,52.75,52.75,"2,310",FALSE,TRUE,Ange,,4.47%, ,59.66,64.26,
,TRUE,07/29/2025,RBRK,Coil,HOLD,,"10,000.00",89.61,90.06,80,85.03,85.03,"1,050",TRUE,FALSE,Neil,0.00,-1.88%,07/29/2025,100.12,110.17,
,TRUE,07/29/2025,HD,Reversal,HOLD,,"10,000.00",381.09,383.00,359.84,371.42,371.42,480,FALSE,TRUE,Neil,,2.14%, ,406.15,429.31,
,TRUE,07/31/2025,IBIT,Bluesky,HOLD,,"10,000.00",68.39,68.73,64,66.37,66.37,"2,280",FALSE,TRUE,Miggoy,,0.77%, ,73.46,78.20,
,TRUE,07/31/2025,AS,Coil,HOLD,,"10,000.00",40.21,40.41,36.42,38.42,38.42,"2,640",FALSE,TRUE,Neil,,0.77%, ,44.40,48.39,
,TRUE,08/01/2025,WMT,Reset,HOLD,,"10,000.00",98.88,99.37,95.12,97.25,97.25,"2,660",TRUE,FALSE,Miggoy,1.00,5.32%,08/01/2025,103.63,107.88,
,FALSE,08/04/2025,KWEB,Coil,HOLD,Retest,"5,000.00",35.2,35.38,33.43,34.40,34.40,"2,830",TRUE,FALSE,Ange,1.00,0.65%,08/04/2025,37.32,39.27,
,TRUE,08/04/2025,GLD,Reset,HOLD,,"10,000.00",313.53,315.10,299.08,307.09,307.09,700,FALSE,TRUE,Miggoy,,-0.76%, ,331.12,347.13,
,FALSE,08/05/2025,NFLX,Range,HOLD,,"5,000.00",1191,"1,196.96",1142,1169.48,"1,169.48",110,FALSE,TRUE,Jeremy,,6.74%, ,"1,251.91","1,306.87",
,FALSE,08/05/2025,GRAB,Range,HOLD,,"5,000.00",5.01,5.04,4.72,4.88,4.88,"17,250",TRUE,FALSE,Jeremy,-0.50,0.40%,08/05/2025,5.35,5.67,
,FALSE,08/07/2025,NFLX,Range,HOLD,,"5,000.00",1190,"1,195.95",1143,1169.00,"1,169.48",110,FALSE,TRUE,Miggoy,,4.25%, ,"1,248.90","1,301.85",
,TRUE,08/07/2025,TSLA,Reset,HOLD,,"10,000.00",330.49,332.14,303.07,317.61,317.61,370,TRUE,FALSE,Neil,-0.25,4.13%,,361.21,390.29,
,TRUE,08/07/2025,AS,Coil,HOLD,,"10,000.00",40.22,40.42,36.69,38.56,38.56,"2,840",FALSE,TRUE,Neil,,0.24%,,44.15,47.88,
,FALSE,08/12/2025,KO,Reset,HOLD,,"10,000.00",70.88,71.23,68.63,69.93,69.93,"4,450",TRUE,FALSE,Ange,-0.25,-0.82%,,73.84,76.44,
,TRUE,08/13/2025,QBTS,Coil,HOLD,,"10,000.00",19.18,19.28,16.11,17.69,17.69,"3,260",FALSE,TRUE,Neil,,-19.25%,,22.44,25.61,
,TRUE,08/13/2025,JBL,Coil,HOLD,,"10,000.00",232.84,234.00,212.3,223.15,223.15,490,FALSE,TRUE,Neil,,-6.86%,,255.71,277.41,
,TRUE,08/19/2025,TSLA,Reset,HOLD,,"10,000.00",339.31,341.01,297.82,319.41,319.41,250,TRUE,FALSE,Paul,-0.50,6.79%,,384.19,427.38,
,FALSE,08/19/2025,ETHA,Pullback,HOLD,,"2,500.00",,,,,,,FALSE,TRUE,Miggoy,,11.25%,,0.00,0.00,
,TRUE,08/25/2025,TSLA,Reset,HOLD,,"10,000.00",349.01,350.76,298,324.38,324.38,200,TRUE,FALSE,Jeremy,-0.50,-4.97%,,403.51,456.27,
,FALSE,08/25/2025,ARRY,Momentum,ADJUST,,"5,000.00",9.21,9.26,7.85,8.55,8.55,"3,680",TRUE,FALSE,Neil,-0.25,-1.82%,,10.66,12.07,
,FALSE,08/25/2025,KWEB,Big picture reversal,HOLD,,"5,000.00",39.17,39.37,33.43,36.40,36.40,880,TRUE,FALSE,Paul,0.50,-0.75%,,45.30,51.24,
,FALSE,08/25/2025,RGTI,Range,HOLD,,"5,000.00",15.16,15.24,12.9,14.39,14.07,"2,220",FALSE,TRUE,Jeremy,,7.26%,,17.57,19.91,
,TRUE,08/27/2025,GLD,Reset,HOLD,,"10,000.00",316.25,317.83,300,308.92,308.92,620,TRUE,FALSE,Neil,2.00,4.93%,,335.66,353.49,
,TRUE,08/27/2025,DAVE,Reset,HOLD,,"5,000.00",211.81,212.87,176.27,194.57,194.57,150,TRUE,FALSE,Neil,-0.50,-1.45%,,249.47,286.07,
,FALSE,08/27/2025,CEG,RANGE,HOLD,,"5,000.00",318.49,320.08,301,310.54,310.54,290,TRUE,FALSE,Ange,-0.25,-2.36%,,339.16,358.25,
,TRUE,08/27/2025,JPM,Coil,HOLD,,"10,000.00",301.29,302.80,284.24,293.52,293.52,590,TRUE,FALSE,Neil,-0.50,0.08%,,321.35,339.91,
,TRUE,08/28/2025,TCOM,Reset,HOLD,,"10,000.00",66.51,66.84,58.44,62.64,62.64,"1,240",FALSE,TRUE,Miggoy,,-2.72%,,75.25,83.65,
,FALSE,08/28/2025,COP,Reset/Cheat,HOLD,,"10,000.00",98.64,99.13,91.18,95.16,95.16,"1,350",FALSE,TRUE,Paul,,-2.72%,,107.09,115.04,
,FALSE,08/29/2025,AMD,Range,HOLD,,"5,000.00",171,171.86,157.58,164.72,164.72,380,FALSE,TRUE,Neil,,-7.07%,,186.13,200.41,
,FALSE,08/29/2025,FSLR,Range,HOLD,,"5,000.00",201,202.01,191.05,196.53,196.53,510,FALSE,TRUE,Ange,,5.10%,,212.96,223.92,
,TRUE,09/02/2025,XLRE,Reset,HOLD,,"10,000.00",42.6,42.81,40.68,41.75,41.75,"5,210",FALSE,TRUE,Neil,,0.70%,,44.95,47.08,
,FALSE,09/02/2025,RDDT,Pullback,HOLD,,"5,000.00",227.91,229.05,208.23,218.64,218.64,260,FALSE,TRUE,Miggoy,,9.15%,,249.87,270.69,
,TRUE,09/03/2025,PDD,Reset,HOLD,,"5,000.00",123.08,123.70,114.87,119.28,119.28,610,TRUE,FALSE,Ange,1.00,0.23%,,132.52,141.35,
,TRUE,09/04/2025,NFLX,Reset,HOLD,,"5,000.00",1238,"1,244.19",1182,1182.00,"1,213.10",90,TRUE,FALSE,Miggoy,-0.25,-4.29%,,"1,306.38","1,368.57",
,TRUE,09/04/2025,IBKR,Coil,HOLD,,"10,000.00",,,,,,,FALSE,TRUE,Neil,,-1.46%,,0.00,0.00,
,FALSE,09/05/2025,ALAB,Bluesky,HOLD,,"10,000.00",191.3,192.26,161.38,176.82,176.82,340,FALSE,TRUE,Jeremy,,20.03%,,223.13,254.01,
,FALSE,09/05/2025,XLV,Reversal,HOLD,,"10,000.00",,,,,,,FALSE,TRUE,Ange,,0.15%,,0.00,0.00,
,FALSE,09/05/2025,IONQ,Reset,HOLD,,"10,000.00",,,,,,,FALSE,TRUE,Neil,,33.04%,,0.00,0.00,
,TRUE,09/08/2025,XLRE,reset,HOLD,,"10,000.00",42.6,42.81,40.48,41.64,41.65,"4,720",TRUE,FALSE,Paul,-0.25,0.95%,,45.15,47.48,
,TRUE,09/08/2025,AMPX,Coil,HOLD,,"10,000.00",,,,,,,FALSE,TRUE,Neil,,8.84%,,0.00,0.00,
,TRUE,09/09/2025,AMPX,Coil,HOLD,,"10,000.00",7.95,7.99,6.36,7.16,7.17,"6,290",FALSE,TRUE,Paul,,16.88%,,9.62,11.25,
,TRUE,09/09/2025,ARKK,Coil,HOLD,,"10,000.00",,,,,,,FALSE,TRUE,Miggoy,,4.83%,,0.00,0.00,
,FALSE,09/10/2025,IONQ,Reset,HOLD,,"10,000.00",44.95,45.17,36.65,40.90,40.91,"1,210",TRUE,FALSE,Neil,2.00,49.20%,,53.70,62.22,
,FALSE,09/11/2025,ETHA,COil,HOLD,,"5,000.00",33.75,33.92,31.09,32.50,32.50,"1,880",FALSE,TRUE,Ange,,3.70%,,36.75,39.58,
,FALSE,09/12/2025,COIN,Range,HOLD,,"5,000.00",330,331.65,292.56,312.11,312.11,140,FALSE,TRUE,Neil,,6.01%,,370.74,409.83,
,TRUE,09/12/2025,AMPX,Reset,HOLD,,"10,000.00",8.5,8.54,6.36,7.45,7.45,"4,680",TRUE,FALSE,Jeremy,1.00,44.77%,,10.73,12.91,
,TRUE,09/15/2025,ARKK,Coil,HOLD,,"10,000.00",79.2,79.60,72.43,76.01,76.01,"1,480",FALSE,TRUE,Miggoy,,5.27%,,86.76,93.93,
,TRUE,09/15/2025,BLDP,Coil,HOLD,,"10,000.00",,,,,,,FALSE,TRUE,Ange,,32.72%,,0.00,0.00,
,TRUE,09/15/2025,AAOI,Reset,HOLD,,"10,000.00",,,,,,,FALSE,TRUE,Neil,,3.32%,,0.00,0.00,
,FALSE,09/17/2025,BTDR,momentum,HOLD,,"5,000.00",16.79,16.87,14.05,15.46,15.46,"1,830",TRUE,FALSE,Neil,-0.25,3.42%,,19.70,22.52,
,TRUE,09/18/2025,SOUN,Reset,HOLD,,"10,000.00",15.53,15.61,11.86,13.73,13.73,"2,730",TRUE,FALSE,Paul,1.00,4.61%,,19.36,23.10,
,TRUE,09/18/2025,ETHA,Coil,HOLD,,"10,000.00",35.38,35.56,31.06,33.31,33.31,"2,320",FALSE,TRUE,Miggoy,,-14.83%,,40.05,44.55,
,TRUE,09/18/2025,AMD,Falling Coil,HOLD,,"10,000.00",,,,,,,FALSE,TRUE,Neil,,2.12%,,0.00,0.00,
,TRUE,09/18/2025,SPOT ,Reset,hold,,"10,000.00",,,,,,,FALSE,TRUE,Jeremy,,-2.93%,,0.00,0.00,
,FALSE,09/19/2025,GRRR,Reversal,HOLD,,"5,000.00",21.48,21.59,15.76,18.67,18.67,880,TRUE,FALSE,Paul,-0.50,-7.40%,,27.41,33.24,
,FALSE,09/22/2025,RCL,Range,HOLD,,"5,000.00",,,,,,,FALSE,TRUE,Ange,,-0.77%,,0.00,0.00,
,FALSE,09/22/2025,SLDP,Range,HOLD,,"5,000.00",,,,,,,FALSE,TRUE,Jeremy,,-22.30%,,0.00,0.00,
,FALSE,09/29/2025,CPNG,Pullback,HOLD,,"5,000.00",32.3,32.46,30.43,31.32,31.45,"2,680",TRUE,FALSE,Ange,-0.50,-1.22%,,34.49,36.52,
,FALSE,09/30/2025,AMD,Coil,HOLD,swing,"10,000.00",165.1,165.93,149.84,157.88,157.88,660,TRUE,FALSE,Neil,2.00,30.73%,,182.01,198.10,
,FALSE,09/30/2025,COIN,Reset,HOLD,swing,"10,000.00",351.9,353.66,303.39,328.52,328.52,210,FALSE,TRUE,Miggoy,,11.35%,,403.93,454.20,
,TRUE,10/01/2025,IBIT,Reset,HOLD,Position,"10,000.00",67.05,67.39,61.31,63.65,64.35,"1,750",TRUE,FALSE,Miggoy,0.50,4.97%,,73.46,79.54,
,FALSE,10/01/2025,GEV,Coil,HOLD,swing,"10,000.00",619.76,622.86,565.49,594.17,594.17,190,FALSE,TRUE,Neil,,3.18%,,680.23,737.60,
,FALSE,10/02/2025,IONQ,Pullback,ADJUST,,"5,000.00",64.86,65.18,57.13,61.16,61.16,650,TRUE,FALSE,Ange,1.00,11.35%,,73.24,81.29,
,TRUE,10/02/2025,MSFT,Coil,HOLD,position,"10,000.00",522.83,525.44,492.37,508.91,508.91,330,TRUE,FALSE,Neil,-0.25,1.29%,,558.52,591.59,
,FALSE,10/02/2025,OKLO,Pullback,HOLD,,"5,000.00",,,,,,,FALSE,TRUE,Ange,,7.24%,,0.00,0.00,
,FALSE,10/03/2025,AMZN,range,HOLD,swing,"5,000.00",222.82,223.93,213,218.47,218.47,510,TRUE,FALSE,Jeremy,-0.50,-1.43%,,234.87,245.80,
,FALSE,10/03/2025,GOOGL,Pullback,HOLD,,"5,000.00",246.82,248.05,236.25,242.15,242.15,480,TRUE,FALSE,Ange,-0.25,-3.58%,,259.86,271.66,
,FALSE,10/03/2025,TCOM,Pullback,HOLD,,"5,000.00",75.69,76.07,72.5,74.28,74.28,"1,570",FALSE,TRUE,Ange,,-4.42%,,79.64,83.21,
,FALSE,10/06/2025,GRAB,Pullback,ADJUST,swing,"5,000.00",6.22,6.25,5.83,6.04,6.04,"12,830",FALSE,TRUE,Paul,,-7.20%,,6.67,7.09,
,FALSE,10/07/2025,MP,Coil,HOLD,,"10,000.00",77.13,77.52,61.4,69.46,69.46,640,TRUE,FALSE,Ange,-0.50,33.73%,,93.63,109.75,
,FALSE,10/07/2025,SOFI,Range,HOLD,Swing,"5,000.00",27.14,27.28,23.7,25.31,25.49,"1,460",FALSE,TRUE,Miggoy,,-0.96%,,30.85,34.43,
,FALSE,10/09/2025,BLSH,Reversal,HOLD,Swing,"10,000.00",70,70.35,57.12,63.74,63.74,780,TRUE,FALSE,Miggoy,-0.50,-13.73%,,83.58,96.81,
,FALSE,10/09/2025,MP,Reset,HOLD,Swing,"10,000.00",80,80.40,61.4,70.90,70.90,540,TRUE,FALSE,Paul,1.00,15.98%,,99.40,118.40,
,FALSE,10/14/2025,SMR,Reset,HOLD,Swing,"10,000.00",47.27,47.51,33,40.25,40.25,710,TRUE,FALSE,Paul,-0.25,-16.20%,,62.01,76.52,
,TRUE,10/15/2025,ETHA,Reset,HOLD,Position,"5,000.00",31.5,31.66,28.38,29.48,30.02,"1,610",FALSE,TRUE,Miggoy,,-4.61%,,34.94,38.21,
,FALSE,10/16/2025,VST,Reset,HOLD,Swing,"10,000.00",219.82,220.92,189.48,205.20,205.20,330,FALSE,TRUE,Miggoy,,-9.04%,,252.36,283.80,
,TRUE,10/20/2025,KWEB,Reset,HOLD,Position,"5,000.00",40.04,40.24,37.88,38.77,39.06,"2,320",TRUE,FALSE,Paul,0.00,2.45%,,42.60,44.96,
,FALSE,10/20/2025,MP,PB,HOLD,Swing,"5,000.00",84.15,84.57,73.43,78.80,79.00,470,FALSE,TRUE,Neil,,-20.90%,,95.71,106.85,
,TRUE,10/20/2025,IBIT,Reset,HOLD,Position,"5,000.00",61.43,61.74,56.63,59.18,59.18,"1,050",FALSE,TRUE,Miggoy,,3.73%,,66.84,71.95,
,FALSE,10/21/2025,CPNG,Coil,HOLD,swing,"10,000.00",31.89,32.05,29.81,31.13,30.93,"4,810",TRUE,FALSE,Neil,0.00,1.56%,,34.29,36.53,
,FALSE,10/21/2025,MDB,Coil,HOLD,swing,"10,000.00",338.01,339.70,297.54,318.62,318.62,250,TRUE,FALSE,Neil,1.00,3.28%,,381.86,424.02,
,FALSE,10/21/2025,EMBJ,Coil,HOLD,swing,"5,000.00",62.01,62.32,56,59.16,59.16,840,TRUE,FALSE,Paul,0.50,4.86%,,68.64,74.96,
,TRUE,10/24/2025,IBIT,Reset,HOLD,Position,"2,500.00",65.33,65.66,60.96,60.96,63.31,580,TRUE,FALSE,Miggoy,-1.00,-0.84%,,70.35,75.05,
,FALSE,10/24/2025,NBIS,Pullback,HOLD,,"5,000.00",108.18,108.72,86.12,97.75,97.42,230,FALSE,TRUE,Ange,,11.56%,,131.32,153.92,
,TRUE,10/27/2025,ETHA,Reset,HOLD,Position,"2,500.00",31.74,31.90,28.56,28.56,30.23,790,TRUE,FALSE,Miggoy,-1.00,-14.68%,,35.24,38.58,
,FALSE,10/27/2025,ZK,Reset,HOLD,Swing,"5,000.00",30.85,31.00,28.33,29.51,29.67,"1,990",FALSE,TRUE,Miggoy,, ,,33.68,36.35,
,FALSE,10/27/2025,ARKK,Coil,HOLD,Swing,"10,000.00",92.66,93.12,83.57,88.35,88.35,"1,110",FALSE,TRUE,Neil,,-2.99%,,102.68,112.23,
,FALSE,10/28/2025,TSLA,Coil,HOLD,Swing,"10,000.00",470.75,473.10,413.9,443.50,443.50,180,FALSE,TRUE,Miggoy,,-3.54%,,532.31,591.51,
,FALSE,10/29/2025,TSM,blue sky,HOLD,swing,"10,000.00",303.66,305.18,275.06,290.12,290.12,350,FALSE,TRUE,Neil,,-3.75%,,335.30,365.41,
,FALSE,11/03/2025,TSLA,Coil,HOLD,Swing,"10,000.00",467.01,469.35,414.12,441.73,441.73,190,TRUE,FALSE,Neil,-0.50,-4.94%,,524.57,579.80,
,FALSE,11/03/2025,TSM,Coil,HOLD,Swing,"10,000.00",307.97,309.51,280.32,294.91,294.91,370,TRUE,FALSE,Miggoy,-0.50,-3.15%,,338.70,367.89,
,TRUE,11/04/2025,AROC,Reset,HOLD,Position,"10,000.00",26.21,26.34,23.5,24.92,24.92,"3,700",FALSE,TRUE,Neil,,-2.96%,,29.18,32.02,
,FALSE,11/04/2025,GRAB,Coil,HOLD,Swing,"10,000.00",6.24,6.27,5.5,5.89,5.89,"13,520",FALSE,TRUE,Neil,,1.55%,,7.04,7.81,
,TRUE,11/04/2025,KWEB,Reversal,HOLD,Position,"5,000.00",40.52,40.72,38.37,39.55,39.55,"2,330",FALSE,TRUE,Miggoy,,1.38%,,43.08,45.43,
,FALSE,11/06/2025,TSLA,Coil,HOLD,swing,"10,000.00",474.07,476.44,413.9,440.70,445.17,170,FALSE,TRUE,Paul,,-9.85%,,538.98,601.52,
,FALSE,11/06/2025,GLD,Range,HOLD,swing,"5,000.00",369.07,370.92,350,360.46,360.46,270,TRUE,FALSE,Jeremy,0.50,4.59%,,391.83,412.75,
,FALSE,11/06/2025,KWEB,Range,HOLD,swing,"5,000.00",39.84,40.04,38.08,38.96,39.06,"2,850",TRUE,FALSE,Jeremy,-0.25,-1.75%,,42.00,43.96,
,FALSE,11/10/2025,WMT,Range,HOLD,,"5,000.00",103.25,103.77,100.03,101.90,101.90,"1,560",TRUE,FALSE,Jeremy,-1.00,0.52%,,107.50,111.24,
,FALSE,11/11/2025,MSFT,Range,HOLD,swing,"5,000.00",511.34,513.90,490,501.95,501.95,240,TRUE,FALSE,Jeremy,-0.25,-2.93%,,537.79,561.69,
,FALSE,11/12/2025,COPX,Coil,HOLD,Swing,"10,000.00",63.88,64.20,57.41,60.80,60.80,"1,550",FALSE,TRUE,Neil,,-5.48%,,70.99,77.78,
,FALSE,11/12/2025,DAVE,Reset,HOLD,Swing,"5,000.00",273.12,274.49,195.03,234.76,234.76,70,FALSE,TRUE,Miggoy,,-21.30%,,353.94,433.40,
,FALSE,11/13/2025,XEL,Coil,HOLD,Swing,"10,000.00",82.69,83.10,76.94,80.02,80.02,"1,740",FALSE,TRUE,Neil,,-0.81%,,89.27,95.43,
,FALSE,11/13/2025,UAL,Falling Coil,HOLD,Swing,"10,000.00",100.7,101.20,89.15,95.18,95.18,870,TRUE,FALSE,Miggoy,-0.50,-7.33%,,113.26,125.31,
,TRUE,11/17/2025,CVX,Reset,HOLD,Position,"10,000.00",159.19,159.99,148.89,154.43,154.44,980,FALSE,TRUE,Neil,,-3.27%,,171.08,182.18,
,FALSE,11/18/2025,XLU,Coil,HOLD,Swing,"10,000.00",90.36,90.81,86.3,88.56,88.56,"2,470",FALSE,TRUE,Ange,,-0.45%,,95.32,99.84,
,FALSE,11/25/2025,ERO,Coil,HOLD,Swing,"5,000.00",22.97,23.08,19.09,21.09,21.09,"1,290",TRUE,FALSE,Neil,0.50,6.56%,,27.08,31.07,
,TRUE,11/26/2025,GLD,coil,HOLD,position,"10,000.00",388.18,390.12,364.84,377.48,377.48,430,TRUE,FALSE,Paul,,0.98%,,415.40,440.68,
,TRUE,11/28/2025,GEV,Reset,HOLD,Position,"10,000.00",596.98,599.96,508.61,554.29,554.29,120,TRUE,FALSE,Miggoy,1.00,5.26%,,691.32,782.67,
,TRUE,11/28/2025,COPX,Coil,HOLD,Position,"10,000.00",,,,,,,FALSE,TRUE,Neil,,5.77%,,0.00,0.00,
,FALSE,11/28/2025,BABA,Falling Coil,HOLD,Swing,"10,000.00",,,,,,,FALSE,TRUE,Miggoy,,0.65%,,0.00,0.00,
,FALSE,11/28/2025,TSM,Falling Coil,HOLD,Swing,"10,000.00",292.85,294.31,265.43,279.87,279.87,370,TRUE,FALSE,Miggoy,0.00,1.10%,,323.20,352.08,
,FALSE,12/01/2025,NEE,Coil,HOLD,Swing,"10,000.00",86.7,87.13,81.64,84.39,84.39,"1,980",FALSE,TRUE,Neil,,-4.84%,,92.63,98.12,
,FALSE,12/02/2025,BABA,Coil,HOLD,Swing,"10,000.00",166.38,167.21,148.64,157.93,157.93,570,FALSE,TRUE,Neil,,-3.21%,,185.78,204.36,
,FALSE,12/04/2025,NEE,Coil,HOLD,Swing,"10,000.00",86.7,87.13,81.64,84.39,84.39,"1,980",FALSE,TRUE,Neil,,-2.61%,,92.63,98.12,
,FALSE,12/04/2025,CCJ,Range,HOLD,Swing,"5,000.00",90.4,90.85,80.53,85.69,85.69,510,TRUE,FALSE,Miggoy,-0.25,1.75%,,101.17,111.50,
,FALSE,12/04/2025,AROC,Reset,HOLD,Swing,"10,000.00",24.8,24.92,22.88,23.90,23.90,"5,210",TRUE,FALSE,Neil,-0.50,4.49%,,26.97,29.01,
,FALSE,12/09/2025,JOBY,Reset,HOLD,,"10,000.00",15.87,15.95,12.99,14.47,14.47,"3,480",TRUE,FALSE,Neil,-0.50,-8.87%,,18.91,21.87,
,FALSE,12/10/2025,ALAB,Falling Coil,HOLD,,"10,000.00",176.65,177.53,140.5,159.02,159.02,280,FALSE,TRUE,Miggoy,,-14.65%,,214.57,251.60,
,FALSE,12/10/2025,NVDA,Falling Coil,HOLD,,"10,000.00",,,,,,,FALSE,TRUE,Paul,,-6.99%,,0.00,0.00,
,FALSE,12/11/2025,NVDA,Coil,HOLD,Swing,"10,000.00",188.01,188.95,169.55,179.25,179.25,550,FALSE,TRUE,Miggoy,,-3.75%,,208.35,227.75,
,FALSE,12/11/2025,HOOD,reset,HOLD,Swing,"10,000.00",139.76,140.46,118.86,129.66,129.66,480,FALSE,TRUE,Paul,,-5.04%,,162.06,183.66,
,FALSE,12/15/2025,BTU,Reset,HOLD,Swing,"10,000.00",30.63,30.78,25.46,28.49,28.12,"1,940",TRUE,FALSE,Neil,,9.06%,,36.11,41.43,
,,,,,,,,,,,,,,FALSE,FALSE,,, ,,0.00,0.00,
,,,,,,,,,,,,,,FALSE,FALSE,,, ,,0.00,0.00,
,,,,,,,,,,,,,,FALSE,FALSE,,, ,,0.00,0.00,
,,,,,,,,,,,,,,FALSE,FALSE,,, ,,0.00,0.00,
,,,,,,,,,,,,,,FALSE,FALSE,,, ,,0.00,0.00,
,,,,,,,,,,,,,,FALSE,FALSE,,, ,,0.00,0.00,
,,,,,,,,,,,,,,FALSE,FALSE,,, ,,0.00,0.00,
,,,,,,,,,,,,,,FALSE,FALSE,,, ,,0.00,0.00,
,,,,,,,,,,,,,,FALSE,FALSE,,, ,,0.00,0.00,
,,,,,,,,,,,,,,FALSE,FALSE,,, ,,0.00,0.00,
,,,,,,,,,,,,,,FALSE,FALSE,,, ,,0.00,0.00,
,,,,,,,,,,,,,,FALSE,FALSE,,, ,,0.00,0.00,
,,,,,,,,,,,,,,FALSE,FALSE,,, ,,0.00,0.00,
,,,,,,,,,,,,,,FALSE,FALSE,,, ,,0.00,0.00,
,,,,,,,,,,,,,,FALSE,FALSE,,, ,,0.00,0.00,
,,,,,,,,,,,,,,FALSE,FALSE,,, ,,0.00,0.00,
,,,,,,,,,,,,,,FALSE,FALSE,,, ,,0.00,0.00,
,,,,,,,,,,,,,,FALSE,FALSE,,, ,,0.00,0.00,
,,,,,,,,,,,,,,FALSE,FALSE,,, ,,0.00,0.00,
,,,,,,,,,,,,,,FALSE,FALSE,,, ,,0.00,0.00,
,,,,,,,,,,,,,,FALSE,FALSE,,, ,,0.00,0.00,
,,,,,,,,,,,,,,FALSE,FALSE,,, ,,0.00,0.00,
,,,,,,,,,,,,,,FALSE,FALSE,,, ,,0.00,0.00,
,,,,,,,,,,,,,,FALSE,FALSE,,, ,,0.00,0.00,
,,,,,,,,,,,,,,FALSE,FALSE,,, ,,0.00,0.00,
,,,,,,,,,,,,,,FALSE,FALSE,,, ,,0.00,0.00,
,,,,,,,,,,,,,,FALSE,FALSE,,, ,,0.00,0.00,
,,,,,,,,,,,,,,FALSE,FALSE,,, ,,0.00,0.00,
,,,,,,,,,,,,,,FALSE,FALSE,,, ,,0.00,0.00,
,,,,,,,,,,,,,,FALSE,FALSE,,, ,,0.00,0.00,
,,,,,,,,,,,,,,FALSE,FALSE,,, ,,0.00,0.00,
,,,,,,,,,,,,,,FALSE,FALSE,,, ,,0.00,0.00,
,,,,,,,,,,,,,,FALSE,FALSE,,, ,,0.00,0.00,
,,,,,,,,,,,,,,FALSE,FALSE,,, ,,0.00,0.00,
,,,,,,,,,,,,,,FALSE,FALSE,,, ,,0.00,0.00,
,,,,,,,,,,,,,,FALSE,FALSE,,, ,,0.00,0.00,
,,,,,,,,,,,,,,FALSE,FALSE,,, ,,0.00,0.00,
,,,,,,,,,,,,,,FALSE,FALSE,,, ,,0.00,0.00,
,,,,,,,,,,,,,,FALSE,FALSE,,, ,,0.00,0.00,
,,,,,,,,,,,,,,FALSE,FALSE,,, ,,0.00,0.00,
,,,,,,,,,,,,,,FALSE,FALSE,,, ,,0.00,0.00,
,,,,,,,,,,,,,,FALSE,FALSE,,, ,,0.00,0.00,
,,,,,,,,,,,,,,FALSE,FALSE,,, ,,0.00,0.00,
,,,,,,,,,,,,,,FALSE,FALSE,,, ,,0.00,0.00,
,,,,,,,,,,,,,,FALSE,FALSE,,, ,,0.00,0.00,
,,,,,,,,,,,,,,FALSE,FALSE,,, ,,0.00,0.00,
,,,,,,,,,,,,,,FALSE,FALSE,,, ,,0.00,0.00,
,,,,,,,,,,,,,,FALSE,FALSE,,, ,,0.00,0.00,
,,,,,,,,,,,,,,FALSE,FALSE,,, ,,0.00,0.00,
,,,,,,,,,,,,,,FALSE,FALSE,,, ,,0.00,0.00,
,,,,,,,,,,,,,,FALSE,FALSE,,, ,,0.00,0.00,
,,,,,,,,,,,,,,FALSE,FALSE,,, ,,0.00,0.00,
,,,,,,,,,,,,,,FALSE,FALSE,,, ,,0.00,0.00,
,,,,,,,,,,,,,,FALSE,FALSE,,, ,,0.00,0.00,
,,,,,,,,,,,,,,FALSE,FALSE,,, ,,0.00,0.00,
,,,,,,,,,,,,,,FALSE,FALSE,,, ,,0.00,0.00,
,,,,,,,,,,,,,,FALSE,FALSE,,, ,,0.00,0.00,
,,,,,,,,,,,,,,FALSE,FALSE,,, ,,0.00,0.00,
,,,,,,,,,,,,,,FALSE,FALSE,,, ,,0.00,0.00,
,,,,,,,,,,,,,,FALSE,FALSE,,, ,,0.00,0.00,
,,,,,,,,,,,,,,FALSE,FALSE,,, ,,0.00,0.00,
,,,,,,,,,,,,,,FALSE,FALSE,,, ,,0.00,0.00,
,,,,,,,,,,,,,,FALSE,FALSE,,, ,,0.00,0.00,
,,,,,,,,,,,,,,FALSE,FALSE,,, ,,0.00,0.00,
,,,,,,,,,,,,,,FALSE,FALSE,,, ,,0.00,0.00,
,,,,,,,,,,,,,,FALSE,FALSE,,, ,,0.00,0.00,
,,,,,,,,,,,,,,FALSE,FALSE,,, ,,0.00,0.00,
,,,,,,,,,,,,,,FALSE,FALSE,,, ,,0.00,0.00,
,,,,,,,,,,,,,,FALSE,FALSE,,, ,,0.00,0.00,
,,,,,,,,,,,,,,FALSE,FALSE,,, ,,0.00,0.00,
,,,,,,,,,,,,,,FALSE,FALSE,,, ,,0.00,0.00,
,,,,,,,,,,,,,,FALSE,FALSE,,, ,,0.00,0.00,
,,,,,,,,,,,,,,FALSE,FALSE,,, ,,0.00,0.00,
,,,,,,,,,,,,,,FALSE,FALSE,,, ,,0.00,0.00,
,,,,,,,,,,,,,,FALSE,FALSE,,, ,,0.00,0.00,
,,,,,,,,,,,,,,FALSE,FALSE,,, ,,0.00,0.00,
,,,,,,,,,,,,,,FALSE,FALSE,,, ,,0.00,0.00,
,,,,,,,,,,,,,,FALSE,FALSE,,, ,,0.00,0.00,
,,,,,,,,,,,,,,FALSE,FALSE,,, ,,0.00,0.00,
,,,,,,,,,,,,,,FALSE,FALSE,,, ,,0.00,0.00,
,,,,,,,,,,,,,,FALSE,FALSE,,, ,,0.00,0.00,
,,,,,,,,,,,,,,FALSE,FALSE,,, ,,0.00,0.00,
,,,,,,,,,,,,,,FALSE,FALSE,,, ,,0.00,0.00,
,,,,,,,,,,,,,,FALSE,FALSE,,, ,,0.00,0.00,
,,,,,,,,,,,,,,FALSE,FALSE,,, ,,0.00,0.00,
,,,,,,,,,,,,,,FALSE,FALSE,,, ,,0.00,0.00,
,,,,,,,,,,,,,,FALSE,FALSE,,, ,,0.00,0.00,
,,,,,,,,,,,,,,FALSE,FALSE,,, ,,0.00,0.00,
,,,,,,,,,,,,,,FALSE,FALSE,,, ,,0.00,0.00,
,,,,,,,,,,,,,,FALSE,FALSE,,, ,,0.00,0.00,
,,,,,,,,,,,,,,FALSE,FALSE,,, ,,0.00,0.00,
,,,,,,,,,,,,,,FALSE,FALSE,,, ,,0.00,0.00,
,,,,,,,,,,,,,,FALSE,FALSE,,, ,,0.00,0.00,
,,,,,,,,,,,,,,FALSE,FALSE,,, ,,0.00,0.00,
,,,,,,,,,,,,,,FALSE,FALSE,,, ,,0.00,0.00,
,,,,,,,,,,,,,,FALSE,FALSE,,, ,,0.00,0.00,
,,,,,,,,,,,,,,FALSE,FALSE,,, ,,0.00,0.00,
,,,,,,,,,,,,,,FALSE,FALSE,,, ,,0.00,0.00,
,,,,,,,,,,,,,,FALSE,FALSE,,, ,,0.00,0.00,
,,,,,,,,,,,,,,FALSE,FALSE,,, ,,0.00,0.00,
,,,,,,,,,,,,,,FALSE,FALSE,,, ,,0.00,0.00,
,,,,,,,,,,,,,,FALSE,FALSE,,, ,,0.00,0.00,
,,,,,,,,,,,,,,FALSE,FALSE,,, ,,0.00,0.00,
,,,,,,,,,,,,,,FALSE,FALSE,,, ,,0.00,0.00,
,,,,,,,,,,,,,,FALSE,FALSE,,, ,,0.00,0.00,
,,,,,,,,,,,,,,FALSE,FALSE,,, ,,0.00,0.00,
,,,,,,,,,,,,,,FALSE,FALSE,,, ,,0.00,0.00,
,,,,,,,,,,,,,,FALSE,FALSE,,, ,,0.00,0.00,
,,,,,,,,,,,,,,FALSE,FALSE,,, ,,0.00,0.00,
,,,,,,,,,,,,,,FALSE,FALSE,,, ,,0.00,0.00,
,,,,,,,,,,,,,,FALSE,FALSE,,, ,,0.00,0.00,
,,,,,,,,,,,,,,FALSE,FALSE,,, ,,0.00,0.00,
,,,,,,,,,,,,,,FALSE,FALSE,,, ,,0.00,0.00,
,,,,,,,,,,,,,,FALSE,FALSE,,, ,,0.00,0.00,
,,,,,,,,,,,,,,FALSE,FALSE,,, ,,0.00,0.00,
,,,,,,,,,,,,,,FALSE,FALSE,,, ,,0.00,0.00,
,,,,,,,,,,,,,,FALSE,FALSE,,, ,,0.00,0.00,
,,,,,,,,,,,,,,FALSE,FALSE,,, ,,0.00,0.00,
,,,,,,,,,,,,,,FALSE,FALSE,,, ,,0.00,0.00,
,,,,,,,,,,,,,,FALSE,FALSE,,, ,,0.00,0.00,
,,,,,,,,,,,,,,FALSE,FALSE,,, ,,0.00,0.00,
,,,,,,,,,,,,,,FALSE,FALSE,,, ,,0.00,0.00,
,,,,,,,,,,,,,,FALSE,FALSE,,, ,,0.00,0.00,
,,,,,,,,,,,,,,FALSE,FALSE,,, ,,0.00,0.00,
,,,,,,,,,,,,,,FALSE,FALSE,,, ,,0.00,0.00,
,,,,,,,,,,,,,,FALSE,FALSE,,, ,,0.00,0.00,
,,,,,,,,,,,,,,FALSE,FALSE,,, ,,0.00,0.00,
,,,,,,,,,,,,,,FALSE,FALSE,,, ,,0.00,0.00,
,,,,,,,,,,,,,,FALSE,FALSE,,, ,,0.00,0.00,
,,,,,,,,,,,,,,FALSE,FALSE,,, ,,0.00,0.00,
,,,,,,,,,,,,,,FALSE,FALSE,,, ,,0.00,0.00,
,,,,,,,,,,,,,,FALSE,FALSE,,, ,,0.00,0.00,
,,,,,,,,,,,,,,FALSE,FALSE,,, ,,0.00,0.00,
,,,,,,,,,,,,,,FALSE,FALSE,,, ,,0.00,0.00,
,,,,,,,,,,,,,,FALSE,FALSE,,, ,,0.00,0.00,
,,,,,,,,,,,,,,FALSE,FALSE,,, ,,0.00,0.00,
,,,,,,,,,,,,,,FALSE,FALSE,,, ,,0.00,0.00,
,,,,,,,,,,,,,,FALSE,FALSE,,, ,,0.00,0.00,
,,,,,,,,,,,,,,FALSE,FALSE,,, ,,0.00,0.00,
,,,,,,,,,,,,,,FALSE,FALSE,,, ,,0.00,0.00,
,,,,,,,,,,,,,,FALSE,FALSE,,, ,,0.00,0.00,
,,,,,,,,,,,,,,FALSE,FALSE,,, ,,0.00,0.00,
,,,,,,,,,,,,,,FALSE,FALSE,,, ,,0.00,0.00,
,,,,,,,,,,,,,,FALSE,FALSE,,, ,,0.00,0.00,
,,,,,,,,,,,,,,FALSE,FALSE,,, ,,0.00,0.00,
,,,,,,,,,,,,,,FALSE,FALSE,,, ,,0.00,0.00,
,,,,,,,,,,,,,,FALSE,FALSE,,, ,,0.00,0.00,
,,,,,,,,,,,,,,FALSE,FALSE,,, ,,0.00,0.00,
,,,,,,,,,,,,,,FALSE,FALSE,,, ,,0.00,0.00,
,,,,,,,,,,,,,,FALSE,FALSE,,, ,,0.00,0.00,
,,,,,,,,,,,,,,FALSE,FALSE,,, ,,0.00,0.00,
,,,,,,,,,,,,,,FALSE,FALSE,,, ,,0.00,0.00,
,,,,,,,,,,,,,,FALSE,FALSE,,, ,,0.00,0.00,
,,,,,,,,,,,,,,FALSE,FALSE,,, ,,0.00,0.00,
,,,,,,,,,,,,,,FALSE,FALSE,,, ,,0.00,0.00,
,,,,,,,,,,,,,,FALSE,FALSE,,, ,,0.00,0.00,
,,,,,,,,,,,,,,FALSE,FALSE,,, ,,0.00,0.00,
,,,,,,,,,,,,,,FALSE,FALSE,,, ,,0.00,0.00,
,,,,,,,,,,,,,,FALSE,FALSE,,, ,,0.00,0.00,
,,,,,,,,,,,,,,FALSE,FALSE,,, ,,0.00,0.00,
,,,,,,,,,,,,,,FALSE,FALSE,,, ,,0.00,0.00,
,,,,,,,,,,,,,,FALSE,FALSE,,, ,,0.00,0.00,
,,,,,,,,,,,,,,FALSE,FALSE,,, ,,0.00,0.00,
,,,,,,,,,,,,,,FALSE,FALSE,,, ,,0.00,0.00,
,,,,,,,,,,,,,,FALSE,FALSE,,, ,,0.00,0.00,
,,,,,,,,,,,,,,FALSE,FALSE,,, ,,0.00,0.00,
,,,,,,,,,,,,,,FALSE,FALSE,,, ,,0.00,0.00,
,,,,,,,,,,,,,,FALSE,FALSE,,, ,,0.00,0.00,
,,,,,,,,,,,,,,FALSE,FALSE,,, ,,0.00,0.00,
,,,,,,,,,,,,,,FALSE,FALSE,,, ,,0.00,0.00,
,,,,,,,,,,,,,,FALSE,FALSE,,, ,,0.00,0.00,
,,,,,,,,,,,,,,FALSE,FALSE,,, ,,0.00,0.00,
,,,,,,,,,,,,,,FALSE,FALSE,,, ,,0.00,0.00,
,,,,,,,,,,,,,,FALSE,FALSE,,, ,,0.00,0.00,
,,,,,,,,,,,,,,FALSE,FALSE,,, ,,0.00,0.00,
,,,,,,,,,,,,,,FALSE,FALSE,,, ,,0.00,0.00,
,,,,,,,,,,,,,,FALSE,FALSE,,, ,,0.00,0.00,
,,,,,,,,,,,,,,FALSE,FALSE,,, ,,0.00,0.00,
,,,,,,,,,,,,,,FALSE,FALSE,,, ,,0.00,0.00,
,,,,,,,,,,,,,,FALSE,FALSE,,, ,,0.00,0.00,
,,,,,,,,,,,,,,FALSE,FALSE,,, ,,0.00,0.00,
,,,,,,,,,,,,,,FALSE,FALSE,,, ,,0.00,0.00,
,,,,,,,,,,,,,,FALSE,FALSE,,, ,,0.00,0.00,
,,,,,,,,,,,,,,FALSE,FALSE,,, ,,0.00,0.00,
,,,,,,,,,,,,,,FALSE,FALSE,,, ,,0.00,0.00,
,,,,,,,,,,,,,,FALSE,FALSE,,, ,,0.00,0.00,
,,,,,,,,,,,,,,FALSE,FALSE,,, ,,0.00,0.00,
,,,,,,,,,,,,,,FALSE,FALSE,,, ,,0.00,0.00,
,,,,,,,,,,,,,,FALSE,FALSE,,, ,,0.00,0.00,
,,,,,,,,,,,,,,FALSE,FALSE,,, ,,0.00,0.00,
,,,,,,,,,,,,,,FALSE,FALSE,,, ,,0.00,0.00,
,,,,,,,,,,,,,,FALSE,FALSE,,, ,,0.00,0.00,
,,,,,,,,,,,,,,FALSE,FALSE,,, ,,0.00,0.00,
,,,,,,,,,,,,,,FALSE,FALSE,,, ,,0.00,0.00,
,,,,,,,,,,,,,,FALSE,FALSE,,, ,,0.00,0.00,
,,,,,,,,,,,,,,FALSE,FALSE,,, ,,0.00,0.00,
,,,,,,,,,,,,,,FALSE,FALSE,,, ,,0.00,0.00,
,,,,,,,,,,,,,,FALSE,FALSE,,, ,,0.00,0.00,
,,,,,,,,,,,,,,FALSE,FALSE,,, ,,0.00,0.00,
,,,,,,,,,,,,,,FALSE,FALSE,,, ,,0.00,0.00,
,,,,,,,,,,,,,,FALSE,FALSE,,, ,,0.00,0.00,
,,,,,,,,,,,,,,FALSE,FALSE,,, ,,0.00,0.00,
,,,,,,,,,,,,,,FALSE,FALSE,,, ,,0.00,0.00,
,,,,,,,,,,,,,,FALSE,FALSE,,, ,,0.00,0.00,
,,,,,,,,,,,,,,FALSE,FALSE,,, ,,0.00,0.00,
,,,,,,,,,,,,,,FALSE,FALSE,,, ,,0.00,0.00,
,,,,,,,,,,,,,,FALSE,FALSE,,, ,,0.00,0.00,
,,,,,,,,,,,,,,FALSE,FALSE,,, ,,0.00,0.00,
,,,,,,,,,,,,,,FALSE,FALSE,,, ,,0.00,0.00,
,,,,,,,,,,,,,,FALSE,FALSE,,, ,,0.00,0.00,
,,,,,,,,,,,,,,FALSE,FALSE,,, ,,0.00,0.00,
,,,,,,,,,,,,,,FALSE,FALSE,,, ,,0.00,0.00,
,,,,,,,,,,,,,,FALSE,FALSE,,, ,,0.00,0.00,
,,,,,,,,,,,,,,FALSE,FALSE,,, ,,0.00,0.00,
,,,,,,,,,,,,,,FALSE,FALSE,,, ,,0.00,0.00,
,,,,,,,,,,,,,,FALSE,FALSE,,, ,,0.00,0.00,
,,,,,,,,,,,,,,FALSE,FALSE,,, ,,0.00,0.00,
,,,,,,,,,,,,,,FALSE,FALSE,,, ,,0.00,0.00,
,,,,,,,,,,,,,,FALSE,FALSE,,, ,,0.00,0.00,
,,,,,,,,,,,,,,FALSE,FALSE,,, ,,0.00,0.00,
,,,,,,,,,,,,,,FALSE,FALSE,,, ,,0.00,0.00,
,,,,,,,,,,,,,,FALSE,FALSE,,, ,,0.00,0.00,
,,,,,,,,,,,,,,FALSE,FALSE,,, ,,0.00,0.00,
,,,,,,,,,,,,,,FALSE,FALSE,,, ,,0.00,0.00,
,,,,,,,,,,,,,,FALSE,FALSE,,, ,,0.00,0.00,
,,,,,,,,,,,,,,FALSE,FALSE,,, ,,0.00,0.00,
,,,,,,,,,,,,,,FALSE,FALSE,,, ,,0.00,0.00,
,,,,,,,,,,,,,,FALSE,FALSE,,, ,,0.00,0.00,
,,,,,,,,,,,,,,FALSE,FALSE,,, ,,0.00,0.00,
,,,,,,,,,,,,,,FALSE,FALSE,,, ,,0.00,0.00,
,,,,,,,,,,,,,,FALSE,FALSE,,, ,,0.00,0.00,
,,,,,,,,,,,,,,FALSE,FALSE,,, ,,0.00,0.00,
,,,,,,,,,,,,,,FALSE,FALSE,,, ,,0.00,0.00,
,,,,,,,,,,,,,,FALSE,FALSE,,, ,,0.00,0.00,
,,,,,,,,,,,,,,FALSE,FALSE,,, ,,0.00,0.00,
,,,,,,,,,,,,,,FALSE,FALSE,,, ,,0.00,0.00,
,,,,,,,,,,,,,,FALSE,FALSE,,, ,,0.00,0.00,
,,,,,,,,,,,,,,FALSE,FALSE,,, ,,0.00,0.00,
,,,,,,,,,,,,,,FALSE,FALSE,,, ,,0.00,0.00,
,,,,,,,,,,,,,,FALSE,FALSE,,, ,,0.00,0.00,
,,,,,,,,,,,,,,FALSE,FALSE,,, ,,0.00,0.00,
,,,,,,,,,,,,,,FALSE,FALSE,,, ,,0.00,0.00,
,,,,,,,,,,,,,,FALSE,FALSE,,, ,,0.00,0.00,
,,,,,,,,,,,,,,FALSE,FALSE,,, ,,0.00,0.00,
,,,,,,,,,,,,,,FALSE,FALSE,,, ,,0.00,0.00,
,,,,,,,,,,,,,,FALSE,FALSE,,, ,,0.00,0.00,
,,,,,,,,,,,,,,FALSE,FALSE,,, ,,0.00,0.00,
,,,,,,,,,,,,,,FALSE,FALSE,,, ,,0.00,0.00,
,,,,,,,,,,,,,,FALSE,FALSE,,, ,,0.00,0.00,
,,,,,,,,,,,,,,FALSE,FALSE,,, ,,0.00,0.00,
,,,,,,,,,,,,,,FALSE,FALSE,,, ,,0.00,0.00,
,,,,,,,,,,,,,,FALSE,FALSE,,, ,,0.00,0.00,
,,,,,,,,,,,,,,FALSE,FALSE,,, ,,0.00,0.00,
,,,,,,,,,,,,,,FALSE,FALSE,,, ,,0.00,0.00,
,,,,,,,,,,,,,,FALSE,FALSE,,, ,,0.00,0.00,
,,,,,,,,,,,,,,FALSE,FALSE,,, ,,0.00,0.00,
,,,,,,,,,,,,,,FALSE,FALSE,,, ,,0.00,0.00,
,,,,,,,,,,,,,,FALSE,FALSE,,, ,,0.00,0.00,
,,,,,,,,,,,,,,FALSE,FALSE,,, ,,0.00,0.00,
,,,,,,,,,,,,,,FALSE,FALSE,,, ,,0.00,0.00,
,,,,,,,,,,,,,,FALSE,FALSE,,, ,,0.00,0.00,
,,,,,,,,,,,,,,FALSE,FALSE,,, ,,0.00,0.00,
,,,,,,,,,,,,,,FALSE,FALSE,,, ,,0.00,0.00,
,,,,,,,,,,,,,,FALSE,FALSE,,, ,,0.00,0.00,
,,,,,,,,,,,,,,FALSE,FALSE,,, ,,0.00,0.00,
,,,,,,,,,,,,,,FALSE,FALSE,,, ,,0.00,0.00,
,,,,,,,,,,,,,,FALSE,FALSE,,, ,,0.00,0.00,
,,,,,,,,,,,,,,FALSE,FALSE,,, ,,0.00,0.00,
,,,,,,,,,,,,,,FALSE,FALSE,,, ,,0.00,0.00,
,,,,,,,,,,,,,,FALSE,FALSE,,, ,,0.00,0.00,
,,,,,,,,,,,,,,FALSE,FALSE,,, ,,0.00,0.00,
,,,,,,,,,,,,,,FALSE,FALSE,,, ,,0.00,0.00,
,,,,,,,,,,,,,,FALSE,FALSE,,, ,,0.00,0.00,
,,,,,,,,,,,,,,FALSE,FALSE,,, ,,0.00,0.00,
,,,,,,,,,,,,,,FALSE,FALSE,,, ,,0.00,0.00,
,,,,,,,,,,,,,,FALSE,FALSE,,, ,,0.00,0.00,
,,,,,,,,,,,,,,FALSE,FALSE,,, ,,0.00,0.00,
,,,,,,,,,,,,,,FALSE,FALSE,,, ,,0.00,0.00,
,,,,,,,,,,,,,,FALSE,FALSE,,, ,,0.00,0.00,
,,,,,,,,,,,,,,FALSE,FALSE,,, ,,0.00,0.00,
,,,,,,,,,,,,,,FALSE,FALSE,,, ,,0.00,0.00,
,,,,,,,,,,,,,,FALSE,FALSE,,, ,,0.00,0.00,
,,,,,,,,,,,,,,FALSE,FALSE,,, ,,0.00,0.00,
,,,,,,,,,,,,,,FALSE,FALSE,,, ,,0.00,0.00,
,,,,,,,,,,,,,,FALSE,FALSE,,, ,,0.00,0.00,
,,,,,,,,,,,,,,FALSE,FALSE,,, ,,0.00,0.00,
,,,,,,,,,,,,,,FALSE,FALSE,,, ,,0.00,0.00,
,,,,,,,,,,,,,,FALSE,FALSE,,, ,,0.00,0.00,
,,,,,,,,,,,,,,FALSE,FALSE,,, ,,0.00,0.00,
,,,,,,,,,,,,,,FALSE,FALSE,,, ,,0.00,0.00,
,,,,,,,,,,,,,,FALSE,FALSE,,, ,,0.00,0.00,
,,,,,,,,,,,,,,FALSE,FALSE,,, ,,0.00,0.00,
,,,,,,,,,,,,,,FALSE,FALSE,,, ,,0.00,0.00,
,,,,,,,,,,,,,,FALSE,FALSE,,, ,,0.00,0.00,
,,,,,,,,,,,,,,FALSE,FALSE,,, ,,0.00,0.00,
,,,,,,,,,,,,,,FALSE,FALSE,,, ,,0.00,0.00,
,,,,,,,,,,,,,,FALSE,FALSE,,, ,,0.00,0.00,
,,,,,,,,,,,,,,FALSE,FALSE,,, ,,0.00,0.00,
,,,,,,,,,,,,,,FALSE,FALSE,,, ,,0.00,0.00,
,,,,,,,,,,,,,,FALSE,FALSE,,, ,,0.00,0.00,
,,,,,,,,,,,,,,FALSE,FALSE,,, ,,0.00,0.00,
,,,,,,,,,,,,,,FALSE,FALSE,,, ,,0.00,0.00,
,,,,,,,,,,,,,,FALSE,FALSE,,, ,,0.00,0.00,
,,,,,,,,,,,,,,FALSE,FALSE,,, ,,0.00,0.00,
,,,,,,,,,,,,,,FALSE,FALSE,,, ,,0.00,0.00,
,,,,,,,,,,,,,,FALSE,FALSE,,, ,,0.00,0.00,
,,,,,,,,,,,,,,FALSE,FALSE,,, ,,0.00,0.00,
,,,,,,,,,,,,,,FALSE,FALSE,,, ,,0.00,0.00,
,,,,,,,,,,,,,,FALSE,FALSE,,, ,,0.00,0.00,
,,,,,,,,,,,,,,FALSE,FALSE,,, ,,0.00,0.00,
,,,,,,,,,,,,,,FALSE,FALSE,,, ,,0.00,0.00,
,,,,,,,,,,,,,,FALSE,FALSE,,, ,,0.00,0.00,
,,,,,,,,,,,,,,FALSE,FALSE,,, ,,0.00,0.00,
,,,,,,,,,,,,,,FALSE,FALSE,,, ,,0.00,0.00,
,,,,,,,,,,,,,,FALSE,FALSE,,, ,,0.00,0.00,
,,,,,,,,,,,,,,FALSE,FALSE,,, ,,0.00,0.00,
,,,,,,,,,,,,,,FALSE,FALSE,,, ,,0.00,0.00,
,,,,,,,,,,,,,,FALSE,FALSE,,, ,,0.00,0.00,
,,,,,,,,,,,,,,FALSE,FALSE,,, ,,0.00,0.00,
,,,,,,,,,,,,,,FALSE,FALSE,,, ,,0.00,0.00,
,,,,,,,,,,,,,,FALSE,FALSE,,, ,,0.00,0.00,
,,,,,,,,,,,,,,FALSE,FALSE,,, ,,0.00,0.00,
,,,,,,,,,,,,,,FALSE,FALSE,,, ,,0.00,0.00,
,,,,,,,,,,,,,,FALSE,FALSE,,, ,,0.00,0.00,
,,,,,,,,,,,,,,FALSE,FALSE,,, ,,0.00,0.00,
,,,,,,,,,,,,,,FALSE,FALSE,,, ,,0.00,0.00,
,,,,,,,,,,,,,,FALSE,FALSE,,, ,,0.00,0.00,
,,,,,,,,,,,,,,FALSE,FALSE,,, ,,0.00,0.00,
,,,,,,,,,,,,,,FALSE,FALSE,,, ,,0.00,0.00,
,,,,,,,,,,,,,,FALSE,FALSE,,, ,,0.00,0.00,
,,,,,,,,,,,,,,FALSE,FALSE,,, ,,0.00,0.00,
,,,,,,,,,,,,,,FALSE,FALSE,,, ,,0.00,0.00,
,,,,,,,,,,,,,,FALSE,FALSE,,, ,,0.00,0.00,
,,,,,,,,,,,,,,FALSE,FALSE,,, ,,0.00,0.00,
,,,,,,,,,,,,,,FALSE,FALSE,,, ,,0.00,0.00,
,,,,,,,,,,,,,,FALSE,FALSE,,, ,,0.00,0.00,
,,,,,,,,,,,,,,FALSE,FALSE,,, ,,0.00,0.00,
,,,,,,,,,,,,,,FALSE,FALSE,,, ,,0.00,0.00,
,,,,,,,,,,,,,,FALSE,FALSE,,, ,,0.00,0.00,
,,,,,,,,,,,,,,FALSE,FALSE,,, ,,0.00,0.00,
,,,,,,,,,,,,,,FALSE,FALSE,,, ,,0.00,0.00,
,,,,,,,,,,,,,,FALSE,FALSE,,, ,,0.00,0.00,
,,,,,,,,,,,,,,FALSE,FALSE,,, ,,0.00,0.00,
,,,,,,,,,,,,,,FALSE,FALSE,,, ,,0.00,0.00,
,,,,,,,,,,,,,,FALSE,FALSE,,, ,,0.00,0.00,
,,,,,,,,,,,,,,FALSE,FALSE,,, ,,0.00,0.00,
,,,,,,,,,,,,,,FALSE,FALSE,,, ,,0.00,0.00,
,,,,,,,,,,,,,,FALSE,FALSE,,, ,,0.00,0.00,
,,,,,,,,,,,,,,FALSE,FALSE,,, ,,0.00,0.00,
,,,,,,,,,,,,,,FALSE,FALSE,,, ,,0.00,0.00,
,,,,,,,,,,,,,,FALSE,FALSE,,, ,,0.00,0.00,
,,,,,,,,,,,,,,FALSE,FALSE,,, ,,0.00,0.00,
,,,,,,,,,,,,,,FALSE,FALSE,,, ,,0.00,0.00,
,,,,,,,,,,,,,,FALSE,FALSE,,, ,,0.00,0.00,
,,,,,,,,,,,,,,FALSE,FALSE,,, ,,0.00,0.00,
,,,,,,,,,,,,,,FALSE,FALSE,,, ,,0.00,0.00,
,,,,,,,,,,,,,,FALSE,FALSE,,, ,,0.00,0.00,
,,,,,,,,,,,,,,FALSE,FALSE,,, ,,0.00,0.00,
,,,,,,,,,,,,,,FALSE,FALSE,,, ,,0.00,0.00,
,,,,,,,,,,,,,,FALSE,FALSE,,, ,,0.00,0.00,
,,,,,,,,,,,,,,FALSE,FALSE,,, ,,0.00,0.00,
,,,,,,,,,,,,,,FALSE,FALSE,,, ,,0.00,0.00,
,,,,,,,,,,,,,,FALSE,FALSE,,, ,,0.00,0.00,
,,,,,,,,,,,,,,FALSE,FALSE,,, ,,0.00,0.00,
,,,,,,,,,,,,,,FALSE,FALSE,,, ,,0.00,0.00,
,,,,,,,,,,,,,,FALSE,FALSE,,, ,,0.00,0.00,
,,,,,,,,,,,,,,FALSE,FALSE,,, ,,0.00,0.00,
,,,,,,,,,,,,,,FALSE,FALSE,,, ,,0.00,0.00,
,,,,,,,,,,,,,,FALSE,FALSE,,, ,,0.00,0.00,
,,,,,,,,,,,,,,FALSE,FALSE,,, ,,0.00,0.00,
,,,,,,,,,,,,,,FALSE,FALSE,,, ,,0.00,0.00,
,,,,,,,,,,,,,,FALSE,FALSE,,, ,,0.00,0.00,
,,,,,,,,,,,,,,FALSE,FALSE,,, ,,0.00,0.00,
,,,,,,,,,,,,,,FALSE,FALSE,,, ,,0.00,0.00,
,,,,,,,,,,,,,,FALSE,FALSE,,, ,,0.00,0.00,
,,,,,,,,,,,,,,FALSE,FALSE,,, ,,0.00,0.00,
,,,,,,,,,,,,,,FALSE,FALSE,,, ,,0.00,0.00,
,,,,,,,,,,,,,,FALSE,FALSE,,, ,,0.00,0.00,
,,,,,,,,,,,,,,FALSE,FALSE,,, ,,0.00,0.00,
,,,,,,,,,,,,,,FALSE,FALSE,,, ,,0.00,0.00,
,,,,,,,,,,,,,,FALSE,FALSE,,, ,,0.00,0.00,
,,,,,,,,,,,,,,FALSE,FALSE,,, ,,0.00,0.00,
,,,,,,,,,,,,,,FALSE,FALSE,,, ,,0.00,0.00,
,,,,,,,,,,,,,,FALSE,FALSE,,, ,,0.00,0.00,
,,,,,,,,,,,,,,FALSE,FALSE,,, ,,0.00,0.00,
,,,,,,,,,,,,,,FALSE,FALSE,,, ,,0.00,0.00,
,,,,,,,,,,,,,,FALSE,FALSE,,, ,,0.00,0.00,
,,,,,,,,,,,,,,FALSE,FALSE,,, ,,0.00,0.00,
,,,,,,,,,,,,,,FALSE,FALSE,,, ,,0.00,0.00,
,,,,,,,,,,,,,,FALSE,FALSE,,, ,,0.00,0.00,
,,,,,,,,,,,,,,FALSE,FALSE,,, ,,0.00,0.00,
,,,,,,,,,,,,,,FALSE,FALSE,,, ,,0.00,0.00,
,,,,,,,,,,,,,,FALSE,FALSE,,, ,,0.00,0.00,
,,,,,,,,,,,,,,FALSE,FALSE,,, ,,0.00,0.00,
,,,,,,,,,,,,,,FALSE,FALSE,,, ,,0.00,0.00,
,,,,,,,,,,,,,,FALSE,FALSE,,, ,,0.00,0.00,
,,,,,,,,,,,,,,FALSE,FALSE,,, ,,0.00,0.00,
,,,,,,,,,,,,,,FALSE,FALSE,,, ,,0.00,0.00,
,,,,,,,,,,,,,,FALSE,FALSE,,, ,,0.00,0.00,
,,,,,,,,,,,,,,FALSE,FALSE,,, ,,0.00,0.00,
,,,,,,,,,,,,,,FALSE,FALSE,,, ,,0.00,0.00,
,,,,,,,,,,,,,,FALSE,FALSE,,, ,,0.00,0.00,
,,,,,,,,,,,,,,FALSE,FALSE,,, ,,0.00,0.00,
,,,,,,,,,,,,,,FALSE,FALSE,,, ,,0.00,0.00,
,,,,,,,,,,,,,,FALSE,FALSE,,, ,,0.00,0.00,
,,,,,,,,,,,,,,FALSE,FALSE,,, ,,0.00,0.00,
,,,,,,,,,,,,,,FALSE,FALSE,,, ,,0.00,0.00,
,,,,,,,,,,,,,,FALSE,FALSE,,, ,,0.00,0.00,
,,,,,,,,,,,,,,FALSE,FALSE,,, ,,0.00,0.00,
,,,,,,,,,,,,,,FALSE,FALSE,,, ,,0.00,0.00,
,,,,,,,,,,,,,,FALSE,FALSE,,, ,,0.00,0.00,
,,,,,,,,,,,,,,FALSE,FALSE,,, ,,0.00,0.00,
,,,,,,,,,,,,,,FALSE,FALSE,,, ,,0.00,0.00,
,,,,,,,,,,,,,,FALSE,FALSE,,, ,,0.00,0.00,
,,,,,,,,,,,,,,FALSE,FALSE,,, ,,0.00,0.00,
,,,,,,,,,,,,,,FALSE,FALSE,,, ,,0.00,0.00,
,,,,,,,,,,,,,,FALSE,FALSE,,, ,,0.00,0.00,
,,,,,,,,,,,,,,FALSE,FALSE,,, ,,0.00,0.00,
,,,,,,,,,,,,,,FALSE,FALSE,,, ,,0.00,0.00,
,,,,,,,,,,,,,,FALSE,FALSE,,, ,,0.00,0.00,
,,,,,,,,,,,,,,FALSE,FALSE,,, ,,0.00,0.00,
,,,,,,,,,,,,,,FALSE,FALSE,,, ,,0.00,0.00,
,,,,,,,,,,,,,,FALSE,FALSE,,, ,,0.00,0.00,
,,,,,,,,,,,,,,FALSE,FALSE,,, ,,0.00,0.00,
,,,,,,,,,,,,,,FALSE,FALSE,,, ,,0.00,0.00,
,,,,,,,,,,,,,,FALSE,FALSE,,, ,,0.00,0.00,
,,,,,,,,,,,,,,FALSE,FALSE,,, ,,0.00,0.00,
,,,,,,,,,,,,,,FALSE,FALSE,,, ,,0.00,0.00,
,,,,,,,,,,,,,,FALSE,FALSE,,, ,,0.00,0.00,
,,,,,,,,,,,,,,FALSE,FALSE,,, ,,0.00,0.00,
,,,,,,,,,,,,,,FALSE,FALSE,,, ,,0.00,0.00,
,,,,,,,,,,,,,,FALSE,FALSE,,, ,,0.00,0.00,
,,,,,,,,,,,,,,FALSE,FALSE,,, ,,0.00,0.00,
,,,,,,,,,,,,,,FALSE,FALSE,,, ,,0.00,0.00,
,,,,,,,,,,,,,,FALSE,FALSE,,, ,,0.00,0.00,
,,,,,,,,,,,,,,FALSE,FALSE,,, ,,0.00,0.00,
,,,,,,,,,,,,,,FALSE,FALSE,,, ,,0.00,0.00,
,,,,,,,,,,,,,,FALSE,FALSE,,, ,,0.00,0.00,
,,,,,,,,,,,,,,FALSE,FALSE,,, ,,0.00,0.00,
,,,,,,,,,,,,,,FALSE,FALSE,,, ,,0.00,0.00,
,,,,,,,,,,,,,,FALSE,FALSE,,, ,,0.00,0.00,
,,,,,,,,,,,,,,FALSE,FALSE,,, ,,0.00,0.00,
,,,,,,,,,,,,,,FALSE,FALSE,,, ,,0.00,0.00,
,,,,,,,,,,,,,,FALSE,FALSE,,, ,,0.00,0.00,
,,,,,,,,,,,,,,FALSE,FALSE,,, ,,0.00,0.00,
,,,,,,,,,,,,,,FALSE,FALSE,,, ,,0.00,0.00,
,,,,,,,,,,,,,,FALSE,FALSE,,, ,,0.00,0.00,
,,,,,,,,,,,,,,FALSE,FALSE,,, ,,0.00,0.00,
,,,,,,,,,,,,,,FALSE,FALSE,,, ,,0.00,0.00,
,,,,,,,,,,,,,,FALSE,FALSE,,, ,,0.00,0.00,
,,,,,,,,,,,,,,FALSE,FALSE,,, ,,0.00,0.00,
,,,,,,,,,,,,,,FALSE,FALSE,,, ,,0.00,0.00,
,,,,,,,,,,,,,,FALSE,FALSE,,, ,,0.00,0.00,
,,,,,,,,,,,,,,FALSE,FALSE,,, ,,0.00,0.00,
,,,,,,,,,,,,,,FALSE,FALSE,,, ,,0.00,0.00,
,,,,,,,,,,,,,,FALSE,FALSE,,, ,,0.00,0.00,
,,,,,,,,,,,,,,FALSE,FALSE,,, ,,0.00,0.00,
,,,,,,,,,,,,,,FALSE,FALSE,,, ,,0.00,0.00,
,,,,,,,,,,,,,,FALSE,FALSE,,, ,,0.00,0.00,
,,,,,,,,,,,,,,FALSE,FALSE,,, ,,0.00,0.00,
,,,,,,,,,,,,,,FALSE,FALSE,,, ,,0.00,0.00,
,,,,,,,,,,,,,,FALSE,FALSE,,, ,,0.00,0.00,
,,,,,,,,,,,,,,FALSE,FALSE,,, ,,0.00,0.00,
,,,,,,,,,,,,,,FALSE,FALSE,,, ,,0.00,0.00,
,,,,,,,,,,,,,,FALSE,FALSE,,, ,,0.00,0.00,
,,,,,,,,,,,,,,FALSE,FALSE,,, ,,0.00,0.00,
,,,,,,,,,,,,,,FALSE,FALSE,,, ,,0.00,0.00,
,,,,,,,,,,,,,,FALSE,FALSE,,, ,,0.00,0.00,
,,,,,,,,,,,,,,FALSE,FALSE,,, ,,0.00,0.00,
,,,,,,,,,,,,,,FALSE,FALSE,,, ,,0.00,0.00,
,,,,,,,,,,,,,,FALSE,FALSE,,, ,,0.00,0.00,
,,,,,,,,,,,,,,FALSE,FALSE,,, ,,0.00,0.00,
,,,,,,,,,,,,,,FALSE,FALSE,,, ,,0.00,0.00,
,,,,,,,,,,,,,,FALSE,FALSE,,, ,,0.00,0.00,
,,,,,,,,,,,,,,FALSE,FALSE,,, ,,0.00,0.00,
,,,,,,,,,,,,,,FALSE,FALSE,,, ,,0.00,0.00,
,,,,,,,,,,,,,,FALSE,FALSE,,, ,,0.00,0.00,
,,,,,,,,,,,,,,FALSE,FALSE,,, ,,0.00,0.00,
,,,,,,,,,,,,,,FALSE,FALSE,,, ,,0.00,0.00,
,,,,,,,,,,,,,,FALSE,FALSE,,, ,,0.00,0.00,
,,,,,,,,,,,,,,FALSE,FALSE,,, ,,0.00,0.00,
,,,,,,,,,,,,,,FALSE,FALSE,,, ,,0.00,0.00,
,,,,,,,,,,,,,,FALSE,FALSE,,, ,,0.00,0.00,
,,,,,,,,,,,,,,FALSE,FALSE,,, ,,0.00,0.00,
,,,,,,,,,,,,,,FALSE,FALSE,,, ,,0.00,0.00,
,,,,,,,,,,,,,,FALSE,FALSE,,, ,,0.00,0.00,
,,,,,,,,,,,,,,FALSE,FALSE,,, ,,0.00,0.00,
,,,,,,,,,,,,,,FALSE,FALSE,,, ,,0.00,0.00,
,,,,,,,,,,,,,,FALSE,FALSE,,, ,,0.00,0.00,
,,,,,,,,,,,,,,FALSE,FALSE,,, ,,0.00,0.00,
,,,,,,,,,,,,,,FALSE,FALSE,,, ,,0.00,0.00,
,,,,,,,,,,,,,,FALSE,FALSE,,, ,,0.00,0.00,
,,,,,,,,,,,,,,FALSE,FALSE,,, ,,0.00,0.00,
,,,,,,,,,,,,,,FALSE,FALSE,,, ,,0.00,0.00,
,,,,,,,,,,,,,,FALSE,FALSE,,, ,,0.00,0.00,
,,,,,,,,,,,,,,FALSE,FALSE,,, ,,0.00,0.00,
,,,,,,,,,,,,,,FALSE,FALSE,,, ,,0.00,0.00,
,,,,,,,,,,,,,,FALSE,FALSE,,, ,,0.00,0.00,
,,,,,,,,,,,,,,FALSE,FALSE,,, ,,0.00,0.00,
,,,,,,,,,,,,,,FALSE,FALSE,,, ,,0.00,0.00,
,,,,,,,,,,,,,,FALSE,FALSE,,, ,,0.00,0.00,
,,,,,,,,,,,,,,FALSE,FALSE,,, ,,0.00,0.00,
,,,,,,,,,,,,,,FALSE,FALSE,,, ,,0.00,0.00,
,,,,,,,,,,,,,,FALSE,FALSE,,, ,,0.00,0.00,
,,,,,,,,,,,,,,FALSE,FALSE,,, ,,0.00,0.00,
,,,,,,,,,,,,,,FALSE,FALSE,,, ,,0.00,0.00,
,,,,,,,,,,,,,,FALSE,FALSE,,, ,,0.00,0.00,
,,,,,,,,,,,,,,FALSE,FALSE,,, ,,0.00,0.00,
,,,,,,,,,,,,,,FALSE,FALSE,,, ,,0.00,0.00,
,,,,,,,,,,,,,,FALSE,FALSE,,, ,,0.00,0.00,
,,,,,,,,,,,,,,FALSE,FALSE,,, ,,0.00,0.00,
,,,,,,,,,,,,,,FALSE,FALSE,,, ,,0.00,0.00,
,,,,,,,,,,,,,,FALSE,FALSE,,, ,,0.00,0.00,
,,,,,,,,,,,,,,FALSE,FALSE,,, ,,0.00,0.00,
,,,,,,,,,,,,,,FALSE,FALSE,,, ,,0.00,0.00,
,,,,,,,,,,,,,,FALSE,FALSE,,, ,,0.00,0.00,
,,,,,,,,,,,,,,FALSE,FALSE,,, ,,0.00,0.00,
,,,,,,,,,,,,,,FALSE,FALSE,,, ,,0.00,0.00,
,,,,,,,,,,,,,,FALSE,FALSE,,, ,,0.00,0.00,
,,,,,,,,,,,,,,FALSE,FALSE,,, ,,0.00,0.00,
,,,,,,,,,,,,,,FALSE,FALSE,,, ,,0.00,0.00,
,,,,,,,,,,,,,,FALSE,FALSE,,, ,,0.00,0.00,
,,,,,,,,,,,,,,FALSE,FALSE,,, ,,0.00,0.00,
,,,,,,,,,,,,,,FALSE,FALSE,,, ,,0.00,0.00,
,,,,,,,,,,,,,,FALSE,FALSE,,, ,,0.00,0.00,
,,,,,,,,,,,,,,FALSE,FALSE,,, ,,0.00,0.00,
,,,,,,,,,,,,,,FALSE,FALSE,,, ,,0.00,0.00,
,,,,,,,,,,,,,,FALSE,FALSE,,, ,,0.00,0.00,
,,,,,,,,,,,,,,FALSE,FALSE,,, ,,0.00,0.00,
,,,,,,,,,,,,,,FALSE,FALSE,,, ,,0.00,0.00,
,,,,,,,,,,,,,,FALSE,FALSE,,, ,,0.00,0.00,
,,,,,,,,,,,,,,FALSE,FALSE,,, ,,0.00,0.00,
,,,,,,,,,,,,,,FALSE,FALSE,,, ,,0.00,0.00,
,,,,,,,,,,,,,,FALSE,FALSE,,, ,,0.00,0.00,
,,,,,,,,,,,,,,FALSE,FALSE,,, ,,0.00,0.00,
,,,,,,,,,,,,,,FALSE,FALSE,,, ,,0.00,0.00,
,,,,,,,,,,,,,,FALSE,FALSE,,, ,,0.00,0.00,
,,,,,,,,,,,,,,FALSE,FALSE,,, ,,0.00,0.00,
,,,,,,,,,,,,,,FALSE,FALSE,,, ,,0.00,0.00,
,,,,,,,,,,,,,,FALSE,FALSE,,, ,,0.00,0.00,
,,,,,,,,,,,,,,FALSE,FALSE,,, ,,0.00,0.00,
,,,,,,,,,,,,,,FALSE,FALSE,,, ,,0.00,0.00,
,,,,,,,,,,,,,,FALSE,FALSE,,, ,,0.00,0.00,
,,,,,,,,,,,,,,FALSE,FALSE,,, ,,0.00,0.00,
,,,,,,,,,,,,,,FALSE,FALSE,,, ,,0.00,0.00,
,,,,,,,,,,,,,,FALSE,FALSE,,, ,,0.00,0.00,
,,,,,,,,,,,,,,FALSE,FALSE,,, ,,0.00,0.00,
,,,,,,,,,,,,,,FALSE,FALSE,,, ,,0.00,0.00,
,,,,,,,,,,,,,,FALSE,FALSE,,, ,,0.00,0.00,
,,,,,,,,,,,,,,FALSE,FALSE,,, ,,0.00,0.00,
,,,,,,,,,,,,,,FALSE,FALSE,,, ,,0.00,0.00,
,,,,,,,,,,,,,,FALSE,FALSE,,, ,,0.00,0.00,
,,,,,,,,,,,,,,FALSE,FALSE,,, ,,0.00,0.00,
,,,,,,,,,,,,,,FALSE,FALSE,,, ,,0.00,0.00,
,,,,,,,,,,,,,,FALSE,FALSE,,, ,,0.00,0.00,
,,,,,,,,,,,,,,FALSE,FALSE,,, ,,0.00,0.00,
,,,,,,,,,,,,,,FALSE,FALSE,,, ,,0.00,0.00,
,,,,,,,,,,,,,,FALSE,FALSE,,, ,,0.00,0.00,
,,,,,,,,,,,,,,FALSE,FALSE,,, ,,0.00,0.00,
,,,,,,,,,,,,,,FALSE,FALSE,,, ,,0.00,0.00,
,,,,,,,,,,,,,,FALSE,FALSE,,, ,,0.00,0.00,
,,,,,,,,,,,,,,FALSE,FALSE,,, ,,0.00,0.00,
,,,,,,,,,,,,,,FALSE,FALSE,,, ,,0.00,0.00,
,,,,,,,,,,,,,,FALSE,FALSE,,, ,,0.00,0.00,
,,,,,,,,,,,,,,FALSE,FALSE,,, ,,0.00,0.00,
,,,,,,,,,,,,,,FALSE,FALSE,,, ,,0.00,0.00,
,,,,,,,,,,,,,,FALSE,FALSE,,, ,,0.00,0.00,
,,,,,,,,,,,,,,FALSE,FALSE,,, ,,0.00,0.00,
,,,,,,,,,,,,,,FALSE,FALSE,,, ,,0.00,0.00,
,,,,,,,,,,,,,,FALSE,FALSE,,, ,,0.00,0.00,
,,,,,,,,,,,,,,FALSE,FALSE,,, ,,0.00,0.00,
,,,,,,,,,,,,,,FALSE,FALSE,,, ,,0.00,0.00,
,,,,,,,,,,,,,,FALSE,FALSE,,, ,,0.00,0.00,
,,,,,,,,,,,,,,FALSE,FALSE,,, ,,0.00,0.00,
,,,,,,,,,,,,,,FALSE,FALSE,,, ,,0.00,0.00,
,,,,,,,,,,,,,,FALSE,FALSE,,, ,,0.00,0.00,
,,,,,,,,,,,,,,FALSE,FALSE,,, ,,0.00,0.00,
,,,,,,,,,,,,,,FALSE,FALSE,,, ,,0.00,0.00,
,,,,,,,,,,,,,,FALSE,FALSE,,, ,,0.00,0.00,
,,,,,,,,,,,,,,FALSE,FALSE,,, ,,0.00,0.00,
,,,,,,,,,,,,,,FALSE,FALSE,,, ,,0.00,0.00,
,,,,,,,,,,,,,,FALSE,FALSE,,, ,,0.00,0.00,
,,,,,,,,,,,,,,FALSE,FALSE,,, ,,0.00,0.00,
,,,,,,,,,,,,,,FALSE,FALSE,,, ,,0.00,0.00,
,,,,,,,,,,,,,,FALSE,FALSE,,, ,,0.00,0.00,
,,,,,,,,,,,,,,FALSE,FALSE,,, ,,0.00,0.00,
,,,,,,,,,,,,,,FALSE,FALSE,,, ,,0.00,0.00,
,,,,,,,,,,,,,,FALSE,FALSE,,, ,,0.00,0.00,
,,,,,,,,,,,,,,FALSE,FALSE,,, ,,0.00,0.00,
,,,,,,,,,,,,,,FALSE,FALSE,,, ,,0.00,0.00,
,,,,,,,,,,,,,,FALSE,FALSE,,, ,,0.00,0.00,
,,,,,,,,,,,,,,FALSE,FALSE,,, ,,0.00,0.00,
,,,,,,,,,,,,,,FALSE,FALSE,,, ,,0.00,0.00,
,,,,,,,,,,,,,,FALSE,FALSE,,, ,,0.00,0.00,
,,,,,,,,,,,,,,FALSE,FALSE,,, ,,0.00,0.00,
,,,,,,,,,,,,,,FALSE,FALSE,,, ,,0.00,0.00,
,,,,,,,,,,,,,,FALSE,FALSE,,, ,,0.00,0.00,
,,,,,,,,,,,,,,FALSE,FALSE,,, ,,0.00,0.00,
,,,,,,,,,,,,,,FALSE,FALSE,,, ,,0.00,0.00,
,,,,,,,,,,,,,,FALSE,FALSE,,, ,,0.00,0.00,
,,,,,,,,,,,,,,FALSE,FALSE,,, ,,0.00,0.00,
,,,,,,,,,,,,,,FALSE,FALSE,,, ,,0.00,0.00,
,,,,,,,,,,,,,,FALSE,FALSE,,, ,,0.00,0.00,
,,,,,,,,,,,,,,FALSE,FALSE,,, ,,0.00,0.00,
,,,,,,,,,,,,,,FALSE,FALSE,,, ,,0.00,0.00,
,,,,,,,,,,,,,,FALSE,FALSE,,, ,,0.00,0.00,
,,,,,,,,,,,,,,FALSE,FALSE,,, ,,0.00,0.00,
,,,,,,,,,,,,,,FALSE,FALSE,,, ,,0.00,0.00,
,,,,,,,,,,,,,,FALSE,FALSE,,, ,,0.00,0.00,
,,,,,,,,,,,,,,FALSE,FALSE,,, ,,0.00,0.00,
,,,,,,,,,,,,,,FALSE,FALSE,,, ,,0.00,0.00,
,,,,,,,,,,,,,,FALSE,FALSE,,, ,,0.00,0.00,
,,,,,,,,,,,,,,FALSE,FALSE,,, ,,0.00,0.00,
,,,,,,,,,,,,,,FALSE,FALSE,,, ,,0.00,0.00,
,,,,,,,,,,,,,,FALSE,FALSE,,, ,,0.00,0.00,
,,,,,,,,,,,,,,FALSE,FALSE,,, ,,0.00,0.00,
,,,,,,,,,,,,,,FALSE,FALSE,,, ,,0.00,0.00,
,,,,,,,,,,,,,,FALSE,FALSE,,, ,,0.00,0.00,
,,,,,,,,,,,,,,FALSE,FALSE,,, ,,0.00,0.00,
,,,,,,,,,,,,,,FALSE,FALSE,,, ,,0.00,0.00,
,,,,,,,,,,,,,,FALSE,FALSE,,, ,,0.00,0.00,
,,,,,,,,,,,,,,FALSE,FALSE,,, ,,0.00,0.00,
,,,,,,,,,,,,,,FALSE,FALSE,,, ,,0.00,0.00,
,,,,,,,,,,,,,,FALSE,FALSE,,, ,,0.00,0.00,
,,,,,,,,,,,,,,FALSE,FALSE,,, ,,0.00,0.00,
,,,,,,,,,,,,,,FALSE,FALSE,,, ,,0.00,0.00,
,,,,,,,,,,,,,,FALSE,FALSE,,, ,,0.00,0.00,
,,,,,,,,,,,,,,FALSE,FALSE,,, ,,0.00,0.00,
,,,,,,,,,,,,,,FALSE,FALSE,,, ,,0.00,0.00,
,,,,,,,,,,,,,,FALSE,FALSE,,, ,,0.00,0.00,
,,,,,,,,,,,,,,FALSE,FALSE,,, ,,0.00,0.00,
,,,,,,,,,,,,,,FALSE,FALSE,,, ,,0.00,0.00,
,,,,,,,,,,,,,,FALSE,FALSE,,, ,,0.00,0.00,
,,,,,,,,,,,,,,FALSE,FALSE,,, ,,0.00,0.00,
,,,,,,,,,,,,,,FALSE,FALSE,,, ,,0.00,0.00,
,,,,,,,,,,,,,,FALSE,FALSE,,, ,,0.00,0.00,
,,,,,,,,,,,,,,FALSE,FALSE,,, ,,0.00,0.00,
,,,,,,,,,,,,,,FALSE,FALSE,,, ,,0.00,0.00,
,,,,,,,,,,,,,,FALSE,FALSE,,, ,,0.00,0.00,
,,,,,,,,,,,,,,FALSE,FALSE,,, ,,0.00,0.00,
,,,,,,,,,,,,,,FALSE,FALSE,,, ,,0.00,0.00,
,,,,,,,,,,,,,,FALSE,FALSE,,, ,,0.00,0.00,
,,,,,,,,,,,,,,FALSE,FALSE,,, ,,0.00,0.00,
,,,,,,,,,,,,,,FALSE,FALSE,,, ,,0.00,0.00,
,,,,,,,,,,,,,,FALSE,FALSE,,, ,,0.00,0.00,
,,,,,,,,,,,,,,FALSE,FALSE,,, ,,0.00,0.00,
,,,,,,,,,,,,,,FALSE,FALSE,,, ,,0.00,0.00,
,,,,,,,,,,,,,,FALSE,FALSE,,, ,,0.00,0.00,
,,,,,,,,,,,,,,FALSE,FALSE,,, ,,0.00,0.00,
,,,,,,,,,,,,,,FALSE,FALSE,,, ,,0.00,0.00,
,,,,,,,,,,,,,,FALSE,FALSE,,, ,,0.00,0.00,
,,,,,,,,,,,,,,FALSE,FALSE,,, ,,0.00,0.00,
,,,,,,,,,,,,,,FALSE,FALSE,,, ,,0.00,0.00,
,,,,,,,,,,,,,,FALSE,FALSE,,, ,,0.00,0.00,
,,,,,,,,,,,,,,FALSE,FALSE,,, ,,0.00,0.00,
,,,,,,,,,,,,,,FALSE,FALSE,,, ,,0.00,0.00,
,,,,,,,,,,,,,,FALSE,FALSE,,, ,,0.00,0.00,
,,,,,,,,,,,,,,FALSE,FALSE,,, ,,0.00,0.00,
,,,,,,,,,,,,,,FALSE,FALSE,,, ,,0.00,0.00,
,,,,,,,,,,,,,,FALSE,FALSE,,, ,,0.00,0.00,
,,,,,,,,,,,,,,FALSE,FALSE,,, ,,0.00,0.00,
,,,,,,,,,,,,,,FALSE,FALSE,,, ,,0.00,0.00,
,,,,,,,,,,,,,,FALSE,FALSE,,, ,,0.00,0.00,
,,,,,,,,,,,,,,FALSE,FALSE,,, ,,0.00,0.00,
,,,,,,,,,,,,,,FALSE,FALSE,,, ,,0.00,0.00,
,,,,,,,,,,,,,,FALSE,FALSE,,, ,,0.00,0.00,
,,,,,,,,,,,,,,FALSE,FALSE,,, ,,0.00,0.00,
,,,,,,,,,,,,,,FALSE,FALSE,,, ,,0.00,0.00,
,,,,,,,,,,,,,,FALSE,FALSE,,, ,,0.00,0.00,
,,,,,,,,,,,,,,FALSE,FALSE,,, ,,0.00,0.00,
,,,,,,,,,,,,,,FALSE,FALSE,,, ,,0.00,0.00,
,,,,,,,,,,,,,,FALSE,FALSE,,, ,,0.00,0.00,
,,,,,,,,,,,,,,FALSE,FALSE,,, ,,0.00,0.00,
,,,,,,,,,,,,,,FALSE,FALSE,,, ,,0.00,0.00,
,,,,,,,,,,,,,,FALSE,FALSE,,, ,,0.00,0.00,
,,,,,,,,,,,,,,FALSE,FALSE,,, ,,0.00,0.00,
,,,,,,,,,,,,,,FALSE,FALSE,,, ,,0.00,0.00,
,,,,,,,,,,,,,,FALSE,FALSE,,, ,,0.00,0.00,
,,,,,,,,,,,,,,FALSE,FALSE,,, ,,0.00,0.00,
,,,,,,,,,,,,,,FALSE,FALSE,,, ,,0.00,0.00,
,,,,,,,,,,,,,,FALSE,FALSE,,, ,,0.00,0.00,
,,,,,,,,,,,,,,FALSE,FALSE,,, ,,0.00,0.00,
,,,,,,,,,,,,,,FALSE,FALSE,,, ,,0.00,0.00,
,,,,,,,,,,,,,,FALSE,FALSE,,, ,,0.00,0.00,
,,,,,,,,,,,,,,FALSE,FALSE,,, ,,0.00,0.00,
,,,,,,,,,,,,,,FALSE,FALSE,,, ,,0.00,0.00,
,,,,,,,,,,,,,,FALSE,FALSE,,, ,,0.00,0.00,
,,,,,,,,,,,,,,FALSE,FALSE,,, ,,0.00,0.00,
,,,,,,,,,,,,,,FALSE,FALSE,,, ,,0.00,0.00,
,,,,,,,,,,,,,,FALSE,FALSE,,, ,,0.00,0.00,
,,,,,,,,,,,,,,FALSE,FALSE,,, ,,0.00,0.00,
,,,,,,,,,,,,,,FALSE,FALSE,,, ,,0.00,0.00,
,,,,,,,,,,,,,,FALSE,FALSE,,, ,,0.00,0.00,
,,,,,,,,,,,,,,FALSE,FALSE,,, ,,0.00,0.00,
,,,,,,,,,,,,,,FALSE,FALSE,,, ,,0.00,0.00,
,,,,,,,,,,,,,,FALSE,FALSE,,, ,,0.00,0.00,
,,,,,,,,,,,,,,FALSE,FALSE,,, ,,0.00,0.00,
,,,,,,,,,,,,,,FALSE,FALSE,,, ,,0.00,0.00,
,,,,,,,,,,,,,,FALSE,FALSE,,, ,,0.00,0.00,
,,,,,,,,,,,,,,FALSE,FALSE,,, ,,0.00,0.00,
,,,,,,,,,,,,,,FALSE,FALSE,,, ,,0.00,0.00,
,,,,,,,,,,,,,,FALSE,FALSE,,, ,,0.00,0.00,
,,,,,,,,,,,,,,FALSE,FALSE,,, ,,0.00,0.00,
,,,,,,,,,,,,,,FALSE,FALSE,,, ,,0.00,0.00,
,,,,,,,,,,,,,,FALSE,FALSE,,, ,,0.00,0.00,
,,,,,,,,,,,,,,FALSE,FALSE,,, ,,0.00,0.00,
,,,,,,,,,,,,,,FALSE,FALSE,,, ,,0.00,0.00,
,,,,,,,,,,,,,,FALSE,FALSE,,, ,,0.00,0.00,
,,,,,,,,,,,,,,FALSE,FALSE,,, ,,0.00,0.00,
,,,,,,,,,,,,,,FALSE,FALSE,,, ,,0.00,0.00,
,,,,,,,,,,,,,,FALSE,FALSE,,, ,,0.00,0.00,
,,,,,,,,,,,,,,FALSE,FALSE,,, ,,0.00,0.00,
,,,,,,,,,,,,,,FALSE,FALSE,,, ,,0.00,0.00,
,,,,,,,,,,,,,,FALSE,FALSE,,, ,,0.00,0.00,
,,,,,,,,,,,,,,FALSE,FALSE,,, ,,0.00,0.00,
,,,,,,,,,,,,,,FALSE,FALSE,,, ,,0.00,0.00,
,,,,,,,,,,,,,,FALSE,FALSE,,, ,,0.00,0.00,
,,,,,,,,,,,,,,FALSE,FALSE,,, ,,0.00,0.00,
,,,,,,,,,,,,,,FALSE,FALSE,,, ,,0.00,0.00,
,,,,,,,,,,,,,,FALSE,FALSE,,, ,,0.00,0.00,
,,,,,,,,,,,,,,FALSE,FALSE,,, ,,0.00,0.00,
,,,,,,,,,,,,,,FALSE,FALSE,,, ,,0.00,0.00,
,,,,,,,,,,,,,,FALSE,FALSE,,, ,,0.00,0.00,
,,,,,,,,,,,,,,FALSE,FALSE,,, ,,0.00,0.00,
,,,,,,,,,,,,,,FALSE,FALSE,,, ,,0.00,0.00,
,,,,,,,,,,,,,,FALSE,FALSE,,, ,,0.00,0.00,
,,,,,,,,,,,,,,FALSE,FALSE,,, ,,0.00,0.00,
,,,,,,,,,,,,,,FALSE,FALSE,,, ,,0.00,0.00,
,,,,,,,,,,,,,,FALSE,FALSE,,, ,,0.00,0.00,
,,,,,,,,,,,,,,FALSE,FALSE,,, ,,0.00,0.00,
,,,,,,,,,,,,,,FALSE,FALSE,,, ,,0.00,0.00,
,,,,,,,,,,,,,,FALSE,FALSE,,, ,,0.00,0.00,
,,,,,,,,,,,,,,FALSE,FALSE,,, ,,0.00,0.00,
,,,,,,,,,,,,,,FALSE,FALSE,,, ,,0.00,0.00,
,,,,,,,,,,,,,,FALSE,FALSE,,, ,,0.00,0.00,
,,,,,,,,,,,,,,FALSE,FALSE,,, ,,0.00,0.00,
,,,,,,,,,,,,,,FALSE,FALSE,,, ,,0.00,0.00,
,,,,,,,,,,,,,,FALSE,FALSE,,, ,,0.00,0.00,
,,,,,,,,,,,,,,FALSE,FALSE,,, ,,0.00,0.00,
,,,,,,,,,,,,,,FALSE,FALSE,,, ,,0.00,0.00,
,,,,,,,,,,,,,,FALSE,FALSE,,, ,,0.00,0.00,
,,,,,,,,,,,,,,FALSE,FALSE,,, ,,0.00,0.00,
,,,,,,,,,,,,,,FALSE,FALSE,,, ,,0.00,0.00,
,,,,,,,,,,,,,,FALSE,FALSE,,, ,,0.00,0.00,
,,,,,,,,,,,,,,FALSE,FALSE,,, ,,0.00,0.00,
,,,,,,,,,,,,,,FALSE,FALSE,,, ,,0.00,0.00,
,,,,,,,,,,,,,,FALSE,FALSE,,, ,,0.00,0.00,
,,,,,,,,,,,,,,FALSE,FALSE,,, ,,0.00,0.00,
,,,,,,,,,,,,,,FALSE,FALSE,,, ,,0.00,0.00,
,,,,,,,,,,,,,,FALSE,FALSE,,, ,,0.00,0.00,
,,,,,,,,,,,,,,FALSE,FALSE,,, ,,0.00,0.00,
,,,,,,,,,,,,,,FALSE,FALSE,,, ,,0.00,0.00,
,,,,,,,,,,,,,,FALSE,FALSE,,, ,,0.00,0.00,
,,,,,,,,,,,,,,FALSE,FALSE,,, ,,0.00,0.00,
,,,,,,,,,,,,,,FALSE,FALSE,,, ,,0.00,0.00,
,,,,,,,,,,,,,,FALSE,FALSE,,, ,,0.00,0.00,
,,,,,,,,,,,,,,FALSE,FALSE,,, ,,0.00,0.00,
,,,,,,,,,,,,,,FALSE,FALSE,,, ,,0.00,0.00,
,,,,,,,,,,,,,,FALSE,FALSE,,, ,,0.00,0.00,
,,,,,,,,,,,,,,FALSE,FALSE,,, ,,0.00,0.00,
,,,,,,,,,,,,,,FALSE,FALSE,,, ,,0.00,0.00,
,,,,,,,,,,,,,,FALSE,FALSE,,, ,,0.00,0.00,
,,,,,,,,,,,,,,FALSE,FALSE,,, ,,0.00,0.00,
,,,,,,,,,,,,,,FALSE,FALSE,,, ,,0.00,0.00,
,,,,,,,,,,,,,,FALSE,FALSE,,, ,,0.00,0.00,
,,,,,,,,,,,,,,FALSE,FALSE,,, ,,0.00,0.00,
,,,,,,,,,,,,,,FALSE,FALSE,,, ,,0.00,0.00,
,,,,,,,,,,,,,,FALSE,FALSE,,, ,,0.00,0.00,
,,,,,,,,,,,,,,FALSE,FALSE,,, ,,0.00,0.00,
,,,,,,,,,,,,,,FALSE,FALSE,,, ,,0.00,0.00,
,,,,,,,,,,,,,,FALSE,FALSE,,, ,,0.00,0.00,
,,,,,,,,,,,,,,FALSE,FALSE,,, ,,0.00,0.00,
,,,,,,,,,,,,,,FALSE,FALSE,,, ,,0.00,0.00,
,,,,,,,,,,,,,,FALSE,FALSE,,, ,,0.00,0.00,
,,,,,,,,,,,,,,FALSE,FALSE,,, ,,0.00,0.00,
,,,,,,,,,,,,,,FALSE,FALSE,,, ,,0.00,0.00,
,,,,,,,,,,,,,,FALSE,FALSE,,, ,,0.00,0.00,
,,,,,,,,,,,,,,FALSE,FALSE,,, ,,0.00,0.00,
,,,,,,,,,,,,,,FALSE,FALSE,,, ,,0.00,0.00,
,,,,,,,,,,,,,,FALSE,FALSE,,, ,,0.00,0.00,
,,,,,,,,,,,,,,FALSE,FALSE,,, ,,0.00,0.00,
,,,,,,,,,,,,,,FALSE,FALSE,,, ,,0.00,0.00,
,,,,,,,,,,,,,,FALSE,FALSE,,, ,,0.00,0.00,
,,,,,,,,,,,,,,FALSE,FALSE,,, ,,0.00,0.00,
,,,,,,,,,,,,,,FALSE,FALSE,,, ,,0.00,0.00,
,,,,,,,,,,,,,,FALSE,FALSE,,, ,,0.00,0.00,
,,,,,,,,,,,,,,FALSE,FALSE,,, ,,0.00,0.00,
,,,,,,,,,,,,,,FALSE,FALSE,,, ,,0.00,0.00,
,,,,,,,,,,,,,,FALSE,FALSE,,, ,,0.00,0.00,
,,,,,,,,,,,,,,FALSE,FALSE,,, ,,0.00,0.00,
,,,,,,,,,,,,,,FALSE,FALSE,,, ,,0.00,0.00,
,,,,,,,,,,,,,,FALSE,FALSE,,, ,,0.00,0.00,
,,,,,,,,,,,,,,FALSE,FALSE,,, ,,0.00,0.00,
,,,,,,,,,,,,,,FALSE,FALSE,,, ,,0.00,0.00,
,,,,,,,,,,,,,,FALSE,FALSE,,, ,,0.00,0.00,
,,,,,,,,,,,,,,FALSE,FALSE,,, ,,0.00,0.00,
,,,,,,,,,,,,,,FALSE,FALSE,,, ,,0.00,0.00,
,,,,,,,,,,,,,,FALSE,FALSE,,, ,,0.00,0.00,
,,,,,,,,,,,,,,FALSE,FALSE,,, ,,0.00,0.00,
,,,,,,,,,,,,,,FALSE,FALSE,,, ,,0.00,0.00,
,,,,,,,,,,,,,,FALSE,FALSE,,, ,,0.00,0.00,
,,,,,,,,,,,,,,FALSE,FALSE,,, ,,0.00,0.00,
,,,,,,,,,,,,,,FALSE,FALSE,,, ,,0.00,0.00,
,,,,,,,,,,,,,,FALSE,FALSE,,, ,,0.00,0.00,
,,,,,,,,,,,,,,FALSE,FALSE,,, ,,0.00,0.00,
,,,,,,,,,,,,,,FALSE,FALSE,,, ,,0.00,0.00,
,,,,,,,,,,,,,,FALSE,FALSE,,, ,,0.00,0.00,
,,,,,,,,,,,,,,FALSE,FALSE,,, ,,0.00,0.00,
,,,,,,,,,,,,,,FALSE,FALSE,,, ,,0.00,0.00,
,,,,,,,,,,,,,,FALSE,FALSE,,, ,,0.00,0.00,
,,,,,,,,,,,,,,FALSE,FALSE,,, ,,0.00,0.00,
,,,,,,,,,,,,,,FALSE,FALSE,,, ,,0.00,0.00,
,,,,,,,,,,,,,,FALSE,FALSE,,, ,,0.00,0.00,
,,,,,,,,,,,,,,FALSE,FALSE,,, ,,0.00,0.00,
,,,,,,,,,,,,,,FALSE,FALSE,,, ,,0.00,0.00,
,,,,,,,,,,,,,,FALSE,FALSE,,, ,,0.00,0.00,
,,,,,,,,,,,,,,FALSE,FALSE,,, ,,0.00,0.00,
,,,,,,,,,,,,,,FALSE,FALSE,,, ,,0.00,0.00,
,,,,,,,,,,,,,,FALSE,FALSE,,, ,,0.00,0.00,
,,,,,,,,,,,,,,FALSE,FALSE,,, ,,0.00,0.00,
,,,,,,,,,,,,,,FALSE,FALSE,,, ,,0.00,0.00,
,,,,,,,,,,,,,,FALSE,FALSE,,, ,,0.00,0.00,
,,,,,,,,,,,,,,FALSE,FALSE,,, ,,0.00,0.00,
,,,,,,,,,,,,,,FALSE,FALSE,,, ,,0.00,0.00,
,,,,,,,,,,,,,,FALSE,FALSE,,, ,,0.00,0.00,
,,,,,,,,,,,,,,FALSE,FALSE,,, ,,0.00,0.00,
,,,,,,,,,,,,,,FALSE,FALSE,,, ,,0.00,0.00,
,,,,,,,,,,,,,,FALSE,FALSE,,, ,,0.00,0.00,
,,,,,,,,,,,,,,FALSE,FALSE,,, ,,0.00,0.00,
,,,,,,,,,,,,,,FALSE,FALSE,,, ,,0.00,0.00,
,,,,,,,,,,,,,,FALSE,FALSE,,, ,,0.00,0.00,
,,,,,,,,,,,,,,FALSE,FALSE,,, ,,0.00,0.00,
,,,,,,,,,,,,,,FALSE,FALSE,,, ,,0.00,0.00,
,,,,,,,,,,,,,,FALSE,FALSE,,, ,,0.00,0.00,
,,,,,,,,,,,,,,FALSE,FALSE,,, ,,0.00,0.00,
,,,,,,,,,,,,,,FALSE,FALSE,,, ,,0.00,0.00,
,,,,,,,,,,,,,,FALSE,FALSE,,, ,,0.00,0.00,
,,,,,,,,,,,,,,FALSE,FALSE,,, ,,0.00,0.00,
,,,,,,,,,,,,,,FALSE,FALSE,,, ,,0.00,0.00,
,,,,,,,,,,,,,,FALSE,FALSE,,, ,,0.00,0.00,
,,,,,,,,,,,,,,FALSE,FALSE,,, ,,0.00,0.00,
,,,,,,,,,,,,,,FALSE,FALSE,,, ,,0.00,0.00,
,,,,,,,,,,,,,,FALSE,FALSE,,, ,,0.00,0.00,
,,,,,,,,,,,,,,FALSE,FALSE,,, ,,0.00,0.00,
,,,,,,,,,,,,,,FALSE,FALSE,,, ,,0.00,0.00,
,,,,,,,,,,,,,,FALSE,FALSE,,, ,,0.00,0.00,
,,,,,,,,,,,,,,FALSE,FALSE,,, ,,0.00,0.00,
,,,,,,,,,,,,,,FALSE,FALSE,,, ,,0.00,0.00,
,,,,,,,,,,,,,,FALSE,FALSE,,, ,,0.00,0.00,
,,,,,,,,,,,,,,FALSE,FALSE,,, ,,0.00,0.00,
,,,,,,,,,,,,,,FALSE,FALSE,,, ,,0.00,0.00,
,,,,,,,,,,,,,,FALSE,FALSE,,, ,,0.00,0.00,
,,,,,,,,,,,,,,FALSE,FALSE,,, ,,0.00,0.00,
,,,,,,,,,,,,,,FALSE,FALSE,,, ,,0.00,0.00,
,,,,,,,,,,,,,,FALSE,FALSE,,, ,,0.00,0.00,
,,,,,,,,,,,,,,FALSE,FALSE,,, ,,0.00,0.00,
,,,,,,,,,,,,,,FALSE,FALSE,,, ,,0.00,0.00,
,,,,,,,,,,,,,,FALSE,FALSE,,, ,,0.00,0.00,
,,,,,,,,,,,,,,FALSE,FALSE,,, ,,0.00,0.00,
,,,,,,,,,,,,,,FALSE,FALSE,,, ,,0.00,0.00,
,,,,,,,,,,,,,,FALSE,FALSE,,, ,,0.00,0.00,
,,,,,,,,,,,,,,FALSE,FALSE,,, ,,0.00,0.00,
,,,,,,,,,,,,,,FALSE,FALSE,,, ,,0.00,0.00,
,,,,,,,,,,,,,,FALSE,FALSE,,, ,,0.00,0.00,
,,,,,,,,,,,,,,FALSE,FALSE,,, ,,0.00,0.00,
,,,,,,,,,,,,,,FALSE,FALSE,,, ,,0.00,0.00,
,,,,,,,,,,,,,,FALSE,FALSE,,, ,,0.00,0.00,
,,,,,,,,,,,,,,FALSE,FALSE,,, ,,0.00,0.00,
,,,,,,,,,,,,,,FALSE,FALSE,,, ,,0.00,0.00,
,,,,,,,,,,,,,,FALSE,FALSE,,, ,,0.00,0.00,
,,,,,,,,,,,,,,FALSE,FALSE,,, ,,0.00,0.00,
,,,,,,,,,,,,,,FALSE,FALSE,,, ,,0.00,0.00,
,,,,,,,,,,,,,,FALSE,FALSE,,, ,,0.00,0.00,
,,,,,,,,,,,,,,FALSE,FALSE,,, ,,0.00,0.00,
,,,,,,,,,,,,,,FALSE,FALSE,,, ,,0.00,0.00,
,,,,,,,,,,,,,,FALSE,FALSE,,, ,,0.00,0.00,
,,,,,,,,,,,,,,FALSE,FALSE,,, ,,0.00,0.00,
,,,,,,,,,,,,,,FALSE,FALSE,,, ,,0.00,0.00,
,,,,,,,,,,,,,,FALSE,FALSE,,, ,,0.00,0.00,
,,,,,,,,,,,,,,FALSE,FALSE,,, ,,0.00,0.00,
,,,,,,,,,,,,,,FALSE,FALSE,,, ,,0.00,0.00,
,,,,,,,,,,,,,,FALSE,FALSE,,, ,,0.00,0.00,
,,,,,,,,,,,,,,FALSE,FALSE,,, ,,0.00,0.00,
,,,,,,,,,,,,,,FALSE,FALSE,,, ,,0.00,0.00,
,,,,,,,,,,,,,,FALSE,FALSE,,, ,,0.00,0.00,
,,,,,,,,,,,,,,FALSE,FALSE,,, ,,0.00,0.00,
,,,,,,,,,,,,,,FALSE,FALSE,,, ,,0.00,0.00,
,,,,,,,,,,,,,,FALSE,FALSE,,, ,,0.00,0.00,
,,,,,,,,,,,,,,FALSE,FALSE,,, ,,0.00,0.00,
,,,,,,,,,,,,,,FALSE,FALSE,,, ,,0.00,0.00,
,,,,,,,,,,,,,,FALSE,FALSE,,, ,,0.00,0.00,
,,,,,,,,,,,,,,FALSE,FALSE,,, ,,0.00,0.00,
,,,,,,,,,,,,,,FALSE,FALSE,,, ,,0.00,0.00,
,,,,,,,,,,,,,,FALSE,FALSE,,, ,,0.00,0.00,
,,,,,,,,,,,,,,FALSE,FALSE,,, ,,0.00,0.00,
,,,,,,,,,,,,,,FALSE,FALSE,,, ,,0.00,0.00,
,,,,,,,,,,,,,,FALSE,FALSE,,, ,,0.00,0.00,
,,,,,,,,,,,,,,FALSE,FALSE,,, ,,0.00,0.00,
,,,,,,,,,,,,,,FALSE,FALSE,,, ,,0.00,0.00,
,,,,,,,,,,,,,,FALSE,FALSE,,, ,,0.00,0.00,
,,,,,,,,,,,,,,FALSE,FALSE,,, ,,0.00,0.00,
,,,,,,,,,,,,,,FALSE,FALSE,,, ,,0.00,0.00,
,,,,,,,,,,,,,,FALSE,FALSE,,, ,,0.00,0.00,
,,,,,,,,,,,,,,FALSE,FALSE,,, ,,0.00,0.00,
,,,,,,,,,,,,,,FALSE,FALSE,,, ,,0.00,0.00,
,,,,,,,,,,,,,,FALSE,FALSE,,, ,,0.00,0.00,
,,,,,,,,,,,,,,FALSE,FALSE,,, ,,0.00,0.00,
,,,,,,,,,,,,,,FALSE,FALSE,,, ,,0.00,0.00,
,,,,,,,,,,,,,,FALSE,FALSE,,, ,,0.00,0.00,
,,,,,,,,,,,,,,FALSE,FALSE,,, ,,0.00,0.00,
,,,,,,,,,,,,,,FALSE,FALSE,,, ,,0.00,0.00,
,,,,,,,,,,,,,,FALSE,FALSE,,, ,,0.00,0.00,
,,,,,,,,,,,,,,FALSE,FALSE,,, ,,0.00,0.00,
,,,,,,,,,,,,,,FALSE,FALSE,,, ,,0.00,0.00,
,,,,,,,,,,,,,,FALSE,FALSE,,, ,,0.00,0.00,
,,,,,,,,,,,,,,FALSE,FALSE,,, ,,0.00,0.00,
,,,,,,,,,,,,,,FALSE,FALSE,,, ,,0.00,0.00,
,,,,,,,,,,,,,,FALSE,FALSE,,, ,,0.00,0.00,
,,,,,,,,,,,,,,FALSE,FALSE,,, ,,0.00,0.00,
,,,,,,,,,,,,,,FALSE,FALSE,,, ,,0.00,0.00,
,,,,,,,,,,,,,,FALSE,FALSE,,, ,,0.00,0.00,
,,,,,,,,,,,,,,FALSE,FALSE,,, ,,0.00,0.00,
,,,,,,,,,,,,,,FALSE,FALSE,,, ,,0.00,0.00,
,,,,,,,,,,,,,,FALSE,FALSE,,, ,,0.00,0.00,
,,,,,,,,,,,,,,FALSE,FALSE,,, ,,0.00,0.00,
,,,,,,,,,,,,,,FALSE,FALSE,,, ,,0.00,0.00,
,,,,,,,,,,,,,,FALSE,FALSE,,, ,,0.00,0.00,
,,,,,,,,,,,,,,FALSE,FALSE,,, ,,0.00,0.00,
,,,,,,,,,,,,,,FALSE,FALSE,,, ,,0.00,0.00,
,,,,,,,,,,,,,,FALSE,FALSE,,, ,,0.00,0.00,
,,,,,,,,,,,,,,FALSE,FALSE,,, ,,0.00,0.00,
,,,,,,,,,,,,,,FALSE,FALSE,,, ,,0.00,0.00,
,,,,,,,,,,,,,,FALSE,FALSE,,, ,,0.00,0.00,
,,,,,,,,,,,,,,FALSE,FALSE,,, ,,0.00,0.00,
,,,,,,,,,,,,,,FALSE,FALSE,,, ,,0.00,0.00,
,,,,,,,,,,,,,,FALSE,FALSE,,, ,,0.00,0.00,
,,,,,,,,,,,,,,FALSE,FALSE,,, ,,0.00,0.00,
,,,,,,,,,,,,,,FALSE,FALSE,,, ,,0.00,0.00,
,,,,,,,,,,,,,,FALSE,FALSE,,, ,,0.00,0.00,
,,,,,,,,,,,,,,FALSE,FALSE,,, ,,0.00,0.00,
,,,,,,,,,,,,,,FALSE,FALSE,,, ,,0.00,0.00,
,,,,,,,,,,,,,,FALSE,FALSE,,, ,,0.00,0.00,
,,,,,,,,,,,,,,FALSE,FALSE,,, ,,0.00,0.00,
,,,,,,,,,,,,,,FALSE,FALSE,,, ,,0.00,0.00,
,,,,,,,,,,,,,,FALSE,FALSE,,, ,,0.00,0.00,
,,,,,,,,,,,,,,FALSE,FALSE,,, ,,0.00,0.00,
,,,,,,,,,,,,,,FALSE,FALSE,,, ,,0.00,0.00,
,,,,,,,,,,,,,,FALSE,FALSE,,, ,,0.00,0.00,
,,,,,,,,,,,,,,FALSE,FALSE,,, ,,0.00,0.00,
,,,,,,,,,,,,,,FALSE,FALSE,,, ,,0.00,0.00,
,,,,,,,,,,,,,,FALSE,FALSE,,, ,,0.00,0.00,
,,,,,,,,,,,,,,FALSE,FALSE,,, ,,0.00,0.00,
,,,,,,,,,,,,,,FALSE,FALSE,,, ,,0.00,0.00,
,,,,,,,,,,,,,,FALSE,FALSE,,, ,,0.00,0.00,
,,,,,,,,,,,,,,FALSE,FALSE,,, ,,0.00,0.00,
,,,,,,,,,,,,,,FALSE,FALSE,,, ,,0.00,0.00,
,,,,,,,,,,,,,,FALSE,FALSE,,, ,,0.00,0.00,
,,,,,,,,,,,,,,FALSE,FALSE,,, ,,0.00,0.00,
,,,,,,,,,,,,,,FALSE,FALSE,,, ,,0.00,0.00,
,,,,,,,,,,,,,,FALSE,FALSE,,, ,,0.00,0.00,
,,,,,,,,,,,,,,FALSE,FALSE,,, ,,0.00,0.00,
,,,,,,,,,,,,,,FALSE,FALSE,,, ,,0.00,0.00,
,,,,,,,,,,,,,,FALSE,FALSE,,, ,,0.00,0.00,
,,,,,,,,,,,,,,FALSE,FALSE,,, ,,0.00,0.00,
,,,,,,,,,,,,,,FALSE,FALSE,,, ,,0.00,0.00,
,,,,,,,,,,,,,,FALSE,FALSE,,, ,,0.00,0.00,
,,,,,,,,,,,,,,FALSE,FALSE,,, ,,0.00,0.00,
,,,,,,,,,,,,,,FALSE,FALSE,,, ,,0.00,0.00,
,,,,,,,,,,,,,,FALSE,FALSE,,, ,,0.00,0.00,
,,,,,,,,,,,,,,FALSE,FALSE,,, ,,0.00,0.00,
,,,,,,,,,,,,,,FALSE,FALSE,,, ,,0.00,0.00,
,,,,,,,,,,,,,,FALSE,FALSE,,, ,,0.00,0.00,
,,,,,,,,,,,,,,FALSE,FALSE,,, ,,0.00,0.00,
,,,,,,,,,,,,,,FALSE,FALSE,,, ,,0.00,0.00,
,,,,,,,,,,,,,,FALSE,FALSE,,, ,,0.00,0.00,
,,,,,,,,,,,,,,FALSE,FALSE,,, ,,0.00,0.00,
,,,,,,,,,,,,,,FALSE,FALSE,,, ,,0.00,0.00,
,,,,,,,,,,,,,,FALSE,FALSE,,, ,,0.00,0.00,
,,,,,,,,,,,,,,FALSE,FALSE,,, ,,0.00,0.00,
,,,,,,,,,,,,,,FALSE,FALSE,,, ,,0.00,0.00,
,,,,,,,,,,,,,,FALSE,FALSE,,, ,,0.00,0.00,
,,,,,,,,,,,,,,FALSE,FALSE,,, ,,0.00,0.00,
,,,,,,,,,,,,,,FALSE,FALSE,,, ,,0.00,0.00,
,,,,,,,,,,,,,,FALSE,FALSE,,, ,,0.00,0.00,
,,,,,,,,,,,,,,FALSE,FALSE,,, ,,0.00,0.00,
,,,,,,,,,,,,,,FALSE,FALSE,,, ,,0.00,0.00,
,,,,,,,,,,,,,,FALSE,FALSE,,, ,,0.00,0.00,
,,,,,,,,,,,,,,FALSE,FALSE,,, ,,0.00,0.00,
,,,,,,,,,,,,,,FALSE,FALSE,,, ,,0.00,0.00,
,,,,,,,,,,,,,,FALSE,FALSE,,, ,,0.00,0.00,
,,,,,,,,,,,,,,FALSE,FALSE,,, ,,0.00,0.00,
,,,,,,,,,,,,,,FALSE,FALSE,,, ,,0.00,0.00,
,,,,,,,,,,,,,,FALSE,FALSE,,, ,,0.00,0.00,
,,,,,,,,,,,,,,FALSE,FALSE,,, ,,0.00,0.00,
,,,,,,,,,,,,,,FALSE,FALSE,,, ,,0.00,0.00,
,,,,,,,,,,,,,,FALSE,FALSE,,, ,,0.00,0.00,
,,,,,,,,,,,,,,FALSE,FALSE,,, ,,0.00,0.00,
,,,,,,,,,,,,,,FALSE,FALSE,,, ,,0.00,0.00,
,,,,,,,,,,,,,,FALSE,FALSE,,, ,,0.00,0.00,
,,,,,,,,,,,,,,FALSE,FALSE,,, ,,0.00,0.00,
,,,,,,,,,,,,,,FALSE,FALSE,,, ,,0.00,0.00,
,,,,,,,,,,,,,,FALSE,FALSE,,, ,,0.00,0.00,
,,,,,,,,,,,,,,FALSE,FALSE,,, ,,0.00,0.00,
,,,,,,,,,,,,,,FALSE,FALSE,,, ,,0.00,0.00,
,,,,,,,,,,,,,,FALSE,FALSE,,, ,,0.00,0.00,
,,,,,,,,,,,,,,FALSE,FALSE,,, ,,0.00,0.00,
,,,,,,,,,,,,,,FALSE,FALSE,,, ,,0.00,0.00,
,,,,,,,,,,,,,,FALSE,FALSE,,, ,,0.00,0.00,
,,,,,,,,,,,,,,FALSE,FALSE,,, ,,0.00,0.00,
,,,,,,,,,,,,,,FALSE,FALSE,,, ,,0.00,0.00,
,,,,,,,,,,,,,,FALSE,FALSE,,, ,,0.00,0.00,
,,,,,,,,,,,,,,FALSE,FALSE,,, ,,0.00,0.00,
,,,,,,,,,,,,,,FALSE,FALSE,,, ,,0.00,0.00,
,,,,,,,,,,,,,,FALSE,FALSE,,, ,,0.00,0.00,
,,,,,,,,,,,,,,FALSE,FALSE,,, ,,0.00,0.00,
,,,,,,,,,,,,,,FALSE,FALSE,,, ,,0.00,0.00,
,,,,,,,,,,,,,,FALSE,FALSE,,, ,,0.00,0.00,
,,,,,,,,,,,,,,FALSE,FALSE,,, ,,0.00,0.00,
,,,,,,,,,,,,,,FALSE,FALSE,,, ,,0.00,0.00,
,,,,,,,,,,,,,,FALSE,FALSE,,, ,,0.00,0.00,
,,,,,,,,,,,,,,FALSE,FALSE,,, ,,0.00,0.00,
,,,,,,,,,,,,,,FALSE,FALSE,,, ,,0.00,0.00,
,,,,,,,,,,,,,,FALSE,FALSE,,, ,,0.00,0.00,
,,,,,,,,,,,,,,FALSE,FALSE,,, ,,0.00,0.00,
,,,,,,,,,,,,,,FALSE,FALSE,,, ,,0.00,0.00,
,,,,,,,,,,,,,,FALSE,FALSE,,, ,,0.00,0.00,
,,,,,,,,,,,,,,FALSE,FALSE,,, ,,0.00,0.00,
,,,,,,,,,,,,,,FALSE,FALSE,,, ,,0.00,0.00,
,,,,,,,,,,,,,,FALSE,FALSE,,, ,,0.00,0.00,
,,,,,,,,,,,,,,FALSE,FALSE,,, ,,0.00,0.00,
,,,,,,,,,,,,,,FALSE,FALSE,,, ,,0.00,0.00,
,,,,,,,,,,,,,,FALSE,FALSE,,, ,,0.00,0.00,
,,,,,,,,,,,,,,FALSE,FALSE,,, ,,0.00,0.00,
,,,,,,,,,,,,,,FALSE,FALSE,,, ,,0.00,0.00,
,,,,,,,,,,,,,,FALSE,FALSE,,, ,,0.00,0.00,
,,,,,,,,,,,,,,FALSE,FALSE,,, ,,0.00,0.00,
,,,,,,,,,,,,,,FALSE,FALSE,,, ,,0.00,0.00,
,,,,,,,,,,,,,,FALSE,FALSE,,, ,,0.00,0.00,
,,,,,,,,,,,,,,FALSE,FALSE,,, ,,0.00,0.00,
,,,,,,,,,,,,,,FALSE,FALSE,,, ,,0.00,0.00,
,,,,,,,,,,,,,,FALSE,FALSE,,, ,,0.00,0.00,
,,,,,,,,,,,,,,FALSE,FALSE,,, ,,0.00,0.00,
,,,,,,,,,,,,,,FALSE,FALSE,,, ,,0.00,0.00,
,,,,,,,,,,,,,,FALSE,FALSE,,, ,,0.00,0.00,
,,,,,,,,,,,,,,FALSE,FALSE,,, ,,0.00,0.00,
,,,,,,,,,,,,,,FALSE,FALSE,,, ,,0.00,0.00,
,,,,,,,,,,,,,,FALSE,FALSE,,, ,,0.00,0.00,
,,,,,,,,,,,,,,FALSE,FALSE,,, ,,0.00,0.00,
,,,,,,,,,,,,,,FALSE,FALSE,,, ,,0.00,0.00,
,,,,,,,,,,,,,,FALSE,FALSE,,, ,,0.00,0.00,
,,,,,,,,,,,,,,FALSE,FALSE,,, ,,0.00,0.00,
,,,,,,,,,,,,,,FALSE,FALSE,,, ,,0.00,0.00,
,,,,,,,,,,,,,,FALSE,FALSE,,, ,,0.00,0.00,
,,,,,,,,,,,,,,FALSE,FALSE,,, ,,0.00,0.00,
,,,,,,,,,,,,,,FALSE,FALSE,,, ,,0.00,0.00,
,,,,,,,,,,,,,,FALSE,FALSE,,, ,,0.00,0.00,
,,,,,,,,,,,,,,FALSE,FALSE,,, ,,0.00,0.00,
,,,,,,,,,,,,,,FALSE,FALSE,,, ,,0.00,0.00,
,,,,,,,,,,,,,,FALSE,FALSE,,, ,,0.00,0.00,
,,,,,,,,,,,,,,FALSE,FALSE,,, ,,0.00,0.00,
,,,,,,,,,,,,,,FALSE,FALSE,,, ,,0.00,0.00,
,,,,,,,,,,,,,,FALSE,FALSE,,, ,,0.00,0.00,
,,,,,,,,,,,,,,FALSE,FALSE,,, ,,0.00,0.00,
,,,,,,,,,,,,,,FALSE,FALSE,,, ,,0.00,0.00,
,,,,,,,,,,,,,,FALSE,FALSE,,, ,,0.00,0.00,
,,,,,,,,,,,,,,FALSE,FALSE,,, ,,0.00,0.00,
,,,,,,,,,,,,,,FALSE,FALSE,,, ,,0.00,0.00,
,,,,,,,,,,,,,,FALSE,FALSE,,, ,,0.00,0.00,
,,,,,,,,,,,,,,FALSE,FALSE,,, ,,0.00,0.00,
,,,,,,,,,,,,,,FALSE,FALSE,,, ,,0.00,0.00,
,,,,,,,,,,,,,,FALSE,FALSE,,, ,,0.00,0.00,
,,,,,,,,,,,,,,FALSE,FALSE,,, ,,0.00,0.00,
,,,,,,,,,,,,,,FALSE,FALSE,,, ,,0.00,0.00,
,,,,,,,,,,,,,,FALSE,FALSE,,, ,,0.00,0.00,
,,,,,,,,,,,,,,FALSE,FALSE,,, ,,0.00,0.00,
,,,,,,,,,,,,,,FALSE,FALSE,,, ,,0.00,0.00,
,,,,,,,,,,,,,,FALSE,FALSE,,, ,,0.00,0.00,
,,,,,,,,,,,,,,FALSE,FALSE,,, ,,0.00,0.00,
,,,,,,,,,,,,,,FALSE,FALSE,,, ,,0.00,0.00,
,,,,,,,,,,,,,,FALSE,FALSE,,, ,,0.00,0.00,
,,,,,,,,,,,,,,FALSE,FALSE,,, ,,0.00,0.00,
,,,,,,,,,,,,,,FALSE,FALSE,,, ,,0.00,0.00,
,,,,,,,,,,,,,,FALSE,FALSE,,, ,,0.00,0.00,
,,,,,,,,,,,,,,FALSE,FALSE,,, ,,0.00,0.00,
,,,,,,,,,,,,,,FALSE,FALSE,,, ,,0.00,0.00,
,,,,,,,,,,,,,,FALSE,FALSE,,, ,,0.00,0.00,
,,,,,,,,,,,,,,FALSE,FALSE,,, ,,0.00,0.00,
,,,,,,,,,,,,,,FALSE,FALSE,,, ,,0.00,0.00,
,,,,,,,,,,,,,,FALSE,FALSE,,, ,,0.00,0.00,
,,,,,,,,,,,,,,FALSE,FALSE,,, ,,0.00,0.00,
,,,,,,,,,,,,,,FALSE,FALSE,,, ,,0.00,0.00,
,,,,,,,,,,,,,,FALSE,FALSE,,, ,,0.00,0.00,
,,,,,,,,,,,,,,FALSE,FALSE,,, ,,0.00,0.00,
,,,,,,,,,,,,,,FALSE,FALSE,,, ,,0.00,0.00,
,,,,,,,,,,,,,,FALSE,FALSE,,, ,,0.00,0.00,
,,,,,,,,,,,,,,FALSE,FALSE,,, ,,0.00,0.00,
,,,,,,,,,,,,,,FALSE,FALSE,,, ,,0.00,0.00,
,,,,,,,,,,,,,,FALSE,FALSE,,, ,,0.00,0.00,
,,,,,,,,,,,,,,FALSE,FALSE,,, ,,0.00,0.00,
,,,,,,,,,,,,,,FALSE,FALSE,,, ,,0.00,0.00,
,,,,,,,,,,,,,,FALSE,FALSE,,, ,,0.00,0.00,
,,,,,,,,,,,,,,FALSE,FALSE,,, ,,0.00,0.00,
,,,,,,,,,,,,,,FALSE,FALSE,,, ,,0.00,0.00,
,,,,,,,,,,,,,,FALSE,FALSE,,, ,,0.00,0.00,
,,,,,,,,,,,,,,FALSE,FALSE,,, ,,0.00,0.00,
,,,,,,,,,,,,,,FALSE,FALSE,,, ,,0.00,0.00,
,,,,,,,,,,,,,,FALSE,FALSE,,, ,,0.00,0.00,
,,,,,,,,,,,,,,FALSE,FALSE,,, ,,0.00,0.00,
,,,,,,,,,,,,,,FALSE,FALSE,,, ,,0.00,0.00,
,,,,,,,,,,,,,,FALSE,FALSE,,, ,,0.00,0.00,
,,,,,,,,,,,,,,FALSE,FALSE,,, ,,0.00,0.00,
,,,,,,,,,,,,,,FALSE,FALSE,,, ,,0.00,0.00,
,,,,,,,,,,,,,,FALSE,FALSE,,, ,,0.00,0.00,
,,,,,,,,,,,,,,FALSE,FALSE,,, ,,0.00,0.00,
,,,,,,,,,,,,,,FALSE,FALSE,,, ,,0.00,0.00,
,,,,,,,,,,,,,,FALSE,FALSE,,, ,,0.00,0.00,
,,,,,,,,,,,,,,FALSE,FALSE,,, ,,0.00,0.00,
,,,,,,,,,,,,,,FALSE,FALSE,,, ,,0.00,0.00,
,,,,,,,,,,,,,,FALSE,FALSE,,, ,,0.00,0.00,
,,,,,,,,,,,,,,FALSE,FALSE,,, ,,0.00,0.00,
,,,,,,,,,,,,,,FALSE,FALSE,,, ,,0.00,0.00,
,,,,,,,,,,,,,,FALSE,FALSE,,, ,,0.00,0.00,
,,,,,,,,,,,,,,FALSE,FALSE,,, ,,0.00,0.00,
,,,,,,,,,,,,,,FALSE,FALSE,,, ,,0.00,0.00,
,,,,,,,,,,,,,,FALSE,FALSE,,, ,,0.00,0.00,
,,,,,,,,,,,,,,FALSE,FALSE,,, ,,0.00,0.00,
,,,,,,,,,,,,,,FALSE,FALSE,,, ,,0.00,0.00,
,,,,,,,,,,,,,,FALSE,FALSE,,, ,,0.00,0.00,
,,,,,,,,,,,,,,FALSE,FALSE,,, ,,0.00,0.00,
,,,,,,,,,,,,,,FALSE,FALSE,,, ,,0.00,0.00,
,,,,,,,,,,,,,,FALSE,FALSE,,, ,,0.00,0.00,
,,,,,,,,,,,,,,FALSE,FALSE,,, ,,0.00,0.00,
,,,,,,,,,,,,,,FALSE,FALSE,,, ,,0.00,0.00,
,,,,,,,,,,,,,,FALSE,FALSE,,, ,,0.00,0.00,
,,,,,,,,,,,,,,FALSE,FALSE,,, ,,0.00,0.00,
,,,,,,,,,,,,,,FALSE,FALSE,,, ,,0.00,0.00,
,,,,,,,,,,,,,,FALSE,FALSE,,, ,,0.00,0.00,
,,,,,,,,,,,,,,FALSE,FALSE,,, ,,0.00,0.00,
,,,,,,,,,,,,,,FALSE,FALSE,,, ,,0.00,0.00,
,,,,,,,,,,,,,,FALSE,FALSE,,, ,,0.00,0.00,
,,,,,,,,,,,,,,FALSE,FALSE,,, ,,0.00,0.00,
,,,,,,,,,,,,,,FALSE,FALSE,,, ,,0.00,0.00,
,,,,,,,,,,,,,,FALSE,FALSE,,, ,,0.00,0.00,
,,,,,,,,,,,,,,FALSE,FALSE,,, ,,0.00,0.00,
,,,,,,,,,,,,,,FALSE,FALSE,,, ,,0.00,0.00,
,,,,,,,,,,,,,,FALSE,FALSE,,, ,,0.00,0.00,
,,,,,,,,,,,,,,FALSE,FALSE,,, ,,0.00,0.00,
,,,,,,,,,,,,,,FALSE,FALSE,,, ,,0.00,0.00,
,,,,,,,,,,,,,,FALSE,FALSE,,, ,,0.00,0.00,
,,,,,,,,,,,,,,FALSE,FALSE,,, ,,0.00,0.00,
,,,,,,,,,,,,,,FALSE,FALSE,,, ,,0.00,0.00,
,,,,,,,,,,,,,,FALSE,FALSE,,, ,,0.00,0.00,
,,,,,,,,,,,,,,FALSE,FALSE,,, ,,0.00,0.00,
,,,,,,,,,,,,,,FALSE,FALSE,,, ,,0.00,0.00,
,,,,,,,,,,,,,,FALSE,FALSE,,, ,,0.00,0.00,
,,,,,,,,,,,,,,FALSE,FALSE,,, ,,0.00,0.00,
,,,,,,,,,,,,,,FALSE,FALSE,,, ,,0.00,0.00,
,,,,,,,,,,,,,,FALSE,FALSE,,, ,,0.00,0.00,
,,,,,,,,,,,,,,FALSE,FALSE,,, ,,0.00,0.00,
,,,,,,,,,,,,,,FALSE,FALSE,,, ,,0.00,0.00,
,,,,,,,,,,,,,,FALSE,FALSE,,, ,,0.00,0.00,
,,,,,,,,,,,,,,FALSE,FALSE,,, ,,0.00,0.00,
,,,,,,,,,,,,,,FALSE,FALSE,,, ,,0.00,0.00,
,,,,,,,,,,,,,,FALSE,FALSE,,, ,,0.00,0.00,
,,,,,,,,,,,,,,FALSE,FALSE,,, ,,0.00,0.00,
,,,,,,,,,,,,,,FALSE,FALSE,,, ,,0.00,0.00,
,,,,,,,,,,,,,,FALSE,FALSE,,, ,,0.00,0.00,
,,,,,,,,,,,,,,FALSE,FALSE,,, ,,0.00,0.00,
,,,,,,,,,,,,,,FALSE,FALSE,,, ,,0.00,0.00,
,,,,,,,,,,,,,,FALSE,FALSE,,, ,,0.00,0.00,
,,,,,,,,,,,,,,FALSE,FALSE,,, ,,0.00,0.00,
,,,,,,,,,,,,,,FALSE,FALSE,,, ,,0.00,0.00,
,,,,,,,,,,,,,,FALSE,FALSE,,, ,,0.00,0.00,
,,,,,,,,,,,,,,FALSE,FALSE,,, ,,0.00,0.00,
,,,,,,,,,,,,,,FALSE,FALSE,,, ,,0.00,0.00,
,,,,,,,,,,,,,,FALSE,FALSE,,, ,,0.00,0.00,
,,,,,,,,,,,,,,FALSE,FALSE,,, ,,0.00,0.00,
,,,,,,,,,,,,,,FALSE,FALSE,,, ,,0.00,0.00,
,,,,,,,,,,,,,,FALSE,FALSE,,, ,,0.00,0.00,
,,,,,,,,,,,,,,FALSE,FALSE,,, ,,0.00,0.00,
,,,,,,,,,,,,,,FALSE,FALSE,,, ,,0.00,0.00,
,,,,,,,,,,,,,,FALSE,FALSE,,, ,,0.00,0.00,
,,,,,,,,,,,,,,FALSE,FALSE,,, ,,0.00,0.00,
,,,,,,,,,,,,,,FALSE,FALSE,,, ,,0.00,0.00,
,,,,,,,,,,,,,,FALSE,FALSE,,, ,,0.00,0.00,
,,,,,,,,,,,,,,FALSE,FALSE,,, ,,0.00,0.00,
,,,,,,,,,,,,,,FALSE,FALSE,,, ,,0.00,0.00,
,,,,,,,,,,,,,,FALSE,FALSE,,, ,,0.00,0.00,
,,,,,,,,,,,,,,FALSE,FALSE,,, ,,0.00,0.00,
,,,,,,,,,,,,,,FALSE,FALSE,,, ,,0.00,0.00,
,,,,,,,,,,,,,,FALSE,FALSE,,, ,,0.00,0.00,
,,,,,,,,,,,,,,FALSE,FALSE,,, ,,0.00,0.00,
,,,,,,,,,,,,,,FALSE,FALSE,,, ,,0.00,0.00,
,,,,,,,,,,,,,,FALSE,FALSE,,, ,,0.00,0.00,
,,,,,,,,,,,,,,FALSE,FALSE,,, ,,0.00,0.00,
,,,,,,,,,,,,,,FALSE,FALSE,,, ,,0.00,0.00,
,,,,,,,,,,,,,,FALSE,FALSE,,, ,,0.00,0.00,
,,,,,,,,,,,,,,FALSE,FALSE,,, ,,0.00,0.00,
,,,,,,,,,,,,,,FALSE,FALSE,,, ,,0.00,0.00,
,,,,,,,,,,,,,,FALSE,FALSE,,, ,,0.00,0.00,
,,,,,,,,,,,,,,FALSE,FALSE,,, ,,0.00,0.00,
,,,,,,,,,,,,,,FALSE,FALSE,,, ,,0.00,0.00,
,,,,,,,,,,,,,,FALSE,FALSE,,, ,,0.00,0.00,
,,,,,,,,,,,,,,FALSE,FALSE,,, ,,0.00,0.00,
,,,,,,,,,,,,,,FALSE,FALSE,,, ,,0.00,0.00,
,,,,,,,,,,,,,,FALSE,FALSE,,, ,,0.00,0.00,
,,,,,,,,,,,,,,FALSE,FALSE,,, ,,0.00,0.00,
,,,,,,,,,,,,,,FALSE,FALSE,,, ,,0.00,0.00,
,,,,,,,,,,,,,,FALSE,FALSE,,, ,,0.00,0.00,
,,,,,,,,,,,,,,FALSE,FALSE,,, ,,0.00,0.00,
,,,,,,,,,,,,,,FALSE,FALSE,,, ,,0.00,0.00,
,,,,,,,,,,,,,,FALSE,FALSE,,, ,,0.00,0.00,
,,,,,,,,,,,,,,FALSE,FALSE,,, ,,0.00,0.00,
,,,,,,,,,,,,,,FALSE,FALSE,,, ,,0.00,0.00,
,,,,,,,,,,,,,,FALSE,FALSE,,, ,,0.00,0.00,
,,,,,,,,,,,,,,FALSE,FALSE,,, ,,0.00,0.00,
,,,,,,,,,,,,,,FALSE,FALSE,,, ,,0.00,0.00,
,,,,,,,,,,,,,,FALSE,FALSE,,, ,,0.00,0.00,
,,,,,,,,,,,,,,FALSE,FALSE,,, ,,0.00,0.00,
,,,,,,,,,,,,,,FALSE,FALSE,,, ,,0.00,0.00,
,,,,,,,,,,,,,,FALSE,FALSE,,, ,,0.00,0.00,
,,,,,,,,,,,,,,FALSE,FALSE,,, ,,0.00,0.00,
,,,,,,,,,,,,,,FALSE,FALSE,,, ,,0.00,0.00,
,,,,,,,,,,,,,,FALSE,FALSE,,, ,,0.00,0.00,
,,,,,,,,,,,,,,FALSE,FALSE,,, ,,0.00,0.00,
,,,,,,,,,,,,,,FALSE,FALSE,,, ,,0.00,0.00,
,,,,,,,,,,,,,,FALSE,FALSE,,, ,,0.00,0.00,
,,,,,,,,,,,,,,FALSE,FALSE,,, ,,0.00,0.00,
,,,,,,,,,,,,,,FALSE,FALSE,,, ,,0.00,0.00,
,,,,,,,,,,,,,,FALSE,FALSE,,, ,,0.00,0.00,
,,,,,,,,,,,,,,FALSE,FALSE,,, ,,0.00,0.00,
,,,,,,,,,,,,,,FALSE,FALSE,,, ,,0.00,0.00,
,,,,,,,,,,,,,,FALSE,FALSE,,, ,,0.00,0.00,
,,,,,,,,,,,,,,FALSE,FALSE,,, ,,0.00,0.00,
,,,,,,,,,,,,,,FALSE,FALSE,,, ,,0.00,0.00,
,,,,,,,,,,,,,,FALSE,FALSE,,, ,,0.00,0.00,
,,,,,,,,,,,,,,FALSE,FALSE,,, ,,0.00,0.00,
,,,,,,,,,,,,,,FALSE,FALSE,,, ,,0.00,0.00,
,,,,,,,,,,,,,,FALSE,FALSE,,, ,,0.00,0.00,
,,,,,,,,,,,,,,FALSE,FALSE,,, ,,0.00,0.00,
,,,,,,,,,,,,,,FALSE,FALSE,,, ,,0.00,0.00,
,,,,,,,,,,,,,,FALSE,FALSE,,, ,,0.00,0.00,
,,,,,,,,,,,,,,FALSE,FALSE,,, ,,0.00,0.00,
,,,,,,,,,,,,,,FALSE,FALSE,,, ,,0.00,0.00,
,,,,,,,,,,,,,,FALSE,FALSE,,, ,,0.00,0.00,
,,,,,,,,,,,,,,FALSE,FALSE,,, ,,0.00,0.00,
,,,,,,,,,,,,,,FALSE,FALSE,,, ,,0.00,0.00,
,,,,,,,,,,,,,,FALSE,FALSE,,, ,,0.00,0.00,
,,,,,,,,,,,,,,FALSE,FALSE,,, ,,0.00,0.00,
,,,,,,,,,,,,,,FALSE,FALSE,,, ,,0.00,0.00,
,,,,,,,,,,,,,,FALSE,FALSE,,, ,,0.00,0.00,
,,,,,,,,,,,,,,FALSE,FALSE,,, ,,0.00,0.00,
,,,,,,,,,,,,,,FALSE,FALSE,,, ,,0.00,0.00,
,,,,,,,,,,,,,,FALSE,FALSE,,, ,,0.00,0.00,
,,,,,,,,,,,,,,FALSE,FALSE,,, ,,0.00,0.00,
,,,,,,,,,,,,,,FALSE,FALSE,,, ,,0.00,0.00,
,,,,,,,,,,,,,,FALSE,FALSE,,, ,,0.00,0.00,
,,,,,,,,,,,,,,FALSE,FALSE,,, ,,0.00,0.00,
,,,,,,,,,,,,,,FALSE,FALSE,,, ,,0.00,0.00,
,,,,,,,,,,,,,,FALSE,FALSE,,, ,,0.00,0.00,
,,,,,,,,,,,,,,FALSE,FALSE,,, ,,0.00,0.00,
,,,,,,,,,,,,,,FALSE,FALSE,,, ,,0.00,0.00,
,,,,,,,,,,,,,,FALSE,FALSE,,, ,,0.00,0.00,
,,,,,,,,,,,,,,FALSE,FALSE,,, ,,0.00,0.00,
,,,,,,,,,,,,,,FALSE,FALSE,,, ,,0.00,0.00,
,,,,,,,,,,,,,,FALSE,FALSE,,, ,,0.00,0.00,
,,,,,,,,,,,,,,FALSE,FALSE,,, ,,0.00,0.00,
,,,,,,,,,,,,,,FALSE,FALSE,,, ,,0.00,0.00,
,,,,,,,,,,,,,,FALSE,FALSE,,, ,,0.00,0.00,
,,,,,,,,,,,,,,FALSE,FALSE,,, ,,0.00,0.00,
,,,,,,,,,,,,,,FALSE,FALSE,,, ,,0.00,0.00,
,,,,,,,,,,,,,,FALSE,FALSE,,, ,,0.00,0.00,
,,,,,,,,,,,,,,FALSE,FALSE,,, ,,0.00,0.00,
,,,,,,,,,,,,,,FALSE,FALSE,,, ,,0.00,0.00,
,,,,,,,,,,,,,,FALSE,FALSE,,, ,,0.00,0.00,
,,,,,,,,,,,,,,FALSE,FALSE,,, ,,0.00,0.00,
,,,,,,,,,,,,,,FALSE,FALSE,,, ,,0.00,0.00,
,,,,,,,,,,,,,,FALSE,FALSE,,, ,,0.00,0.00,
,,,,,,,,,,,,,,FALSE,FALSE,,, ,,0.00,0.00,
,,,,,,,,,,,,,,FALSE,FALSE,,, ,,0.00,0.00,
,,,,,,,,,,,,,,FALSE,FALSE,,, ,,0.00,0.00,
,,,,,,,,,,,,,,FALSE,FALSE,,, ,,0.00,0.00,
,,,,,,,,,,,,,,FALSE,FALSE,,, ,,0.00,0.00,
,,,,,,,,,,,,,,FALSE,FALSE,,, ,,0.00,0.00,
,,,,,,,,,,,,,,FALSE,FALSE,,, ,,0.00,0.00,
,,,,,,,,,,,,,,FALSE,FALSE,,, ,,0.00,0.00,
,,,,,,,,,,,,,,FALSE,FALSE,,, ,,0.00,0.00,
,,,,,,,,,,,,,,FALSE,FALSE,,, ,,0.00,0.00,
,,,,,,,,,,,,,,FALSE,FALSE,,, ,,0.00,0.00,
,,,,,,,,,,,,,,FALSE,FALSE,,, ,,0.00,0.00,
,,,,,,,,,,,,,,FALSE,FALSE,,, ,,0.00,0.00,
,,,,,,,,,,,,,,FALSE,FALSE,,, ,,0.00,0.00,
,,,,,,,,,,,,,,FALSE,FALSE,,, ,,0.00,0.00,
,,,,,,,,,,,,,,FALSE,FALSE,,, ,,0.00,0.00,
,,,,,,,,,,,,,,FALSE,FALSE,,, ,,0.00,0.00,
,,,,,,,,,,,,,,FALSE,FALSE,,, ,,0.00,0.00,
,,,,,,,,,,,,,,FALSE,FALSE,,, ,,0.00,0.00,
,,,,,,,,,,,,,,FALSE,FALSE,,, ,,0.00,0.00,
,,,,,,,,,,,,,,FALSE,FALSE,,, ,,0.00,0.00,
,,,,,,,,,,,,,,FALSE,FALSE,,, ,,0.00,0.00,
,,,,,,,,,,,,,,FALSE,FALSE,,, ,,0.00,0.00,
,,,,,,,,,,,,,,FALSE,FALSE,,, ,,0.00,0.00,
,,,,,,,,,,,,,,FALSE,FALSE,,, ,,0.00,0.00,
,,,,,,,,,,,,,,FALSE,FALSE,,, ,,0.00,0.00,
,,,,,,,,,,,,,,FALSE,FALSE,,, ,,0.00,0.00,
,,,,,,,,,,,,,,FALSE,FALSE,,, ,,0.00,0.00,
,,,,,,,,,,,,,,FALSE,FALSE,,, ,,0.00,0.00,
,,,,,,,,,,,,,,FALSE,FALSE,,, ,,0.00,0.00,
,,,,,,,,,,,,,,FALSE,FALSE,,, ,,0.00,0.00,
,,,,,,,,,,,,,,FALSE,FALSE,,, ,,0.00,0.00,
,,,,,,,,,,,,,,FALSE,FALSE,,, ,,0.00,0.00,
,,,,,,,,,,,,,,FALSE,FALSE,,, ,,0.00,0.00,
,,,,,,,,,,,,,,FALSE,FALSE,,, ,,0.00,0.00,
,,,,,,,,,,,,,,FALSE,FALSE,,, ,,0.00,0.00,
,,,,,,,,,,,,,,FALSE,FALSE,,, ,,0.00,0.00,
,,,,,,,,,,,,,,FALSE,FALSE,,, ,,0.00,0.00,
,,,,,,,,,,,,,,FALSE,FALSE,,, ,,0.00,0.00,
,,,,,,,,,,,,,,FALSE,FALSE,,, ,,0.00,0.00,
,,,,,,,,,,,,,,FALSE,FALSE,,, ,,0.00,0.00,
,,,,,,,,,,,,,,FALSE,FALSE,,, ,,0.00,0.00,
,,,,,,,,,,,,,,FALSE,FALSE,,, ,,0.00,0.00,
,,,,,,,,,,,,,,FALSE,FALSE,,, ,,0.00,0.00,
,,,,,,,,,,,,,,FALSE,FALSE,,, ,,0.00,0.00,
,,,,,,,,,,,,,,FALSE,FALSE,,, ,,0.00,0.00,
,,,,,,,,,,,,,,FALSE,FALSE,,, ,,0.00,0.00,
,,,,,,,,,,,,,,FALSE,FALSE,,, ,,0.00,0.00,
,,,,,,,,,,,,,,FALSE,FALSE,,, ,,0.00,0.00,
,,,,,,,,,,,,,,FALSE,FALSE,,, ,,0.00,0.00,
,,,,,,,,,,,,,,FALSE,FALSE,,, ,,0.00,0.00,
,,,,,,,,,,,,,,FALSE,FALSE,,, ,,0.00,0.00,
,,,,,,,,,,,,,,FALSE,FALSE,,, ,,0.00,0.00,
,,,,,,,,,,,,,,FALSE,FALSE,,, ,,0.00,0.00,
,,,,,,,,,,,,,,FALSE,FALSE,,, ,,0.00,0.00,
,,,,,,,,,,,,,,FALSE,FALSE,,, ,,0.00,0.00,
,,,,,,,,,,,,,,FALSE,FALSE,,, ,,0.00,0.00,
,,,,,,,,,,,,,,FALSE,FALSE,,, ,,0.00,0.00,
,,,,,,,,,,,,,,FALSE,FALSE,,, ,,0.00,0.00,
,,,,,,,,,,,,,,FALSE,FALSE,,, ,,0.00,0.00,
,,,,,,,,,,,,,,FALSE,FALSE,,, ,,0.00,0.00,
,,,,,,,,,,,,,,FALSE,FALSE,,, ,,0.00,0.00,
,,,,,,,,,,,,,,FALSE,FALSE,,, ,,0.00,0.00,
,,,,,,,,,,,,,,FALSE,FALSE,,, ,,0.00,0.00,
,,,,,,,,,,,,,,FALSE,FALSE,,, ,,0.00,0.00,
,,,,,,,,,,,,,,FALSE,FALSE,,, ,,0.00,0.00,
,,,,,,,,,,,,,,FALSE,FALSE,,, ,,0.00,0.00,
,,,,,,,,,,,,,,FALSE,FALSE,,, ,,0.00,0.00,
,,,,,,,,,,,,,,FALSE,FALSE,,, ,,0.00,0.00,
,,,,,,,,,,,,,,FALSE,FALSE,,, ,,0.00,0.00,
,,,,,,,,,,,,,,FALSE,FALSE,,, ,,0.00,0.00,
,,,,,,,,,,,,,,FALSE,FALSE,,, ,,0.00,0.00,
,,,,,,,,,,,,,,FALSE,FALSE,,, ,,0.00,0.00,
,,,,,,,,,,,,,,FALSE,FALSE,,, ,,0.00,0.00,
,,,,,,,,,,,,,,FALSE,FALSE,,, ,,0.00,0.00,
,,,,,,,,,,,,,,FALSE,FALSE,,, ,,0.00,0.00,
,,,,,,,,,,,,,,FALSE,FALSE,,, ,,0.00,0.00,
,,,,,,,,,,,,,,FALSE,FALSE,,, ,,0.00,0.00,
,,,,,,,,,,,,,,FALSE,FALSE,,, ,,0.00,0.00,
,,,,,,,,,,,,,,FALSE,FALSE,,, ,,0.00,0.00,
,,,,,,,,,,,,,,FALSE,FALSE,,, ,,0.00,0.00,
,,,,,,,,,,,,,,FALSE,FALSE,,, ,,0.00,0.00,
,,,,,,,,,,,,,,FALSE,FALSE,,, ,,0.00,0.00,
,,,,,,,,,,,,,,FALSE,FALSE,,, ,,0.00,0.00,
,,,,,,,,,,,,,,FALSE,FALSE,,, ,,0.00,0.00,
,,,,,,,,,,,,,,FALSE,FALSE,,, ,,0.00,0.00,
,,,,,,,,,,,,,,FALSE,FALSE,,, ,,0.00,0.00,
,,,,,,,,,,,,,,FALSE,FALSE,,, ,,0.00,0.00,
,,,,,,,,,,,,,,FALSE,FALSE,,, ,,0.00,0.00,
,,,,,,,,,,,,,,FALSE,FALSE,,, ,,0.00,0.00,
,,,,,,,,,,,,,,FALSE,FALSE,,, ,,0.00,0.00,
,,,,,,,,,,,,,,FALSE,FALSE,,, ,,0.00,0.00,
,,,,,,,,,,,,,,FALSE,FALSE,,, ,,0.00,0.00,
,,,,,,,,,,,,,,FALSE,FALSE,,, ,,0.00,0.00,
,,,,,,,,,,,,,,FALSE,FALSE,,, ,,0.00,0.00,
,,,,,,,,,,,,,,FALSE,FALSE,,, ,,0.00,0.00,
,,,,,,,,,,,,,,FALSE,FALSE,,, ,,0.00,0.00,
,,,,,,,,,,,,,,FALSE,FALSE,,, ,,0.00,0.00,
,,,,,,,,,,,,,,FALSE,FALSE,,, ,,0.00,0.00,
,,,,,,,,,,,,,,FALSE,FALSE,,, ,,0.00,0.00,
,,,,,,,,,,,,,,FALSE,FALSE,,, ,,0.00,0.00,
,,,,,,,,,,,,,,FALSE,FALSE,,, ,,0.00,0.00,
,,,,,,,,,,,,,,FALSE,FALSE,,, ,,0.00,0.00,
,,,,,,,,,,,,,,FALSE,FALSE,,, ,,0.00,0.00,
,,,,,,,,,,,,,,FALSE,FALSE,,, ,,0.00,0.00,
,,,,,,,,,,,,,,FALSE,FALSE,,, ,,0.00,0.00,
,,,,,,,,,,,,,,FALSE,FALSE,,, ,,0.00,0.00,
,,,,,,,,,,,,,,FALSE,FALSE,,, ,,0.00,0.00,
,,,,,,,,,,,,,,FALSE,FALSE,,, ,,0.00,0.00,
,,,,,,,,,,,,,,FALSE,FALSE,,, ,,0.00,0.00,
,,,,,,,,,,,,,,FALSE,FALSE,,, ,,0.00,0.00,
,,,,,,,,,,,,,,FALSE,FALSE,,, ,,0.00,0.00,
,,,,,,,,,,,,,,FALSE,FALSE,,, ,,0.00,0.00,
,,,,,,,,,,,,,,FALSE,FALSE,,, ,,0.00,0.00,
,,,,,,,,,,,,,,FALSE,FALSE,,, ,,0.00,0.00,
,,,,,,,,,,,,,,FALSE,FALSE,,, ,,0.00,0.00,
,,,,,,,,,,,,,,FALSE,FALSE,,, ,,0.00,0.00,
,,,,,,,,,,,,,,FALSE,FALSE,,, ,,0.00,0.00,
,,,,,,,,,,,,,,FALSE,FALSE,,, ,,0.00,0.00,
,,,,,,,,,,,,,,FALSE,FALSE,,, ,,0.00,0.00,
,,,,,,,,,,,,,,FALSE,FALSE,,, ,,0.00,0.00,
,,,,,,,,,,,,,,FALSE,FALSE,,, ,,0.00,0.00,
,,,,,,,,,,,,,,FALSE,FALSE,,, ,,0.00,0.00,
,,,,,,,,,,,,,,FALSE,FALSE,,, ,,0.00,0.00,
,,,,,,,,,,,,,,FALSE,FALSE,,, ,,0.00,0.00,
,,,,,,,,,,,,,,FALSE,FALSE,,, ,,0.00,0.00,
,,,,,,,,,,,,,,FALSE,FALSE,,, ,,0.00,0.00,
,,,,,,,,,,,,,,FALSE,FALSE,,, ,,0.00,0.00,
,,,,,,,,,,,,,,FALSE,FALSE,,, ,,0.00,0.00,
,,,,,,,,,,,,,,FALSE,FALSE,,, ,,0.00,0.00,
,,,,,,,,,,,,,,FALSE,FALSE,,, ,,0.00,0.00,
,,,,,,,,,,,,,,FALSE,FALSE,,, ,,0.00,0.00,
,,,,,,,,,,,,,,FALSE,FALSE,,, ,,0.00,0.00,
,,,,,,,,,,,,,,FALSE,FALSE,,, ,,0.00,0.00,
,,,,,,,,,,,,,,FALSE,FALSE,,, ,,0.00,0.00,
,,,,,,,,,,,,,,FALSE,FALSE,,, ,,0.00,0.00,
,,,,,,,,,,,,,,FALSE,FALSE,,, ,,0.00,0.00,
,,,,,,,,,,,,,,FALSE,FALSE,,, ,,0.00,0.00,
,,,,,,,,,,,,,,FALSE,FALSE,,, ,,0.00,0.00,
,,,,,,,,,,,,,,FALSE,FALSE,,, ,,0.00,0.00,
,,,,,,,,,,,,,,FALSE,FALSE,,, ,,0.00,0.00,
,,,,,,,,,,,,,,FALSE,FALSE,,, ,,0.00,0.00,
,,,,,,,,,,,,,,FALSE,FALSE,,, ,,0.00,0.00,
,,,,,,,,,,,,,,FALSE,FALSE,,, ,,0.00,0.00,
,,,,,,,,,,,,,,FALSE,FALSE,,, ,,0.00,0.00,
,,,,,,,,,,,,,,FALSE,FALSE,,, ,,0.00,0.00,
,,,,,,,,,,,,,,FALSE,FALSE,,, ,,0.00,0.00,
,,,,,,,,,,,,,,FALSE,FALSE,,, ,,0.00,0.00,
,,,,,,,,,,,,,,FALSE,FALSE,,, ,,0.00,0.00,
,,,,,,,,,,,,,,FALSE,FALSE,,, ,,0.00,0.00,
,,,,,,,,,,,,,,FALSE,FALSE,,, ,,0.00,0.00,
,,,,,,,,,,,,,,FALSE,FALSE,,, ,,0.00,0.00,
,,,,,,,,,,,,,,FALSE,FALSE,,, ,,0.00,0.00,
,,,,,,,,,,,,,,FALSE,FALSE,,, ,,0.00,0.00,
,,,,,,,,,,,,,,FALSE,FALSE,,, ,,0.00,0.00,
,,,,,,,,,,,,,,FALSE,FALSE,,, ,,0.00,0.00,
,,,,,,,,,,,,,,FALSE,FALSE,,, ,,0.00,0.00,
,,,,,,,,,,,,,,FALSE,FALSE,,, ,,0.00,0.00,
,,,,,,,,,,,,,,FALSE,FALSE,,, ,,0.00,0.00,
,,,,,,,,,,,,,,FALSE,FALSE,,, ,,0.00,0.00,
,,,,,,,,,,,,,,FALSE,FALSE,,, ,,0.00,0.00,
,,,,,,,,,,,,,,FALSE,FALSE,,, ,,0.00,0.00,
,,,,,,,,,,,,,,FALSE,FALSE,,, ,,0.00,0.00,
,,,,,,,,,,,,,,FALSE,FALSE,,, ,,0.00,0.00,
,,,,,,,,,,,,,,FALSE,FALSE,,, ,,0.00,0.00,
,,,,,,,,,,,,,,FALSE,FALSE,,, ,,0.00,0.00,
,,,,,,,,,,,,,,FALSE,FALSE,,, ,,0.00,0.00,
,,,,,,,,,,,,,,FALSE,FALSE,,, ,,0.00,0.00,
,,,,,,,,,,,,,,FALSE,FALSE,,, ,,0.00,0.00,
,,,,,,,,,,,,,,FALSE,FALSE,,, ,,0.00,0.00,
,,,,,,,,,,,,,,FALSE,FALSE,,, ,,0.00,0.00,
,,,,,,,,,,,,,,FALSE,FALSE,,, ,,0.00,0.00,
,,,,,,,,,,,,,,FALSE,FALSE,,, ,,0.00,0.00,
,,,,,,,,,,,,,,FALSE,FALSE,,, ,,0.00,0.00,
,,,,,,,,,,,,,,FALSE,FALSE,,, ,,0.00,0.00,
,,,,,,,,,,,,,,FALSE,FALSE,,, ,,0.00,0.00,
,,,,,,,,,,,,,,FALSE,FALSE,,, ,,0.00,0.00,
,,,,,,,,,,,,,,FALSE,FALSE,,, ,,0.00,0.00,
,,,,,,,,,,,,,,FALSE,FALSE,,, ,,0.00,0.00,
,,,,,,,,,,,,,,FALSE,FALSE,,, ,,0.00,0.00,
,,,,,,,,,,,,,,FALSE,FALSE,,, ,,0.00,0.00,
,,,,,,,,,,,,,,FALSE,FALSE,,, ,,0.00,0.00,
,,,,,,,,,,,,,,FALSE,FALSE,,, ,,0.00,0.00,
,,,,,,,,,,,,,,FALSE,FALSE,,, ,,0.00,0.00,
,,,,,,,,,,,,,,FALSE,FALSE,,, ,,0.00,0.00,
,,,,,,,,,,,,,,FALSE,FALSE,,, ,,0.00,0.00,
,,,,,,,,,,,,,,FALSE,FALSE,,, ,,0.00,0.00,
,,,,,,,,,,,,,,FALSE,FALSE,,, ,,0.00,0.00,
,,,,,,,,,,,,,,FALSE,FALSE,,, ,,0.00,0.00,
,,,,,,,,,,,,,,FALSE,FALSE,,, ,,0.00,0.00,
,,,,,,,,,,,,,,FALSE,FALSE,,, ,,0.00,0.00,
,,,,,,,,,,,,,,FALSE,FALSE,,, ,,0.00,0.00,
,,,,,,,,,,,,,,FALSE,FALSE,,, ,,0.00,0.00,
,,,,,,,,,,,,,,FALSE,FALSE,,, ,,0.00,0.00,
,,,,,,,,,,,,,,FALSE,FALSE,,, ,,0.00,0.00,
,,,,,,,,,,,,,,FALSE,FALSE,,, ,,0.00,0.00,
,,,,,,,,,,,,,,FALSE,FALSE,,, ,,0.00,0.00,
,,,,,,,,,,,,,,FALSE,FALSE,,, ,,0.00,0.00,
,,,,,,,,,,,,,,FALSE,FALSE,,, ,,0.00,0.00,
,,,,,,,,,,,,,,FALSE,FALSE,,, ,,0.00,0.00,
,,,,,,,,,,,,,,FALSE,FALSE,,, ,,0.00,0.00,
,,,,,,,,,,,,,,FALSE,FALSE,,, ,,0.00,0.00,
,,,,,,,,,,,,,,FALSE,FALSE,,, ,,0.00,0.00,
,,,,,,,,,,,,,,FALSE,FALSE,,, ,,0.00,0.00,
,,,,,,,,,,,,,,FALSE,FALSE,,, ,,0.00,0.00,
,,,,,,,,,,,,,,FALSE,FALSE,,, ,,0.00,0.00,
,,,,,,,,,,,,,,FALSE,FALSE,,, ,,0.00,0.00,
,,,,,,,,,,,,,,FALSE,FALSE,,, ,,0.00,0.00,
,,,,,,,,,,,,,,FALSE,FALSE,,, ,,0.00,0.00,
,,,,,,,,,,,,,,FALSE,FALSE,,, ,,0.00,0.00,
,,,,,,,,,,,,,,FALSE,FALSE,,, ,,0.00,0.00,
,,,,,,,,,,,,,,FALSE,FALSE,,, ,,0.00,0.00,
,,,,,,,,,,,,,,FALSE,FALSE,,, ,,0.00,0.00,
,,,,,,,,,,,,,,FALSE,FALSE,,, ,,0.00,0.00,
,,,,,,,,,,,,,,FALSE,FALSE,,, ,,0.00,0.00,
,,,,,,,,,,,,,,FALSE,FALSE,,, ,,0.00,0.00,
,,,,,,,,,,,,,,FALSE,FALSE,,, ,,0.00,0.00,
,,,,,,,,,,,,,,FALSE,FALSE,,, ,,0.00,0.00,
,,,,,,,,,,,,,,FALSE,FALSE,,, ,,0.00,0.00,
,,,,,,,,,,,,,,FALSE,FALSE,,, ,,0.00,0.00,
,,,,,,,,,,,,,,FALSE,FALSE,,, ,,0.00,0.00,
,,,,,,,,,,,,,,FALSE,FALSE,,, ,,0.00,0.00,
,,,,,,,,,,,,,,FALSE,FALSE,,, ,,0.00,0.00,
,,,,,,,,,,,,,,FALSE,FALSE,,, ,,0.00,0.00,
,,,,,,,,,,,,,,FALSE,FALSE,,, ,,0.00,0.00,
,,,,,,,,,,,,,,FALSE,FALSE,,, ,,0.00,0.00,
,,,,,,,,,,,,,,FALSE,FALSE,,, ,,0.00,0.00,
,,,,,,,,,,,,,,FALSE,FALSE,,, ,,0.00,0.00,
,,,,,,,,,,,,,,FALSE,FALSE,,, ,,0.00,0.00,
,,,,,,,,,,,,,,FALSE,FALSE,,, ,,0.00,0.00,
,,,,,,,,,,,,,,FALSE,FALSE,,, ,,0.00,0.00,
,,,,,,,,,,,,,,FALSE,FALSE,,, ,,0.00,0.00,
,,,,,,,,,,,,,,FALSE,FALSE,,, ,,0.00,0.00,
,,,,,,,,,,,,,,FALSE,FALSE,,, ,,0.00,0.00,
,,,,,,,,,,,,,,FALSE,FALSE,,, ,,0.00,0.00,
,,,,,,,,,,,,,,FALSE,FALSE,,, ,,0.00,0.00,
,,,,,,,,,,,,,,FALSE,FALSE,,, ,,0.00,0.00,
,,,,,,,,,,,,,,FALSE,FALSE,,, ,,0.00,0.00,
,,,,,,,,,,,,,,FALSE,FALSE,,, ,,0.00,0.00,
,,,,,,,,,,,,,,FALSE,FALSE,,, ,,0.00,0.00,
,,,,,,,,,,,,,,FALSE,FALSE,,, ,,0.00,0.00,
,,,,,,,,,,,,,,FALSE,FALSE,,, ,,0.00,0.00,
,,,,,,,,,,,,,,FALSE,FALSE,,, ,,0.00,0.00,
,,,,,,,,,,,,,,FALSE,FALSE,,, ,,0.00,0.00,
,,,,,,,,,,,,,,FALSE,FALSE,,, ,,0.00,0.00,
,,,,,,,,,,,,,,FALSE,FALSE,,, ,,0.00,0.00,
,,,,,,,,,,,,,,FALSE,FALSE,,, ,,0.00,0.00,
,,,,,,,,,,,,,,FALSE,FALSE,,, ,,0.00,0.00,
,,,,,,,,,,,,,,FALSE,FALSE,,, ,,0.00,0.00,
,,,,,,,,,,,,,,FALSE,FALSE,,, ,,0.00,0.00,
,,,,,,,,,,,,,,FALSE,FALSE,,, ,,0.00,0.00,
,,,,,,,,,,,,,,FALSE,FALSE,,, ,,0.00,0.00,
,,,,,,,,,,,,,,FALSE,FALSE,,, ,,0.00,0.00,
,,,,,,,,,,,,,,FALSE,FALSE,,, ,,0.00,0.00,
,,,,,,,,,,,,,,FALSE,FALSE,,, ,,0.00,0.00,
,,,,,,,,,,,,,,FALSE,FALSE,,, ,,0.00,0.00,
,,,,,,,,,,,,,,FALSE,FALSE,,, ,,0.00,0.00,
,,,,,,,,,,,,,,FALSE,FALSE,,, ,,0.00,0.00,
,,,,,,,,,,,,,,FALSE,FALSE,,, ,,0.00,0.00,
,,,,,,,,,,,,,,FALSE,FALSE,,, ,,0.00,0.00,
,,,,,,,,,,,,,,FALSE,FALSE,,, ,,0.00,0.00,
,,,,,,,,,,,,,,FALSE,FALSE,,, ,,0.00,0.00,
,,,,,,,,,,,,,,FALSE,FALSE,,, ,,0.00,0.00,
,,,,,,,,,,,,,,FALSE,FALSE,,, ,,0.00,0.00,
,,,,,,,,,,,,,,FALSE,FALSE,,, ,,0.00,0.00,
,,,,,,,,,,,,,,FALSE,FALSE,,, ,,0.00,0.00,
,,,,,,,,,,,,,,FALSE,FALSE,,, ,,0.00,0.00,
,,,,,,,,,,,,,,FALSE,FALSE,,, ,,0.00,0.00,
,,,,,,,,,,,,,,FALSE,FALSE,,, ,,0.00,0.00,
,,,,,,,,,,,,,,FALSE,FALSE,,, ,,0.00,0.00,
,,,,,,,,,,,,,,FALSE,FALSE,,, ,,0.00,0.00,
,,,,,,,,,,,,,,FALSE,FALSE,,, ,,0.00,0.00,
,,,,,,,,,,,,,,FALSE,FALSE,,, ,,0.00,0.00,
,,,,,,,,,,,,,,FALSE,FALSE,,, ,,0.00,0.00,
,,,,,,,,,,,,,,FALSE,FALSE,,, ,,0.00,0.00,
,,,,,,,,,,,,,,FALSE,FALSE,,, ,,0.00,0.00,
,,,,,,,,,,,,,,FALSE,FALSE,,, ,,0.00,0.00,
,,,,,,,,,,,,,,FALSE,FALSE,,, ,,0.00,0.00,
,,,,,,,,,,,,,,FALSE,FALSE,,, ,,0.00,0.00,
,,,,,,,,,,,,,,FALSE,FALSE,,, ,,0.00,0.00,
,,,,,,,,,,,,,,FALSE,FALSE,,, ,,0.00,0.00,
,,,,,,,,,,,,,,FALSE,FALSE,,, ,,0.00,0.00,
,,,,,,,,,,,,,,FALSE,FALSE,,, ,,0.00,0.00,
,,,,,,,,,,,,,,FALSE,FALSE,,, ,,0.00,0.00,
,,,,,,,,,,,,,,FALSE,FALSE,,, ,,0.00,0.00,
,,,,,,,,,,,,,,FALSE,FALSE,,, ,,0.00,0.00,
,,,,,,,,,,,,,,FALSE,FALSE,,, ,,0.00,0.00,
,,,,,,,,,,,,,,FALSE,FALSE,,, ,,0.00,0.00,
,,,,,,,,,,,,,,FALSE,FALSE,,, ,,0.00,0.00,
,,,,,,,,,,,,,,FALSE,FALSE,,, ,,0.00,0.00,
,,,,,,,,,,,,,,FALSE,FALSE,,, ,,0.00,0.00,
,,,,,,,,,,,,,,FALSE,FALSE,,, ,,0.00,0.00,
,,,,,,,,,,,,,,FALSE,FALSE,,, ,,0.00,0.00,
,,,,,,,,,,,,,,FALSE,FALSE,,, ,,0.00,0.00,
,,,,,,,,,,,,,,FALSE,FALSE,,, ,,0.00,0.00,
,,,,,,,,,,,,,,FALSE,FALSE,,, ,,0.00,0.00,
,,,,,,,,,,,,,,FALSE,FALSE,,, ,,0.00,0.00,
,,,,,,,,,,,,,,FALSE,FALSE,,, ,,0.00,0.00,
,,,,,,,,,,,,,,FALSE,FALSE,,, ,,0.00,0.00,
,,,,,,,,,,,,,,FALSE,FALSE,,, ,,0.00,0.00,
,,,,,,,,,,,,,,FALSE,FALSE,,, ,,0.00,0.00,
,,,,,,,,,,,,,,FALSE,FALSE,,, ,,0.00,0.00,
,,,,,,,,,,,,,,FALSE,FALSE,,, ,,0.00,0.00,
,,,,,,,,,,,,,,FALSE,FALSE,,, ,,0.00,0.00,
,,,,,,,,,,,,,,FALSE,FALSE,,, ,,0.00,0.00,
,,,,,,,,,,,,,,FALSE,FALSE,,, ,,0.00,0.00,
,,,,,,,,,,,,,,FALSE,FALSE,,, ,,0.00,0.00,
,,,,,,,,,,,,,,FALSE,FALSE,,, ,,0.00,0.00,
,,,,,,,,,,,,,,FALSE,FALSE,,, ,,0.00,0.00,
,,,,,,,,,,,,,,FALSE,FALSE,,, ,,0.00,0.00,
,,,,,,,,,,,,,,FALSE,FALSE,,, ,,0.00,0.00,
,,,,,,,,,,,,,,FALSE,FALSE,,, ,,0.00,0.00,
,,,,,,,,,,,,,,FALSE,FALSE,,, ,,0.00,0.00,
,,,,,,,,,,,,,,FALSE,FALSE,,, ,,0.00,0.00,
,,,,,,,,,,,,,,FALSE,FALSE,,, ,,0.00,0.00,
,,,,,,,,,,,,,,FALSE,FALSE,,, ,,0.00,0.00,
,,,,,,,,,,,,,,FALSE,FALSE,,, ,,0.00,0.00,
,,,,,,,,,,,,,,FALSE,FALSE,,, ,,0.00,0.00,
,,,,,,,,,,,,,,FALSE,FALSE,,, ,,0.00,0.00,
,,,,,,,,,,,,,,FALSE,FALSE,,, ,,0.00,0.00,
,,,,,,,,,,,,,,FALSE,FALSE,,, ,,0.00,0.00,
,,,,,,,,,,,,,,FALSE,FALSE,,, ,,0.00,0.00,
,,,,,,,,,,,,,,FALSE,FALSE,,, ,,0.00,0.00,
,,,,,,,,,,,,,,FALSE,FALSE,,, ,,0.00,0.00,
,,,,,,,,,,,,,,FALSE,FALSE,,, ,,0.00,0.00,
,,,,,,,,,,,,,,FALSE,FALSE,,, ,,0.00,0.00,
,,,,,,,,,,,,,,FALSE,FALSE,,, ,,0.00,0.00,
,,,,,,,,,,,,,,FALSE,FALSE,,, ,,0.00,0.00,
,,,,,,,,,,,,,,FALSE,FALSE,,, ,,0.00,0.00,
,,,,,,,,,,,,,,FALSE,FALSE,,, ,,0.00,0.00,
,,,,,,,,,,,,,,FALSE,FALSE,,, ,,0.00,0.00,
,,,,,,,,,,,,,,FALSE,FALSE,,, ,,0.00,0.00,
,,,,,,,,,,,,,,FALSE,FALSE,,, ,,0.00,0.00,
,,,,,,,,,,,,,,FALSE,FALSE,,, ,,0.00,0.00,
,,,,,,,,,,,,,,FALSE,FALSE,,, ,,0.00,0.00,
,,,,,,,,,,,,,,FALSE,FALSE,,, ,,0.00,0.00,
,,,,,,,,,,,,,,FALSE,FALSE,,, ,,0.00,0.00,
,,,,,,,,,,,,,,FALSE,FALSE,,, ,,0.00,0.00,
,,,,,,,,,,,,,,FALSE,FALSE,,, ,,0.00,0.00,
,,,,,,,,,,,,,,FALSE,FALSE,,, ,,0.00,0.00,
,,,,,,,,,,,,,,FALSE,FALSE,,, ,,0.00,0.00,
,,,,,,,,,,,,,,FALSE,FALSE,,, ,,0.00,0.00,
,,,,,,,,,,,,,,FALSE,FALSE,,, ,,0.00,0.00,
,,,,,,,,,,,,,,FALSE,FALSE,,, ,,0.00,0.00,
,,,,,,,,,,,,,,FALSE,FALSE,,, ,,0.00,0.00,
,,,,,,,,,,,,,,FALSE,FALSE,,, ,,0.00,0.00,
,,,,,,,,,,,,,,FALSE,FALSE,,, ,,0.00,0.00,
,,,,,,,,,,,,,,FALSE,FALSE,,, ,,0.00,0.00,
,,,,,,,,,,,,,,FALSE,FALSE,,, ,,0.00,0.00,
,,,,,,,,,,,,,,FALSE,FALSE,,, ,,0.00,0.00,
,,,,,,,,,,,,,,FALSE,FALSE,,, ,,0.00,0.00,
,,,,,,,,,,,,,,FALSE,FALSE,,, ,,0.00,0.00,
,,,,,,,,,,,,,,FALSE,FALSE,,, ,,0.00,0.00,
,,,,,,,,,,,,,,FALSE,FALSE,,, ,,0.00,0.00,
,,,,,,,,,,,,,,FALSE,FALSE,,, ,,0.00,0.00,
,,,,,,,,,,,,,,FALSE,FALSE,,, ,,0.00,0.00,
,,,,,,,,,,,,,,FALSE,FALSE,,, ,,0.00,0.00,
,,,,,,,,,,,,,,FALSE,FALSE,,, ,,0.00,0.00,
,,,,,,,,,,,,,,FALSE,FALSE,,, ,,0.00,0.00,
,,,,,,,,,,,,,,FALSE,FALSE,,, ,,0.00,0.00,
,,,,,,,,,,,,,,FALSE,FALSE,,, ,,0.00,0.00,
,,,,,,,,,,,,,,FALSE,FALSE,,, ,,0.00,0.00,
,,,,,,,,,,,,,,FALSE,FALSE,,, ,,0.00,0.00,
,,,,,,,,,,,,,,FALSE,FALSE,,, ,,0.00,0.00,
,,,,,,,,,,,,,,FALSE,FALSE,,, ,,0.00,0.00,
,,,,,,,,,,,,,,FALSE,FALSE,,, ,,0.00,0.00,
,,,,,,,,,,,,,,FALSE,FALSE,,, ,,0.00,0.00,
,,,,,,,,,,,,,,FALSE,FALSE,,, ,,0.00,0.00,
,,,,,,,,,,,,,,FALSE,FALSE,,, ,,0.00,0.00,
,,,,,,,,,,,,,,FALSE,FALSE,,, ,,0.00,0.00,
,,,,,,,,,,,,,,FALSE,FALSE,,, ,,0.00,0.00,
,,,,,,,,,,,,,,FALSE,FALSE,,, ,,0.00,0.00,
,,,,,,,,,,,,,,FALSE,FALSE,,, ,,0.00,0.00,
,,,,,,,,,,,,,,FALSE,FALSE,,, ,,0.00,0.00,
,,,,,,,,,,,,,,FALSE,FALSE,,, ,,0.00,0.00,
,,,,,,,,,,,,,,FALSE,FALSE,,, ,,0.00,0.00,
,,,,,,,,,,,,,,FALSE,FALSE,,, ,,0.00,0.00,
,,,,,,,,,,,,,,FALSE,FALSE,,, ,,0.00,0.00,
,,,,,,,,,,,,,,FALSE,FALSE,,, ,,0.00,0.00,
,,,,,,,,,,,,,,FALSE,FALSE,,, ,,0.00,0.00,
,,,,,,,,,,,,,,FALSE,FALSE,,, ,,0.00,0.00,
,,,,,,,,,,,,,,FALSE,FALSE,,, ,,0.00,0.00,
,,,,,,,,,,,,,,FALSE,FALSE,,, ,,0.00,0.00,
,,,,,,,,,,,,,,FALSE,FALSE,,, ,,0.00,0.00,
,,,,,,,,,,,,,,FALSE,FALSE,,, ,,0.00,0.00,
,,,,,,,,,,,,,,FALSE,FALSE,,, ,,0.00,0.00,
,,,,,,,,,,,,,,FALSE,FALSE,,, ,,0.00,0.00,
,,,,,,,,,,,,,,FALSE,FALSE,,, ,,0.00,0.00,
,,,,,,,,,,,,,,FALSE,FALSE,,, ,,0.00,0.00,
,,,,,,,,,,,,,,FALSE,FALSE,,, ,,0.00,0.00,
,,,,,,,,,,,,,,FALSE,FALSE,,, ,,0.00,0.00,
,,,,,,,,,,,,,,FALSE,FALSE,,, ,,0.00,0.00,
,,,,,,,,,,,,,,FALSE,FALSE,,, ,,0.00,0.00,
,,,,,,,,,,,,,,FALSE,FALSE,,, ,,0.00,0.00,
,,,,,,,,,,,,,,FALSE,FALSE,,, ,,0.00,0.00,
,,,,,,,,,,,,,,FALSE,FALSE,,, ,,0.00,0.00,
,,,,,,,,,,,,,,FALSE,FALSE,,, ,,0.00,0.00,
,,,,,,,,,,,,,,FALSE,FALSE,,, ,,0.00,0.00,
,,,,,,,,,,,,,,FALSE,FALSE,,, ,,0.00,0.00,
,,,,,,,,,,,,,,FALSE,FALSE,,, ,,0.00,0.00,
,,,,,,,,,,,,,,FALSE,FALSE,,, ,,0.00,0.00,
,,,,,,,,,,,,,,FALSE,FALSE,,, ,,0.00,0.00,
,,,,,,,,,,,,,,FALSE,FALSE,,, ,,0.00,0.00,
,,,,,,,,,,,,,,FALSE,FALSE,,, ,,0.00,0.00,
,,,,,,,,,,,,,,FALSE,FALSE,,, ,,0.00,0.00,
,,,,,,,,,,,,,,FALSE,FALSE,,, ,,0.00,0.00,
,,,,,,,,,,,,,,FALSE,FALSE,,, ,,0.00,0.00,
,,,,,,,,,,,,,,FALSE,FALSE,,, ,,0.00,0.00,
,,,,,,,,,,,,,,FALSE,FALSE,,, ,,0.00,0.00,
,,,,,,,,,,,,,,FALSE,FALSE,,, ,,0.00,0.00,
,,,,,,,,,,,,,,FALSE,FALSE,,, ,,0.00,0.00,
,,,,,,,,,,,,,,FALSE,FALSE,,, ,,0.00,0.00,
,,,,,,,,,,,,,,FALSE,FALSE,,, ,,0.00,0.00,
,,,,,,,,,,,,,,FALSE,FALSE,,, ,,0.00,0.00,
,,,,,,,,,,,,,,FALSE,FALSE,,, ,,0.00,0.00,
,,,,,,,,,,,,,,FALSE,FALSE,,, ,,0.00,0.00,
,,,,,,,,,,,,,,FALSE,FALSE,,, ,,0.00,0.00,
,,,,,,,,,,,,,,FALSE,FALSE,,, ,,0.00,0.00,
,,,,,,,,,,,,,,FALSE,FALSE,,, ,,0.00,0.00,
,,,,,,,,,,,,,,FALSE,FALSE,,, ,,0.00,0.00,
,,,,,,,,,,,,,,FALSE,FALSE,,, ,,0.00,0.00,
,,,,,,,,,,,,,,FALSE,FALSE,,, ,,0.00,0.00,
,,,,,,,,,,,,,,FALSE,FALSE,,, ,,0.00,0.00,
,,,,,,,,,,,,,,FALSE,FALSE,,, ,,0.00,0.00,
,,,,,,,,,,,,,,FALSE,FALSE,,, ,,0.00,0.00,
,,,,,,,,,,,,,,FALSE,FALSE,,, ,,0.00,0.00,
,,,,,,,,,,,,,,FALSE,FALSE,,, ,,0.00,0.00,
,,,,,,,,,,,,,,FALSE,FALSE,,, ,,0.00,0.00,
,,,,,,,,,,,,,,FALSE,FALSE,,, ,,0.00,0.00,
,,,,,,,,,,,,,,FALSE,FALSE,,, ,,0.00,0.00,
,,,,,,,,,,,,,,FALSE,FALSE,,, ,,0.00,0.00,
,,,,,,,,,,,,,,FALSE,FALSE,,, ,,0.00,0.00,
,,,,,,,,,,,,,,FALSE,FALSE,,, ,,0.00,0.00,
,,,,,,,,,,,,,,FALSE,FALSE,,, ,,0.00,0.00,
,,,,,,,,,,,,,,FALSE,FALSE,,, ,,0.00,0.00,
,,,,,,,,,,,,,,FALSE,FALSE,,, ,,0.00,0.00,
,,,,,,,,,,,,,,FALSE,FALSE,,, ,,0.00,0.00,
,,,,,,,,,,,,,,FALSE,FALSE,,, ,,0.00,0.00,
,,,,,,,,,,,,,,FALSE,FALSE,,, ,,0.00,0.00,
,,,,,,,,,,,,,,FALSE,FALSE,,, ,,0.00,0.00,
,,,,,,,,,,,,,,FALSE,FALSE,,, ,,0.00,0.00,
,,,,,,,,,,,,,,FALSE,FALSE,,, ,,0.00,0.00,
,,,,,,,,,,,,,,FALSE,FALSE,,, ,,0.00,0.00,
,,,,,,,,,,,,,,FALSE,FALSE,,, ,,0.00,0.00,
,,,,,,,,,,,,,,FALSE,FALSE,,, ,,0.00,0.00,
,,,,,,,,,,,,,,FALSE,FALSE,,, ,,0.00,0.00,
,,,,,,,,,,,,,,FALSE,FALSE,,, ,,0.00,0.00,
,,,,,,,,,,,,,,FALSE,FALSE,,, ,,0.00,0.00,
,,,,,,,,,,,,,,FALSE,FALSE,,, ,,0.00,0.00,
,,,,,,,,,,,,,,FALSE,FALSE,,, ,,0.00,0.00,
,,,,,,,,,,,,,,FALSE,FALSE,,, ,,0.00,0.00,
,,,,,,,,,,,,,,FALSE,FALSE,,, ,,0.00,0.00,
,,,,,,,,,,,,,,FALSE,FALSE,,, ,,0.00,0.00,
,,,,,,,,,,,,,,FALSE,FALSE,,, ,,0.00,0.00,
,,,,,,,,,,,,,,FALSE,FALSE,,, ,,0.00,0.00,
,,,,,,,,,,,,,,FALSE,FALSE,,, ,,0.00,0.00,
,,,,,,,,,,,,,,FALSE,FALSE,,, ,,0.00,0.00,
,,,,,,,,,,,,,,FALSE,FALSE,,, ,,0.00,0.00,
,,,,,,,,,,,,,,FALSE,FALSE,,, ,,0.00,0.00,
,,,,,,,,,,,,,,FALSE,FALSE,,, ,,0.00,0.00,
,,,,,,,,,,,,,,FALSE,FALSE,,, ,,0.00,0.00,
,,,,,,,,,,,,,,FALSE,FALSE,,, ,,0.00,0.00,
,,,,,,,,,,,,,,FALSE,FALSE,,, ,,0.00,0.00,
,,,,,,,,,,,,,,FALSE,FALSE,,, ,,0.00,0.00,
,,,,,,,,,,,,,,FALSE,FALSE,,, ,,0.00,0.00,
,,,,,,,,,,,,,,FALSE,FALSE,,, ,,0.00,0.00,
,,,,,,,,,,,,,,FALSE,FALSE,,, ,,0.00,0.00,
,,,,,,,,,,,,,,FALSE,FALSE,,, ,,0.00,0.00,
,,,,,,,,,,,,,,FALSE,FALSE,,, ,,0.00,0.00,
,,,,,,,,,,,,,,FALSE,FALSE,,, ,,0.00,0.00,
,,,,,,,,,,,,,,FALSE,FALSE,,, ,,0.00,0.00,
,,,,,,,,,,,,,,FALSE,FALSE,,, ,,0.00,0.00,
,,,,,,,,,,,,,,FALSE,FALSE,,, ,,0.00,0.00,
,,,,,,,,,,,,,,FALSE,FALSE,,, ,,0.00,0.00,
,,,,,,,,,,,,,,FALSE,FALSE,,, ,,0.00,0.00,
,,,,,,,,,,,,,,FALSE,FALSE,,, ,,0.00,0.00,
,,,,,,,,,,,,,,FALSE,FALSE,,, ,,0.00,0.00,
,,,,,,,,,,,,,,FALSE,FALSE,,, ,,0.00,0.00,
,,,,,,,,,,,,,,FALSE,FALSE,,, ,,0.00,0.00,
,,,,,,,,,,,,,,FALSE,FALSE,,, ,,0.00,0.00,
,,,,,,,,,,,,,,FALSE,FALSE,,, ,,0.00,0.00,
,,,,,,,,,,,,,,FALSE,FALSE,,, ,,0.00,0.00,
,,,,,,,,,,,,,,FALSE,FALSE,,, ,,0.00,0.00,
,,,,,,,,,,,,,,FALSE,FALSE,,, ,,0.00,0.00,
,,,,,,,,,,,,,,FALSE,FALSE,,, ,,0.00,0.00,
,,,,,,,,,,,,,,FALSE,FALSE,,, ,,0.00,0.00,
,,,,,,,,,,,,,,FALSE,FALSE,,, ,,0.00,0.00,
,,,,,,,,,,,,,,FALSE,FALSE,,, ,,0.00,0.00,
,,,,,,,,,,,,,,FALSE,FALSE,,, ,,0.00,0.00,
,,,,,,,,,,,,,,FALSE,FALSE,,, ,,0.00,0.00,
,,,,,,,,,,,,,,FALSE,FALSE,,, ,,0.00,0.00,
,,,,,,,,,,,,,,FALSE,FALSE,,, ,,0.00,0.00,
,,,,,,,,,,,,,,FALSE,FALSE,,, ,,0.00,0.00,
,,,,,,,,,,,,,,FALSE,FALSE,,, ,,0.00,0.00,
,,,,,,,,,,,,,,FALSE,FALSE,,, ,,0.00,0.00,
,,,,,,,,,,,,,,FALSE,FALSE,,, ,,0.00,0.00,
,,,,,,,,,,,,,,FALSE,FALSE,,, ,,0.00,0.00,
,,,,,,,,,,,,,,FALSE,FALSE,,, ,,0.00,0.00,
,,,,,,,,,,,,,,FALSE,FALSE,,, ,,0.00,0.00,
,,,,,,,,,,,,,,FALSE,FALSE,,, ,,0.00,0.00,
,,,,,,,,,,,,,,FALSE,FALSE,,, ,,0.00,0.00,
,,,,,,,,,,,,,,FALSE,FALSE,,, ,,0.00,0.00,
,,,,,,,,,,,,,,FALSE,FALSE,,, ,,0.00,0.00,
,,,,,,,,,,,,,,FALSE,FALSE,,, ,,0.00,0.00,
,,,,,,,,,,,,,,FALSE,FALSE,,, ,,0.00,0.00,
,,,,,,,,,,,,,,FALSE,FALSE,,, ,,0.00,0.00,
,,,,,,,,,,,,,,FALSE,FALSE,,, ,,0.00,0.00,
,,,,,,,,,,,,,,FALSE,FALSE,,, ,,0.00,0.00,
,,,,,,,,,,,,,,FALSE,FALSE,,, ,,0.00,0.00,
,,,,,,,,,,,,,,FALSE,FALSE,,, ,,0.00,0.00,
,,,,,,,,,,,,,,FALSE,FALSE,,, ,,0.00,0.00,
,,,,,,,,,,,,,,FALSE,FALSE,,, ,,0.00,0.00,
,,,,,,,,,,,,,,FALSE,FALSE,,, ,,0.00,0.00,
,,,,,,,,,,,,,,FALSE,FALSE,,, ,,0.00,0.00,
,,,,,,,,,,,,,,FALSE,FALSE,,, ,,0.00,0.00,
,,,,,,,,,,,,,,FALSE,FALSE,,, ,,0.00,0.00,
,,,,,,,,,,,,,,FALSE,FALSE,,, ,,0.00,0.00,
,,,,,,,,,,,,,,FALSE,FALSE,,, ,,0.00,0.00,
,,,,,,,,,,,,,,FALSE,FALSE,,, ,,0.00,0.00,
,,,,,,,,,,,,,,FALSE,FALSE,,, ,,0.00,0.00,
,,,,,,,,,,,,,,FALSE,FALSE,,, ,,0.00,0.00,
,,,,,,,,,,,,,,FALSE,FALSE,,, ,,0.00,0.00,
,,,,,,,,,,,,,,FALSE,FALSE,,, ,,0.00,0.00,
,,,,,,,,,,,,,,FALSE,FALSE,,, ,,0.00,0.00,
,,,,,,,,,,,,,,FALSE,FALSE,,, ,,0.00,0.00,
,,,,,,,,,,,,,,FALSE,FALSE,,, ,,0.00,0.00,
,,,,,,,,,,,,,,FALSE,FALSE,,, ,,0.00,0.00,
,,,,,,,,,,,,,,FALSE,FALSE,,, ,,0.00,0.00,
,,,,,,,,,,,,,,FALSE,FALSE,,, ,,0.00,0.00,
,,,,,,,,,,,,,,FALSE,FALSE,,, ,,0.00,0.00,
,,,,,,,,,,,,,,FALSE,FALSE,,, ,,0.00,0.00,
,,,,,,,,,,,,,,FALSE,FALSE,,, ,,0.00,0.00,
,,,,,,,,,,,,,,FALSE,FALSE,,, ,,0.00,0.00,
,,,,,,,,,,,,,,FALSE,FALSE,,, ,,0.00,0.00,
,,,,,,,,,,,,,,FALSE,FALSE,,, ,,0.00,0.00,
,,,,,,,,,,,,,,FALSE,FALSE,,, ,,0.00,0.00,
,,,,,,,,,,,,,,FALSE,FALSE,,, ,,0.00,0.00,
,,,,,,,,,,,,,,FALSE,FALSE,,, ,,0.00,0.00,
,,,,,,,,,,,,,,FALSE,FALSE,,, ,,0.00,0.00,