,,,,,,,,,,,,,,,,,,,
,Core,Date Added,Stock,Setup,"Core 
Execution","Stock 
Execution",VAR,Entry Stop,Entry Limit,Sizing,Cut,-0.5R Cut Loss,Shares,Order Filled,Cancel Order,Picker,Return,7 day % change,
,TRUE,01/02/2024,YELP,Pullback,ODL,Tighten,"2,500.00",47.58,47.82,46.62,46.93,47.22,"2,610",FALSE,TRUE,Miggoy,,-3.11%, 
,FALSE,01/02/2024,MSFT,Coil,ODL,Tighten,"5,000.00",377.65,379.54,369.8,373.47,374.67,640,FALSE,TRUE,Neil,,1.33%, 
,FALSE,01/03/2024,SPOT,range,ODL,Tighten,"5,000.00",190.29,191.24,181.48,185.36,186.36,570,TRUE,FALSE,Paul,-0.25,4.71%,01/03/2024
,FALSE,01/03/2024,KEX,range,ODL,Tighten,"2,500.00",79.22,79.62,77.00,77.84,78.31,"1,130",FALSE,TRUE,Miggoy,,-4.38%, 
,TRUE,01/03/2024,SMCI,range,ODL,Tighten,"5,000.00",287.01,288.45,268.64,275.87,278.54,280,TRUE,FALSE,Jeremy,-0.25,22.02%,01/03/2024
,TRUE,01/04/2024,SHOT,Reset,LABAN,Probe,"2,500.00",3.52,3.54,2.70,2.70,3.12,"3,050",TRUE,FALSE,Miggoy,-0.25,1.39%,01/04/2024
,TRUE,01/04/2024,OPRA,Reset,ODL,,"5,000.00",13.65,13.72,11.50,12.42,12.61,"2,330",FALSE,TRUE,Miggoy,,-4.32%, 
,TRUE,01/04/2024,UBER,Range,ODL,Tighten,"5,000.00",58.91,59.20,50.00,57.32,54.60,570,TRUE,FALSE,Miggoy,-0.25,9.81%,01/04/2024
,TRUE,01/04/2024,YELP,Range,ODL,,"2,500.00",46.44,46.67,45.00,45.70,45.84,"1,740",TRUE,FALSE,Miggoy,-0.25,-5.11%,01/04/2024
,TRUE,01/05/2024,QCOM,Range,ODL,Tighten,"5,000.00",137.34,138.03,133.34,134.93,135.68,"1,250",TRUE,FALSE,Neil,-0.25,2.54%,01/05/2024
,TRUE,01/05/2024,PLTR,RANGE,ODL,Je,"5,000.00",16.59,16.67,15.24,15.94,15.96,"3,710",FALSE,TRUE,Jeremy,,4.88%, 
,FALSE,01/05/2024,TWST,Range,ODL,Tighten,"5,000.00",33.90,34.07,31.32,32.26,32.69,"1,940",TRUE,FALSE,Neil,1.00,6.30%,01/05/2024
,TRUE,01/08/2024,GTLB,Range,ODL,,"5,000.00",58.47,58.76,54.99,56.39,56.88,"1,440",FALSE,TRUE,Neil,,5.16%, 
,FALSE,01/08/2024,PATH,Range,ODL,,"5,000.00",22.91,23.02,21.79,22.25,22.41,"4,470",TRUE,FALSE,Neil,-0.25,-4.37%,01/08/2024
,TRUE,01/08/2024,IOT,Range,ODL,Je,"5,000.00",30.94,31.09,28.21,29.79,29.65,"1,840",TRUE,FALSE,Miggoy,-0.25,4.34%,01/08/2024
,TRUE,01/08/2024,PLTR,Range,ODL,Je,"5,000.00",16.14,16.22,15.25,15.65,15.74,"5,620",TRUE,FALSE,Miggoy,-0.25,-0.84%,01/08/2024
,FALSE,01/08/2024,ABNB,Range,ODL,,"5,000.00",137.05,137.74,131.70,133.89,134.72,940,TRUE,FALSE,Neil,0.00,-3.61%,01/08/2024
,FALSE,01/08/2024,ADBE,Range,LABAN,,"2,500.00",569.35,572.20,555.00,555.00,563.60,180,TRUE,FALSE,Paul,0.00,2.95%,01/08/2024
,TRUE,01/09/2024,YELP,Range,ODL,Tighten,"3,750.00",46.08,46.31,43.48,44.95,44.90,"1,450",FALSE,TRUE,Neil,,-2.31%, 
,TRUE,01/09/2024,AMAT,Range,ODL,je,"7,500.00",152.80,153.56,146.88,149.71,150.22,"1,270",FALSE,TRUE,Jeremy,,1.81%, 
,FALSE,01/09/2024,MSFT,Coil,ODL,,"7,500.00",377.17,379.06,364.86,369.00,371.96,610,FALSE,TRUE,Neil,,3.85%, 
,FALSE,01/09/2024,DIS,Coil,ODL,,"7,500.00",91.95,92.41,89.15,90.35,90.78,"2,680",FALSE,TRUE,Neil,,3.77%, 
,TRUE,01/09/2024,UBER,Range,ODL,Tighten,"7,500.00",59.17,59.47,56.47,57.84,57.97,"2,780",TRUE,FALSE,Neil,1.50,5.56%,01/09/2024
,FALSE,01/09/2024,TSLA,Range,ODL,Tighten,"7,500.00",242.12,243.33,230.00,235.29,236.67,620,FALSE,TRUE,Jeremy,,-6.41%, 
,FALSE,01/09/2024,CELH,COIL,ODL,,"7,500.00",59.69,59.99,49.45,54.02,54.72,740,TRUE,FALSE,Miggoy,-0.25,3.25%,01/09/2024
,FALSE,01/10/2024,DOCU,Range,ODL,Tighten,"7,500.00",56.63,56.91,53.30,54.43,55.11,"2,260",FALSE,TRUE,Neil,,9.87%, 
,TRUE,01/10/2024,DUOL,Range,ODL,Tighten,"3,750.00",215.17,216.25,198.00,203.98,207.12,220,TRUE,FALSE,Neil,-0.25,-6.56%,01/10/2024
,FALSE,01/12/2024,AFRM,Range,LABAN,,"3,750.00",43.88,44.10,41.15,41.15,42.62,"1,380",TRUE,FALSE,Neil,-0.50,0.93%,01/12/2024
,TRUE,01/12/2024,CRSP,Reset,ODL,,"7,500.00",65.87,66.20,55.99,59.99,61.09,760,TRUE,FALSE,Neil,-0.25,-3.52%,01/12/2024
,TRUE,01/12/2024,PLTR,coil,ODL,,"5,000.00",17.10,17.19,15.65,16.16,16.42,"3,450",FALSE,TRUE,Miggoy,,0.12%, 
,FALSE,01/12/2024,STNE,Range,ODL,,"7,500.00",17.29,17.38,16.14,16.62,16.76,"6,530",FALSE,TRUE,Neil,,-0.47%, 
,TRUE,01/15/2024,NXT,Range,ODL,,"7,500.00",42.54,42.75,40.10,41.46,41.43,"3,080",FALSE,TRUE,Miggoy,,10.25%, 
,FALSE,01/15/2024,MJ,Reversal,LABAN,Safety stop,"7,500.00",3.60,3.62,2.99,3.26,3.30,"12,300",TRUE,FALSE,Miggoy,-0.25,-1.96%,01/15/2024
,FALSE,01/15/2024,DIS,COIL,ODL,,"7,500.00",91.50,91.96,88.68,89.64,90.32,"2,660",TRUE,FALSE,Jeremy,0.00,2.18%,01/15/2024
,TRUE,01/15/2024,AMAT,Range,ODL,Tighten,"7,500.00",152.41,153.17,148.04,150.36,150.61,"1,720",TRUE,FALSE,Paul,-0.25,9.46%,01/15/2024
,FALSE,01/15/2024,ITA,Range,ODL,Tighten,"3,750.00",122.77,123.38,120.52,121.67,121.95,"1,670",FALSE,TRUE,Miggoy,,2.41%, 
,TRUE,01/17/2024,ADBE,falling coil,ODL,,"7,500.00",599.39,602.39,563.33,586.51,582.86,210,TRUE,FALSE,Miggoy,1.00,1.74%,01/17/2024
,TRUE,01/17/2024,CVS,range,ODL,,"7,500.00",77.96,78.35,75.04,76.13,76.69,"2,570",FALSE,TRUE,Neil,,-3.64%, 
,FALSE,01/17/2024,DKNG,Coil,ODL,,"7,500.00",34.27,34.44,30.65,32.55,32.55,"2,080",FALSE,TRUE,Neil,,9.67%, 
,FALSE,01/17/2024,AMKR,range,ODL,,"3,750.00",31.02,31.18,29.38,29.69,30.28,"2,290",FALSE,TRUE,Neil,,8.59%, 
,FALSE,01/17/2024,PLAB,range,ODL,,"3,750.00",30.04,30.19,28.30,28.66,29.25,"2,160",FALSE,TRUE,Neil,,9.27%, 
,FALSE,01/18/2024,PSTG,Reset,ODL,,"7,500.00",37.75,37.94,34.31,35.34,36.12,"2,190",TRUE,FALSE,Neil,1.00,6.04%,01/18/2024
,FALSE,01/18/2024,AMAT,Range,ODL,,"7,500.00",154.25,155.02,148.04,150.19,151.53,"1,210",FALSE,TRUE,Paul,,7.66%, 
,FALSE,01/18/2024,ABNB,Range,ODL,,"7,500.00",135.10,135.78,129.08,131.09,132.43,"1,250",FALSE,TRUE,Neil,,3.70%, 
,FALSE,01/18/2024,ARM,Range,ODL,Tighten,"7,500.00",70.01,70.36,65.10,66.65,67.73,"1,530",FALSE,TRUE,Neil,,-0.43%, 
,FALSE,01/18/2024,CVS,Range,ODL,resize,"7,500.00",77.65,78.04,75.74,76.71,76.89,"3,930",FALSE,TRUE,Neil,,-2.56%, 
,FALSE,01/19/2024,PLTR,COIL,ODL,,"7,500.00",16.86,16.94,15.65,16.09,16.30,"6,200",FALSE,TRUE,Jeremy,,-2.56%, 
,TRUE,01/19/2024,YELP,RANGE,ODL,,"3,750.00",44.44,44.66,43.03,43.63,43.85,"2,660",FALSE,TRUE,Neil,,2.27%, 
,FALSE,01/19/2024,INTC,RANGE,ODL,,"7,500.00",47.58,47.82,45.23,46.16,46.52,"3,200",TRUE,FALSE,Jeremy,0.00,-9.35%,01/19/2024
,TRUE,01/19/2024,RMBS,Flat Coil,ODL,,"7,500.00",71.30,71.66,65.23,67.43,68.44,"1,240",TRUE,FALSE,Miggoy,0.50,-2.65%,01/19/2024
,FALSE,01/19/2024,DIS,Coil,ODL,,"3,750.00",93.10,93.57,88.68,91.01,91.12,850,TRUE,FALSE,Monette,0.50,2.47%,01/19/2024
,FALSE,01/19/2024,NVDA,Options,LABAN,Sell Puts,"1,000.00",525.00,527.63,505.00,505.00,516.31,50,FALSE,TRUE,Miggoy,,2.59%, 
,FALSE,01/19/2024,AAPL,Options,LABAN,Sell Puts,"1,000.00",180.00,180.90,178.00,178.00,179.45,500,TRUE,FALSE,Miggoy,0.50,0.45%,01/19/2024
,TRUE,01/22/2024,TTWO,Flat Coil,ODL,,"7,500.00",164.86,165.68,156.66,159.78,161.17,920,TRUE,FALSE,Miggoy,0.00,2.18%,01/22/2024
,FALSE,01/22/2024,AFRM,Range,ODL,,"7,500.00",42.47,42.68,38.28,39.45,40.48,"1,790",FALSE,TRUE,Neil,-0.50,-1.31%,01/22/2024
,FALSE,01/22/2024,PATH,Range,ODL,,"7,500.00",22.42,22.53,20.80,21.54,21.67,"4,630",FALSE,TRUE,Neil,,2.98%, 
,TRUE,01/22/2024,CRSP,Coil,ODL,"probe+safety stop, laban, ODL","7,500.00",63.01,63.33,55.21,59.69,59.27,970,TRUE,FALSE,Neil,-0.25,0.80%,01/22/2024
,FALSE,01/22/2024,TNA,Range,ODL,,"7,500.00",34.78,34.95,31.78,32.62,33.37,"2,500",FALSE,TRUE,Miggoy,,3.89%, 
,TRUE,01/22/2024,CERT,Range,ODL,illiquid,"3,750.00",16.25,16.33,15.29,15.69,15.81,"3,910",FALSE,TRUE,Miggoy,,0.24%, 
,TRUE,01/23/2024,CVS,Options,LABAN,,"1,000.00",,,,,,,FALSE,TRUE,Jeremy,,-1.66%, 
,FALSE,01/23/2024,XLB,Range,ODL,,"7,500.00",82.63,83.04,80.91,81.75,81.98,"4,370",FALSE,TRUE,Monette,,0.68%, 
,FALSE,01/24/2024,CCJ,pullback,LABAN,Options,"3,750.00",,,,,,,TRUE,FALSE,Neil,-0.50,0.65%,01/24/2024
,FALSE,01/24/2024,TSM,Momentum,SINA,,"3,750.00",115.16,115.74,112.49,113.15,114.11,"1,410",FALSE,TRUE,Paul,,-3.06%, 
,TRUE,01/25/2024,OPRA,Reversal,LABAN,Probe,"3,750.00",11.25,11.31,9.99,10.35,10.65,"2,980",FALSE,TRUE,Miggoy,,4.22%, 
,FALSE,01/26/2024,PINS,Coil,ODL,,"7,500.00",38.01,38.20,35.45,36.49,36.83,"2,930",FALSE,TRUE,Neil,,5.44%, 
,TRUE,01/26/2024,MIR,Range,ODL,,"3,750.00",9.75,9.80,9.23,9.45,9.51,"7,220",TRUE,FALSE,Neil,-0.25,2.52%,01/26/2024
,TRUE,01/29/2024,CVNA,Range,ODL,je,"7,500.00",43.21,43.43,37.19,40.61,40.31,"1,250",FALSE,TRUE,Jeremy,,-2.49%, 
,TRUE,01/29/2024,DUOL,Range,ODL,,"3,750.00",196.68,197.66,182.70,189.61,190.18,270,TRUE,FALSE,Neil,-0.25,-7.53%,01/29/2024
,FALSE,01/29/2024,METC,Range,ODL,,"3,750.00",19.01,19.11,17.48,17.97,18.29,"2,460",TRUE,FALSE,Neil,-0.25,-9.11%,01/29/2024
,TRUE,01/29/2024,MNST,Range,ODL,je,"7,500.00",55.70,55.98,54.00,54.72,54.99,"4,420",TRUE,FALSE,Jeremy,-0.25,-0.85%,01/29/2024
,FALSE,01/29/2024,ZIM,Cheat,ODL,,"7,500.00",14.41,14.48,12.00,12.71,13.24,"3,120",FALSE,TRUE,Paul,,-8.79%, 
,TRUE,01/30/2024,IOT,Range,ODL,Je,"7,500.00",32.33,32.49,29.80,30.88,31.15,"2,970",FALSE,TRUE,Miggoy,,-1.15%, 
,TRUE,01/30/2024,CRSP,Coil,ODL,safety stop,"7,500.00",68.49,68.83,55.21,60.01,62.02,570,TRUE,FALSE,Neil,0.50,3.72%,01/30/2024
,FALSE,01/30/2024,EXPE,Coil,ODL,,"7,500.00",155.61,156.39,144.28,150.43,150.33,670,FALSE,TRUE,Neil,,1.31%, 
,TRUE,01/31/2024,IOT,Range,ODL,,"7,500.00",32.61,32.77,30.64,31.48,31.71,"3,810",TRUE,FALSE,Miggoy,0.00,3.22%,01/31/2024
,TRUE,02/01/2024,QCOM ,pullback,ODL,,"7,500.00",150.17,150.92,142.32,144.33,146.62,960,TRUE,FALSE,Jeremy,0.00,5.01%,02/01/2024
,TRUE,02/01/2024,TTWO,pullback,TODL,,"3,750.00",166.86,167.69,163.57,164.32,165.63,"1,140",TRUE,FALSE,Miggoy,0.00,1.97%,02/01/2024
,TRUE,02/01/2024,AMAT,pullback/range,TODL,,"7,500.00",166.63,167.46,160.95,160.95,164.21,"1,330",TRUE,FALSE,Paul,0.00,4.14%,02/01/2024
,FALSE,02/01/2024,AMD,pullback/range,TODL,,"7,500.00",171.31,172.17,162.55,162.55,167.36,860,TRUE,FALSE,Paul,0.00,-0.66%,02/01/2024
,TRUE,02/01/2024,GEHC,falling coil,ODL,,"7,500.00",74.53,74.90,71.30,72.94,73.10,"2,330",FALSE,TRUE,Miggoy,,10.37%, 
,TRUE,02/02/2024,QCOM,Range,ODL,,"7,500.00",143.92,144.64,137.35,139.32,140.99,"1,150",TRUE,FALSE,Miggoy,2.00,6.57%,02/02/2024
,FALSE,02/02/2024,SOXL,Pullback,ODL,,"7,500.00",32.73,32.89,29.80,31.19,31.35,"2,560",TRUE,FALSE,Paul,0.50,16.85%,02/02/2024
,FALSE,02/02/2024,AAPL,Range ,LABAN,options,"3,750.00",,,,,,,TRUE,FALSE,Jeremy,1.00,1.61%,02/02/2024
,TRUE,02/02/2024,PSTG,pullback,ODL,,"3,750.00",40.95,41.15,39.29,39.79,40.22,"2,260",FALSE,TRUE,Neil,,5.92%, 
,FALSE,02/02/2024,TOL,Coil,ODL,,"7,500.00",102.10,102.61,95.45,98.68,99.03,"1,130",FALSE,TRUE,Neil,,0.84%, 
,TRUE,02/05/2024,QCOM,Range,ODL,,"3,750.00",142.15,142.86,137.35,139.25,140.11,790,FALSE,TRUE,Miggoy,,6.30%, 
,TRUE,02/05/2024,CVNA,falling coil,ODL,,"7,500.00",44.45,44.67,38.00,40.43,41.34,"1,170",FALSE,TRUE,Paul,,26.21%, 
,FALSE,02/05/2024,XHB,Coil,ODL,,"7,500.00",97.50,97.99,92.67,94.11,95.33,"1,560",TRUE,FALSE,Neil,0.00,5.90%,02/05/2024
,FALSE,02/05/2024,XP,Coil in reset,ODL,,"7,500.00",26.79,26.92,24.00,24.88,25.46,"2,690",FALSE,TRUE,Neil,,-1.03%, 
,TRUE,02/06/2024,NXT,Momentum ,SINA,,"3,750.00",57.17,57.46,54.17,55.85,55.81,"1,250",FALSE,TRUE,Paul,,3.37%, 
,TRUE,02/07/2024,NXT,Momentum,SINA,,"3,750.00",56.25,56.54,51.63,53.84,54.08,820,FALSE,TRUE,Paul,,9.87%, 
,TRUE,02/08/2024,VNM,Reversal,ODL,,"3,750.00",13.15,13.22,12.35,12.61,12.78,"4,690",TRUE,FALSE,Neil,0.00,0.00%,02/08/2024
,FALSE,02/08/2024,META,momentum,SINA,,"3,750.00",471.53,473.89,453.00,465.80,463.44,210,FALSE,TRUE,Neil,,2.99%, 
,FALSE,02/08/2024,AMD,range,ODL,tighten,"7,500.00",172.98,173.84,162.55,168.19,168.20,720,TRUE,FALSE,Paul,0.00,4.38%,02/08/2024
,FALSE,02/08/2024,COIN,range (change to falling coil),ODL,,"7,500.00",125.19,125.82,103.08,114.50,114.45,340,FALSE,TRUE,Paul,,24.99%, 
,FALSE,02/09/2024,META,momentum,SINA,,"3,750.00",471.53,473.89,453.00,465.80,463.44,210,FALSE,TRUE,Miggoy,,1.11%, 
,FALSE,02/09/2024,CYRX,Reversal,ODL,,"3,750.00",16.16,16.24,14.00,15.25,15.12,"1,740",TRUE,FALSE,Miggoy,-0.50,-1.26%,02/09/2024
,TRUE,02/09/2024,GEHC,momentum,SINA,,"3,750.00",82.52,82.93,80.17,81.60,81.55,"1,600",TRUE,FALSE,Miggoy,-0.25,5.75%,02/09/2024
,TRUE,02/09/2024,NXT,momentum,SINA,,"3,750.00",57.85,58.14,53.85,56.72,55.99,940,TRUE,FALSE,Miggoy,0.00,3.86%,02/09/2024
,FALSE,02/12/2024,IWM,OPTIONS,LABAN,,"7,500.00",,,,,,,TRUE,FALSE,Neil,-0.50,-2.01%,02/12/2024
,TRUE,02/12/2024,TTWO,OPTIONS,LABAN,,"3,750.00",,,,,,,TRUE,FALSE,Miggoy,-0.25,-2.14%,02/12/2024
,TRUE,02/12/2024,CVNA,OPTIONS,LABAN,Major reversal,"3,750.00",,,,,,,TRUE,FALSE,Miggoy,-0.25,-6.28%,02/12/2024
,FALSE,02/13/2024,EW,Pullback,TODL,half var since pullback,"3,750.00",87.48,87.92,83.72,84.43,85.82,"1,000",TRUE,FALSE,Neil,-0.25,0.74%,02/13/2024
,FALSE,02/14/2024,PLTR,pullback,SINA,,"3,750.00",24.67,24.79,21.88,23.30,23.34,"1,350",TRUE,FALSE,Paul,0.00,-9.73%,02/14/2024
,FALSE,02/15/2024,PLTR,MOMO,TODL,,"3,750.00",25.54,25.67,22.49,23.75,24.08,"1,230",FALSE,TRUE,Jeremy,,-7.16%, 
,FALSE,02/15/2024,TSM,PULLBACK,ODL,Tight,"3,750.00",130.80,131.45,125.52,127.95,128.49,720,FALSE,TRUE,Jeremy,,0.03%, 
,FALSE,02/15/2024,CYRX,COIL,ODL,safety stop,"3,750.00",16.49,16.57,13.97,15.04,15.27,"1,490",TRUE,FALSE,Neil,-0.25,-1.42%,02/15/2024
,FALSE,02/16/2024,XBI,Reversal,ODL,,"7,500.00",94.33,94.80,86.00,89.38,90.40,910,TRUE,FALSE,Neil,1.50,1.72%,02/16/2024
,TRUE,02/16/2024,TTWO,Range,LABAN,options,"3,750.00",,,,,,,FALSE,TRUE,Miggoy,,-1.55%, 
,FALSE,02/22/2024,AAPL,Range,ODL,,"7,500.00",182.90,183.81,177.50,179.99,180.66,"1,390",FALSE,TRUE,Miggoy,,-1.96%, 
,TRUE,02/22/2024,PLTR,Range,TODL,,"7,500.00",22.94,23.05,21.64,22.28,22.35,"5,770",FALSE,TRUE,Neil,,6.32%, 
,TRUE,02/22/2024,CVS,Reset Cheat,ODL,,"7,500.00",78.31,78.70,74.44,76.16,76.57,"1,940",FALSE,TRUE,Neil,,-3.54%, 
,TRUE,02/22/2024,GTLB,Range,ODL,,"7,500.00",68.10,68.44,65.00,68.08,66.72,"2,420",FALSE,TRUE,Miggoy,,3.61%, 
,FALSE,02/22/2024,MSFT,Range,ODL,,"7,500.00",404.50,406.52,391.78,397.21,399.15,590,FALSE,TRUE,Miggoy,,0.48%, 
,FALSE,02/23/2024,ZIM,Reversal,LABAN,Probe,"3,750.00",12.97,13.03,11.55,12.00,12.29,"2,650",FALSE,TRUE,Miggoy,,-2.52%, 
,TRUE,02/23/2024,CELH,Options,LABAN,,"1,000.00",,,,,,,FALSE,TRUE,Miggoy,,23.76%, 
,FALSE,02/23/2024,AAPL,Range,ODL,,"7,500.00",185.01,185.94,180.00,182.45,182.97,"1,500",FALSE,TRUE,Jeremy,,-1.57%, 
,FALSE,02/23/2024,HOOD,Reversal,ODL,,"3,750.00",14.37,14.44,12.76,13.38,13.60,"2,330",TRUE,FALSE,Neil,1.50,14.50%,02/23/2024
,TRUE,02/23/2024,MDB,Range,ODL,,"7,500.00",454.43,456.70,424.13,435.77,440.42,250,TRUE,FALSE,Monette,-0.25,-3.25%,02/23/2024
,FALSE,02/27/2024,SOFI,Reset,ODL,,"3,750.00",8.70,8.74,7.50,8.15,8.12,"3,130",FALSE,TRUE,Neil,,-20.55%, 
,FALSE,02/28/2024,RVLV,Reversal,ODL,Safety stop,"3,750.00",19.00,19.10,15.87,17.04,17.48,"1,200",FALSE,TRUE,Miggoy,,-0.52%, 
,FALSE,02/28/2024,AMD,bluesky,ODL,,"7,500.00",184.93,185.85,161.81,172.48,173.83,330,TRUE,FALSE,Neil,1.00,19.31%,02/28/2024
,FALSE,02/28/2024,ZIM,Range,ODL,,"7,500.00",13.00,13.07,11.60,12.26,12.33,"5,360",TRUE,FALSE,Neil,-0.50,-10.36%,02/28/2024
,FALSE,02/28/2024,AAPL,Range,ODL,options or shrs,"7,500.00",183.93,184.85,177.50,179.55,181.17,"1,170",FALSE,TRUE,Jeremy,,-6.78%, 
,FALSE,02/28/2024,TMUS,Coil,ODL,,"7,500.00",165.96,166.79,159.22,162.93,163.00,"1,120",FALSE,TRUE,Neil,,2.21%, 
,FALSE,02/29/2024,AMKR,Reversal,ODL,,"3,750.00",31.05,31.21,29.27,29.80,30.24,"2,110",TRUE,FALSE,Neil,1.50,16.34%,02/29/2024
,TRUE,03/01/2024,QCOM,Reset (VCP),ODL,,"7,500.00",159.21,160.01,148.89,156.17,154.45,730,TRUE,FALSE,Miggoy,0.50,4.59%,03/01/2024
,TRUE,03/01/2024,MELI,Range,ODL,,"3,750.00","1,614.86","1,622.93","1,568.65","1,584.12","1,595.79",90,FALSE,TRUE,Miggoy,,-6.22%, 
,TRUE,03/01/2024,ARDX,Coil,ODL,,"3,750.00",9.86,9.91,8.15,9.20,9.03,"2,200",FALSE,TRUE,Miggoy,,-6.96%, 
,TRUE,03/01/2024,SMCI,Pullback,TODL,,"7,500.00",890.53,894.98,766.94,838.99,830.96,70,TRUE,FALSE,Miggoy,2.00,25.90%,03/01/2024
,FALSE,03/04/2024,IWM,Reversal,LABAN,options,"3,750.00",,,,,,,FALSE,TRUE,Neil,,-0.25%, 
,TRUE,03/04/2024,COIN,momentum,SINA,or IBIT?,"3,750.00",212.23,213.29,193.87,196.00,203.58,210,FALSE,TRUE,Neil,,10.92%, 
,FALSE,03/05/2024,SOXS,capitulation,ODL,,"1,000.00",3.40,3.42,2.50,2.50,2.96,"1,120",TRUE,FALSE,Paul,-0.25,-8.82%,03/05/2024
,FALSE,03/05/2024,KRE,reversal short,ODL,options,"7,500.00",,,,,,,TRUE,FALSE,Paul,-0.25,-1.39%,03/05/2024
,TRUE,03/06/2024,NXT,Range 20D ,ODL,Tighten,"7,500.00",57.90,58.19,53.84,56.50,56.01,"1,850",TRUE,FALSE,Paul,-0.25,3.52%,03/06/2024
,TRUE,03/06/2024,PSTG,Momo,SINA,,"3,750.00",57.07,57.36,53.97,56.10,55.66,"1,210",TRUE,FALSE,Paul,-0.25,-11.15%,03/06/2024
,TRUE,03/08/2024,SYM,COIL,ODL,,"3,750.00",43.51,43.73,37.10,40.74,40.41,590,FALSE,TRUE,Jeremy,,1.66%, 
,FALSE,03/08/2024,ENPH,Reversal,ODL,,"7,500.00",138.22,138.91,119.15,126.01,129.03,400,FALSE,TRUE,Neil,,-17.31%, 
,TRUE,03/08/2024,LVS,Range,ODL,,"7,500.00",51.61,51.87,49.97,50.59,50.92,"4,580",TRUE,FALSE,Miggoy,1.00,-0.93%,03/08/2024
,TRUE,03/13/2024,IOT,Momo,SINA,,"3,750.00",39.32,39.52,36.16,37.37,37.84,"1,190",TRUE,FALSE,Paul,0.00,-6.15%,03/13/2024
,TRUE,03/13/2024,AVAV,pullback,TODL,Tighten,"3,750.00",164.44,165.26,155.16,158.47,160.21,410,FALSE,TRUE,Paul,,-7.46%, 
,FALSE,03/13/2024,XLC,Coil,ODL,,"7,500.00",80.75,81.15,77.91,79.39,79.53,"2,650",FALSE,TRUE,Miggoy,,1.67%, 
,FALSE,03/13/2024,AMD,Pullback,ODL,,"7,500.00",203.56,204.58,191.38,194.26,197.98,620,FALSE,TRUE,Neil,,-7.73%, 
,TRUE,03/13/2024,VNM,,ODL,,"3,750.00",13.39,13.46,13.00,13.20,13.23,"9,620",FALSE,TRUE,Neil,,-0.29%, 
,TRUE,03/13/2024,ACMR,Pullback,TODL,,"3,750.00",29.72,29.87,27.29,28.01,28.58,"1,550",FALSE,TRUE,Miggoy,,1.63%, 
,TRUE,03/13/2024,ARDX,Reset,ODL,,"3,750.00",8.68,8.72,7.89,8.16,8.31,"4,750",FALSE,TRUE,Miggoy,,-9.72%, 
,FALSE,03/13/2024,AFRM,Reset,ODL,,"7,500.00",39.97,40.17,35.92,37.12,38.04,"1,860",TRUE,FALSE,Neil,-0.50,-2.58%,03/13/2024
,FALSE,03/14/2024,AVAV,Range,TODL,,"3,750.00",resized,,,,,,TRUE,FALSE,Miggoy,-0.25,-5.34%,03/14/2024
,FALSE,03/14/2024,XBI,Range,ODL,,"7,500.00",97.85,98.34,94.33,95.87,96.33,"2,140",FALSE,TRUE,Neil,,0.79%, 
,FALSE,03/14/2024,CRSP,Range,ODL,,"7,500.00",76.87,77.25,72.18,73.48,74.72,"1,600",FALSE,TRUE,Neil,,3.46%, 
,TRUE,03/14/2024,PLTR,Range,ODL,,"7,500.00",25.45,25.58,24.21,24.59,24.89,"6,050",FALSE,TRUE,Monette,,0.25%, 
,FALSE,03/15/2024,OZK,Reversal,ODL,Short,"7,500.00",41.77,41.56,46.00,43.18,43.78,"-1,780",FALSE,TRUE,Miggoy,,2.63%, 
,TRUE,03/18/2024,QCOM,Pullback,TODL,,"7,500.00",168.78,169.62,163.50,165.84,166.56,"1,430",FALSE,TRUE,Neil,,0.36%, 
,FALSE,03/18/2024,AMD,Range,TODL,,"7,500.00",195.57,196.55,175.90,184.48,186.22,390,FALSE,TRUE,Neil,,-6.30%, 
,TRUE,03/18/2024,ACMR,Range,TODL,,"3,750.00",28.54,28.68,25.17,26.65,26.93,"1,120",TRUE,FALSE,Paul,-0.50,5.34%,03/18/2024
,FALSE,03/19/2024,OZK,Reversal,ODL,SHORT,"3,750.00",41.99,41.78,45.16,43.17,43.47,"-1,190",FALSE,TRUE,Miggoy,,2.60%, 
,FALSE,03/19/2024,FROG,Blue sky,ODL,position trade,"3,750.00",44.10,44.32,39.00,41.79,41.66,740,TRUE,FALSE,Neil,0.00,2.93%,03/19/2024
,TRUE,03/19/2024,PLTR,Range,TODL,/2,"7,500.00",24.30,24.42,22.80,23.31,23.61,"5,000",FALSE,TRUE,Paul,,4.58%, 
,FALSE,03/20/2024,PLTR,range,SINA,,"3,750.00",24.13,24.25,22.23,22.91,23.24,"1,980",TRUE,FALSE,Paul,0.00,-0.24%,03/20/2024
,FALSE,03/20/2024,DKNG,coil,ODL,,"7,500.00",45.26,45.49,40.67,42.11,43.08,"1,640",TRUE,FALSE,Neil,0.50,-1.99%,03/20/2024
,TRUE,03/21/2024,QCOM,Range,TODL,,"7,500.00",168.17,169.01,160.00,163.69,164.51,920,FALSE,TRUE,Miggoy,,-0.91%, 
,FALSE,03/21/2024,SYM,Reset,ODL,,"7,500.00",47.90,48.14,42.00,44.23,45.07,"1,280",TRUE,FALSE,Neil,-0.25,-6.99%,03/21/2024
,FALSE,03/21/2024,XP,reset,ODL,,"7,500.00",26.32,26.45,24.00,24.69,25.23,"3,240",FALSE,TRUE,Neil,,0.27%, 
,FALSE,03/21/2024,COPX,Reversal,LABAN,,"3,750.00",42.44,42.65,38.68,38.68,40.67,"1,000",FALSE,TRUE,Neil,,1.58%, 
,FALSE,03/21/2024,TLRY,reversal,ODL,,"3,750.00",2.05,2.06,1.60,1.79,1.83,"8,340",TRUE,FALSE,Paul,1.00,26.67%,03/21/2024
,FALSE,03/21/2024,ARM,bluesky,ODL,,"7,500.00",133.29,133.96,120.00,125.24,126.98,570,TRUE,FALSE,Neil,0.50,-6.44%,03/21/2024
,FALSE,03/21/2024,SOXL,Range ,ODL,Chose to do this over NVDA and AMD,"7,500.00",44.37,44.59,38.95,40.61,41.77,"1,390",FALSE,TRUE,Paul,,0.48%, 
,FALSE,03/22/2024,TPR,Blue sky,ODL,,"7,500.00",48.81,49.05,46.16,47.25,47.61,"2,840",FALSE,TRUE,Neil,,2.45%, 
,FALSE,03/22/2024,LLY,Blue sky,ODL,,"7,500.00",800.79,804.79,727.62,758.27,766.21,110,FALSE,TRUE,Neil,,-1.31%, 
,,03/25/2024,OKTA,Range,ODL,,"7,500.00",107.31,107.85,100.00,62.99,103.92,"1,030",TRUE,FALSE,Neil,-0.25,-2.04%,03/25/2024
,TRUE,03/26/2024,NVO,Range,ODL,tighten,"7,500.00",130.25,130.90,127.10,128.70,129.00,"2,390",FALSE,TRUE,Miggoy,,-2.28%, 
,TRUE,03/26/2024,NXT,Coil,ODL,safety stop,"7,500.00",62.15,62.46,56.12,58.02,59.29,"1,250",FALSE,TRUE,Neil,,-7.64%, 
,TRUE,03/26/2024,PSTG,Range,ODL,tighten,"7,500.00",53.41,53.68,48.88,51.54,51.28,"1,660",TRUE,FALSE,Neil,-0.25,-0.98%,03/26/2024
,TRUE,03/27/2024,MNST,RANGE,ODL,,"7,500.00",,,,,,,FALSE,TRUE,Monette,,-5.49%, 
,FALSE,03/28/2024,COPX,Reversal,ODL,,"3,750.00",42.20,42.41,39.68,40.49,41.05,"1,490",TRUE,FALSE,Neil,1.00,5.04%,03/28/2024
,TRUE,04/01/2024,QCOM,Bluesky,ODL,,"7,500.00",169.90,170.75,163.80,166.96,167.27,"1,230",TRUE,FALSE,Miggoy,0.50,1.11%,04/01/2024
,FALSE,04/01/2024,AMD,Range,ODL,,"7,500.00",183.41,184.33,172.00,177.30,178.16,660,TRUE,FALSE,Miggoy,-0.50,-7.33%,04/01/2024
,TRUE,04/01/2024,PSN,bluesky,ODL,,"7,500.00",84.20,84.62,79.25,81.02,81.94,"1,520",FALSE,TRUE,Neil,,0.59%, 
,FALSE,04/01/2024,XP,Reset,ODL,,"7,500.00",26.32,26.45,24.52,25.24,25.49,"4,170",FALSE,TRUE,Neil,,-0.99%, 
,FALSE,04/01/2024,ORCL,Range,ODL,,"7,500.00",126.18,126.81,122.97,124.46,124.89,"2,340",TRUE,FALSE,Neil,-0.50,-0.90%,04/01/2024
,TRUE,04/01/2024,ANF,Reset,ODL,,"3,750.00",126.00,126.63,114.48,119.46,120.56,330,TRUE,FALSE,Miggoy,0.00,-9.42%,04/01/2024
,TRUE,04/03/2024,KRE,OPTIONS,ODL,SHORT,"7,500.00",,,,,,,TRUE,FALSE,Miggoy,-0.50,-2.86%,04/03/2024
,FALSE,04/03/2024,CPNG,Range,ODL,reversal,"7,500.00",18.32,18.41,17.34,17.66,17.88,"7,660",TRUE,FALSE,Neil,0.00,4.54%,04/03/2024
,FALSE,04/03/2024,GNTX,Coil,ODL,,"7,500.00",36.59,36.77,35.27,35.73,36.02,"5,690",FALSE,TRUE,Neil,,-2.39%, 
,TRUE,04/04/2024,LLY,Coil,ODL,,"7,500.00",800.80,804.80,727.61,765.40,766.21,110,FALSE,TRUE,Neil,,-1.11%, 
,FALSE,04/04/2024,CIBR,Coil,ODL,,"3,750.00",56.43,56.71,55.19,55.44,55.95,"3,030",FALSE,TRUE,Neil,,1.71%, 
,TRUE,04/04/2024,NVO,Range,TODL,,"7,500.00",128.14,128.78,123.13,125.37,125.96,"1,500",FALSE,TRUE,Paul,,1.16%, 
,FALSE,04/04/2024,AMD,Range,ODL,,"7,500.00",183.73,184.65,171.99,176.69,178.32,640,FALSE,TRUE,Jeremy,,2.82%, 
,FALSE,04/08/2024,LLY,Flat coil,ODL,,"7,500.00",793.68,797.65,753.49,763.08,775.57,190,FALSE,TRUE,Miggoy,,-3.41%, 
,FALSE,04/08/2024,IBIT,bluesky-ish/range,ODL,,"3,750.00",41.20,41.41,35.40,37.95,38.40,650,FALSE,TRUE,Paul,,-11.89%, 
,FALSE,04/09/2024,HIMS,RANGE,ODL,,"7,500.00",15.17,15.25,14.05,14.44,14.65,"6,700",TRUE,FALSE,Monette,-0.50,-12.78%,04/09/2024
,FALSE,04/10/2024,GNTX,Coil,ODL,,"7,500.00",36.47,36.65,35.38,35.80,36.02,"6,890",FALSE,TRUE,Neil,,-4.75%, 
,TRUE,04/11/2024,KRE,Reversal,ODL,Enter 46.50,"7,500.00",46.50,46.27,50.50,48.21,48.38,"-1,880",TRUE,FALSE,Miggoy,-0.25,-1.77%,04/11/2024
,TRUE,04/11/2024,SMCI,Range,ODL,,"7,500.00",924.01,928.63,811.99,870.99,870.31,70,TRUE,FALSE,Neil,-0.25,-0.94%,04/11/2024
,FALSE,04/11/2024,PBF,Range,TODL,,"7,500.00",59.60,59.90,57.35,57.94,58.62,"3,340",TRUE,FALSE,Monette,-0.25,-7.61%,04/11/2024
,FALSE,04/12/2024,SOXX,Coil,ODL,,"7,500.00",229.18,230.33,212.64,220.05,221.48,460,FALSE,TRUE,Neil,,-9.02%, 
,FALSE,04/12/2024,AMAT,Coil,ODL,,"7,500.00",214.92,215.99,201.66,208.35,208.83,570,FALSE,TRUE,Neil,,-8.70%, 
,FALSE,04/12/2024,CIBR,Coil,ODL,,"3,750.00",56.58,56.86,55.02,55.30,55.94,"2,410",FALSE,TRUE,Neil,,-4.05%, 
,FALSE,04/15/2024,ICLN,reset short,ODL,,"3,750.00",13.36,13.29,14.22,13.94,13.76,"-4,370",TRUE,FALSE,Neil,-0.25,-0.76%,04/15/2024
,FALSE,04/15/2024,SARK,reversal,ODL,,"3,750.00",29.04,29.19,26.15,27.58,27.67,"1,300",TRUE,FALSE,Neil,0.50,4.20%,04/15/2024
,FALSE,04/16/2024,UUP,reversal,LABAN,,"3,750.00",28.92,29.06,27.70,28.39,28.38,"3,080",TRUE,FALSE,Neil,-0.25,-0.48%,04/16/2024
,FALSE,04/22/2024,XOP,Pullback range,TODL,,"7,500.00",154.37,155.14,149.00,151.17,152.07,"1,400",TRUE,FALSE,Paul,-0.25,2.34%,
,FALSE,04/22/2024,CPNG,Pullback,SINA,,"3,750.00",22.37,22.48,21.34,21.75,21.91,"3,650",TRUE,FALSE,Paul,-0.25,2.85%,
,FALSE,04/23/2024,CPNG,MOMO,TODL,,"3,750.00",22.58,22.69,21.34,21.81,22.02,"3,030",FALSE,TRUE,Neil,,-0.97%,
,FALSE,04/24/2024,VFF,Bluesky,TODL,,"3,750.00",1.45,1.46,1.10,1.22,1.28,"10,720",TRUE,FALSE,Neil,0.00,0.76%,
,FALSE,04/25/2024,HYG,reversal,ODL,"Options if there is volume, cut if new high.","3,750.00",,,,,,,TRUE,FALSE,Neil,-0.25,0.50%,
,FALSE,04/25/2024,CPNG,OPTIONS,LABAN,,"1,000.00",,,,,,,TRUE,FALSE,Miggoy,-0.25,-2.30%,
,FALSE,04/26/2024,KWEB,Reversal,LABAN,(Or options),"3,750.00",options 2-3mo expiry,,,,,,TRUE,FALSE,Neil,1.50,6.49%,
,FALSE,04/26/2024,COPX,Flag pullback,TODL,safety stop,"7,500.00",47.26,47.50,41.95,44.60,44.72,"1,420",TRUE,FALSE,Neil,-0.25,-1.85%,
,FALSE,04/26/2024,GLD,pullback,TODL,,"7,500.00",217.07,218.16,206.38,213.00,212.27,710,FALSE,TRUE,Paul,,-1.69%,
,FALSE,04/26/2024,PDD,Reset,TODL,Options of favorites at 100D,"3,750.00",options 2 months out. ITM,,,,,,TRUE,FALSE,Neil,0.50,8.41%,
,FALSE,04/29/2024,KRE,Reversal,LABAN,Put Options,"3,750.00",,,,,,,FALSE,TRUE,Miggoy,,4.75%,
,FALSE,04/29/2024,INDA,Reset,ODL,VCP,"3,750.00",52.46,52.72,50.00,51.70,51.36,"1,530",TRUE,FALSE,Miggoy,-0.25, ,
,FALSE,05/01/2024,KWEB,Options,LABAN,,"3,750.00",,,,,,,FALSE,TRUE,Miggoy,,5.72%,
,FALSE,05/03/2024,URA,Reset,TODL,,"7,500.00",31.00,31.16,29.62,29.82,30.39,"5,440",TRUE,FALSE,Neil,-0.25,1.27%,
,FALSE,05/03/2024,GEV,pullback,TODL,,"7,500.00",156.71,157.49,149.41,151.65,153.45,"1,030",TRUE,FALSE,Neil,1.50,0.61%,
,FALSE,05/03/2024,GOOGL,pullback,TODL,,"7,500.00",167.13,167.97,160.00,163.88,163.98,"1,060",FALSE,TRUE,Neil,,0.84%,
,FALSE,05/03/2024,KEX,pullback,TODL,,"3,750.00",110.21,110.76,106.36,108.21,108.56,980,FALSE,TRUE,Paul,,4.03%,
,FALSE,05/06/2024,GOOGL,Pullback,TODL,,"7,500.00",167.97,168.81,159.83,163.04,164.32,930,TRUE,FALSE,Miggoy,-0.25,0.62%,
,FALSE,05/06/2024,URA,Reset,ODL,,"7,500.00",31.50,31.66,27.99,30.25,29.82,"2,140",TRUE,FALSE,Neil,-0.25,-2.74%,
,FALSE,05/07/2024,SMCI,falling coil,ODL,,"7,500.00",850.08,854.33,671.00,786.89,762.67,50,FALSE,TRUE,Jeremy,,0.38%,
,FALSE,05/07/2024,COIN,falling coil,ODL,,"7,500.00",235.80,236.98,198.19,220.60,217.58,200,FALSE,TRUE,Neil,,-5.27%,
,FALSE,05/07/2024,PSTG,Coil,ODL,,"7,500.00",55.10,55.38,49.44,52.41,52.41,"1,330",TRUE,FALSE,Neil,1.00,6.07%,
,FALSE,05/09/2024,AMD,Falling Coil,LABAN,OPTIONS,"3,750.00",,,,,,,TRUE,FALSE,Miggoy,0.00,6.71%,
,FALSE,05/10/2024,TGB,Coil,ODL,,"7,500.00",2.61,2.62,2.21,2.44,2.42,"18,750",TRUE,FALSE,Neil,-0.25,16.47%,
,FALSE,05/10/2024,CRWD,Reset,ODL,,"7,500.00",322.00,323.61,281.39,306.50,302.50,190,TRUE,FALSE,Neil,0.50,7.85%,
,FALSE,05/10/2024,NVO,Coil,ODL,,"7,500.00",130.47,131.12,121.28,126.37,126.20,820,FALSE,TRUE,Neil,,2.70%,
,FALSE,05/10/2024,TWST,SINA,TODL,,"3,750.00",43.45,43.67,38.53,40.90,41.10,770,TRUE,FALSE,Neil,-0.25,10.95%,
,FALSE,05/10/2024,IBIT,Coil,ODL,,"7,500.00",36.70,36.88,32.19,34.65,34.54,"1,670",TRUE,FALSE,Neil,0.50,10.70%,
,TRUE,05/16/2024,LLY,Reset,ODL,,"7,500.00",795.51,799.49,717.58,751.10,758.53,100,TRUE,FALSE,Neil,-0.25,4.84%,
,TRUE,05/16/2024,COIN,Falling coil,ODL,,"7,500.00",223.01,224.13,194.93,207.70,209.53,270,TRUE,FALSE,Jeremy,-0.25,9.89%,
,FALSE,05/17/2024,RUN,Reversal,ODL,,"7,500.00",13.31,13.38,10.90,11.71,12.14,"3,120",FALSE,TRUE,Neil,,12.62%,
,FALSE,05/20/2024,XLE,Falling Coil,ODL,,"7,500.00",95.20,95.68,90.76,93.00,93.22,"1,690",TRUE,FALSE,Miggoy,-0.25,-2.14%,
,FALSE,05/20/2024,UEC,Reset,ODL,,"7,500.00",7.59,7.63,6.80,7.05,7.21,"9,500",TRUE,FALSE,Neil,-0.25,-0.53%,
,FALSE,05/21/2024,FTI,Coil,ODL,,"7,500.00",27.31,27.45,26.00,26.46,26.72,"5,730",FALSE,TRUE,Neil,,-1.17%,
,FALSE,05/21/2024,DOCU,Reset,ODL,,"7,500.00",61.48,61.79,57.12,58.93,59.45,"1,730",FALSE,TRUE,Neil,,-3.64%,
,FALSE,05/21/2024,APP,Pullback,TODL,,"3,750.00",85.16,85.59,78.99,81.42,82.29,610,FALSE,TRUE,Neil,,-0.92%,
,FALSE,05/23/2024,RUN,Reversal,ODL,,"7,500.00",13.39,13.46,11.00,11.99,12.23,"3,140",TRUE,FALSE,Neil,-0.50,20.93%,
,FALSE,05/23/2024,TAN,OPTIONS,LABAN,,"3,750.00",,,,,,,FALSE,TRUE,Miggoy,,8.55%,
,TRUE,05/23/2024,ONON,Momentum,SINA,,"3,750.00",37.94,38.13,36.09,36.89,37.11,"2,030",TRUE,FALSE,Neil,-0.25,10.91%,
,FALSE,05/28/2024,BE,Momentum,SINA,,"3,750.00",16.81,16.89,15.00,15.80,15.95,"2,080",TRUE,FALSE,Monette,0.00,-9.13%,
,FALSE,05/28/2024,COIN,Reset,ODL,,"7,500.00",239.01,240.21,194.92,218.60,217.56,180,TRUE,FALSE,Neil,-0.25,-0.33%,
,FALSE,05/29/2024,XOP,Falling Coil,ODL,,"7,500.00",152.50,153.26,146.72,149.99,149.99,"1,300",TRUE,FALSE,Miggoy,-0.50,-1.66%,
,TRUE,05/30/2024,CPNG,Coil,ODL,,"7,500.00",23.78,23.90,21.25,22.57,22.57,"2,970",FALSE,TRUE,Neil,,-5.77%,
,FALSE,05/31/2024,DUK,RANGE,ODL,,"7,500.00",101.54,102.05,100.02,100.02,101.03,"4,940",FALSE,TRUE,Paul,,-0.92%,
,FALSE,05/31/2024,LLY,Reset,ODL,buyback,"7,500.00",820.62,824.72,767.12,787.08,795.92,150,TRUE,FALSE,Paul,2.00,3.61%,
,FALSE,05/31/2024,NU,VCP,ODL,,"7,500.00",12.40,12.46,11.14,11.70,11.80,"5,960",FALSE,TRUE,Monette,,0.08%,
,TRUE,06/03/2024,TCOM,50 Range,ODL,,"3,750.00",52.07,52.33,49.99,49.99,51.16,"1,810",TRUE,FALSE,Miggoy,-0.25,-0.19%,
,FALSE,06/03/2024,CVE,Coil,ODL,,"7,500.00",21.09,21.20,19.77,20.49,20.48,"5,690",FALSE,TRUE,Neil,,-1.02%,
,TRUE,06/03/2024,PLTR,Reset,ODL,,"7,500.00",22.21,22.32,19.75,21.01,21.04,"3,050",TRUE,FALSE,Miggoy,0.50,8.49%,
,FALSE,06/03/2024,XHB,50 Range,ODL,,"3,750.00",105.67,106.20,101.91,101.91,104.05,"1,000",FALSE,TRUE,Miggoy,,-1.41%,
,TRUE,06/04/2024,ANF,Momentum,SINA,,"3,750.00",179.54,180.44,169.29,172.54,174.86,370,FALSE,TRUE,Miggoy,,9.51%,
,FALSE,06/04/2024,NVO,Reset,ODL,,"7,500.00",137.23,137.92,129.07,132.45,133.49,920,TRUE,FALSE,Paul,2.50,1.34%,
,FALSE,06/05/2024,IBIT,reset VCP,ODL,,"7,500.00",42.00,42.21,36.70,38.24,39.46,"1,420",FALSE,TRUE,Paul,,-5.46%,
,FALSE,06/05/2024,ENPH,big pic reversal,ODL,,"7,500.00",139.66,140.36,111.21,121.18,125.78,270,FALSE,TRUE,Paul,,0.96%,
,FALSE,06/05/2024,BROS,Reversal,ODL,,"7,500.00",38.42,38.61,30.69,33.89,34.65,980,TRUE,FALSE,Neil,1.00,3.80%,
,TRUE,06/06/2024,APP,bluesky,ODL,,"7,500.00",88.51,88.95,77.90,83.43,83.43,710,FALSE,TRUE,Neil,,-9.11%,
,FALSE,06/07/2024,NU,Reset,ODL,,"7,500.00",12.51,12.57,11.20,11.72,11.89,"5,730",FALSE,TRUE,Neil,,-1.09%,
,FALSE,06/07/2024,CPNG,COIL,LABAN,OPTIONS,"3,750.00",Miggoy,,Miggoy,Miggoy,#VALUE!,#VALUE!,FALSE,TRUE,Miggoy,,-2.01%,
,TRUE,06/07/2024,RACE,Reset,ODL,,"3,750.00",433.75,435.92,399.00,417.46,417.46,110,FALSE,TRUE,Miggoy,,-0.71%,
,FALSE,06/11/2024,ENPH,reversal,ODL,,"7,500.00",135.01,135.69,105.00,121.99,120.34,250,FALSE,TRUE,Paul,,-10.12%,
,FALSE,06/13/2024,DOCN,Reset,ODL,,"7,500.00",40.31,40.51,34.99,37.55,37.75,"1,410",FALSE,TRUE,Neil,,-7.12%,
,FALSE,06/14/2024,CLSK,Reset,ODL,,"7,500.00",19.01,19.11,14.00,16.67,16.55,"1,500",TRUE,FALSE,Neil,-0.25,-2.37%,
,TRUE,06/17/2024,KRE,Reset,LABAN,Options (Puts),"3,750.00",,,,,,,TRUE,FALSE,Miggoy,-0.25,1.45%,
,FALSE,06/17/2024,AMKR,Reset,ODL,entered through pullback setup,"3,750.00",36.35,36.53,33.48,33.89,35.01,"1,310",TRUE,FALSE,Neil,2.00,1.53%,
,TRUE,06/18/2024,NU,Reset,ODL,,"7,500.00",12.51,12.57,11.26,11.92,11.92,"6,000",TRUE,FALSE,Neil,0.50,6.93%,
,FALSE,06/24/2024,TSLA,reversal cheat,ODL,,"7,500.00",191.10,192.06,167.40,178.99,179.73,320,TRUE,FALSE,Paul,2.00,14.94%,
,TRUE,06/25/2024,XHB,Reset,ODL,,"7,500.00",105.78,106.31,99.50,102.57,102.90,"1,200",FALSE,TRUE,Neil,,-2.50%,
,TRUE,06/25/2024,QCOM,Range,LABAN,OPTIONS,"3,750.00",miggoy,,,,,,TRUE,FALSE,Miggoy,-0.25,-0.99%,
,FALSE,06/25/2024,AEP,Coil,ODL,,"7,500.00",88.66,89.10,85.30,86.88,87.20,"2,240",FALSE,TRUE,Neil,,0.84%,
,TRUE,06/25/2024,BZ,Coil,ODL,,"7,500.00",20.90,21.00,19.13,19.67,20.07,"4,240",FALSE,TRUE,Miggoy,,-4.86%,
,FALSE,06/25/2024,SNAP,Coil,ODL,,"7,500.00",16.01,16.09,14.81,15.45,15.45,"6,250",TRUE,FALSE,Neil,1.00,-2.69%,
,FALSE,06/26/2024,SMH,Pullback,TODL,,"3,750.00",263.09,264.41,250.50,255.08,257.45,300,FALSE,TRUE,Neil,,3.34%,
,FALSE,06/26/2024,MNDY,Coil,ODL,,"3,750.00",227.77,228.91,209.96,219.43,219.43,220,TRUE,FALSE,Neil,0.50,6.01%,
,TRUE,06/28/2024,SMCI,OPTIONS,LABAN,CALLS,"3,750.00",,,,,,,FALSE,TRUE,Miggoy,,3.32%,
,FALSE,06/28/2024,AEP,Coil,ODL,,"7,500.00",88.66,89.10,85.42,87.26,87.26,"2,320",TRUE,FALSE,Neil,-0.50,0.14%,
,TRUE,06/28/2024,CRWD,flat pullback,TODL,,"3,750.00",394.65,396.62,367.10,379.93,381.86,140,FALSE,TRUE,Neil,,1.69%,
,FALSE,06/28/2024,ENVX,momentum,SINA,,"3,750.00",15.85,15.93,14.39,15.16,15.16,"2,570",TRUE,FALSE,Neil,-0.25,3.49%,
,TRUE,07/01/2024,QCOM,50D Range,ODL,Size and Cut,"3,750.00",203.95,204.97,193.83,193.83,199.40,380,TRUE,FALSE,Miggoy,0.50,3.93%,
,TRUE,07/01/2024,ONON,50D Range,ODL,Size and Cut,"3,750.00",39.90,40.10,37.70,37.70,38.90,"1,710",FALSE,TRUE,Miggoy,,-0.26%,
,FALSE,07/02/2024,TME,coil,ODL,,"7,500.00",14.68,14.75,13.54,14.10,14.15,"6,580",TRUE,FALSE,Neil,-0.25,5.82%,
,TRUE,07/03/2024,SMCI,Reset Probe,ODL,,"3,750.00",850.93,855.18,773.80,773.80,814.49,50,TRUE,FALSE,Jeremy,0.50,6.26%,
,FALSE,07/03/2024,XLF,Options,LABAN,,"3,750.00",,,,,,,TRUE,FALSE,Miggoy,0.00,0.87%,
,FALSE,07/03/2024,GLD,COIL,ODL,,"3,750.00",216.10,217.18,211.53,214.36,214.36,830,FALSE,TRUE,Jeremy,,0.63%,
,TRUE,07/03/2024,CRBG,Coil,ODL,,"7,500.00",30.01,30.16,28.14,28.87,29.15,"4,020",FALSE,TRUE,Neil,,2.04%,
,FALSE,07/03/2024,NXPI,Coil,ODL,,"7,500.00",273.84,275.21,259.99,267.60,267.60,550,FALSE,TRUE,Neil,,3.70%,
,FALSE,07/03/2024,COPX,coil,ODL,,"3,750.00",46.42,46.65,43.33,45.17,44.99,"1,220",FALSE,TRUE,Paul,,0.51%,
,TRUE,07/05/2024,BZ,range,ODL,,"3,750.00",19.12,19.22,18.26,18.26,18.74,"4,370",FALSE,TRUE,Jeremy,,7.98%,
,FALSE,07/05/2024,TGTX,Reversal,ODL,VCP,"7,500.00",19.50,19.60,17.42,18.49,18.51,"3,610",TRUE,FALSE,Miggoy,1.50,11.47%,
,FALSE,07/05/2024,BTBT,Reversal,ODL,,"7,500.00",3.71,3.73,2.94,3.32,3.33,"9,750",TRUE,FALSE,Paul,-0.25,6.44%,
,FALSE,07/05/2024,GLD,Reset,ODL,,"3,750.00",218.75,219.84,210.71,214.53,215.28,470,FALSE,TRUE,Miggoy,,0.99%,
,TRUE,07/08/2024,DUK,coil,ODL,,"7,500.00",101.27,101.78,98.13,99.95,99.95,"2,390",TRUE,FALSE,Paul,1.00,4.65%,
,FALSE,07/08/2024,CRWD,bluesky,ODL,,"7,500.00",394.65,396.62,360.00,378.31,378.31,220,TRUE,FALSE,Neil,-0.25,-3.41%,
,TRUE,07/08/2024,GCT,Reset Cheat,ODL,,"3,750.00",34.08,34.25,28.19,31.22,31.22,640,TRUE,FALSE,Neil,-0.25,-5.30%,
,FALSE,07/08/2024,SO,Coil,ODL,,"7,500.00",78.64,79.03,76.64,77.84,77.84,"3,750",FALSE,TRUE,Neil,,2.89%,
,TRUE,07/12/2024,SMCI,reset,ODL,,"7,500.00",972.32,977.18,741.22,859.20,859.20,40,FALSE,TRUE,Paul,,-12.44%,
,FALSE,07/12/2024,TME,reset,ODL,,"7,500.00",15.64,15.72,13.55,14.63,14.63,"3,590",FALSE,TRUE,Paul,,-5.75%,
,TRUE,07/15/2024,ACMR,Reset,ODL,,"3,750.00",25.34,25.47,21.32,23.39,23.39,940,TRUE,FALSE,Miggoy,-0.50,-15.83%,
,TRUE,07/15/2024,COIN,Reset,ODL,Probe,"3,750.00",227.16,228.30,194.92,211.61,211.61,120,FALSE,TRUE,Miggoy,,9.18%,
,FALSE,07/17/2024,XLP,Coil,ODL,,"7,500.00",78.62,79.01,75.72,77.37,77.37,"2,590",TRUE,FALSE,Neil,-0.50,-1.21%,
,FALSE,07/17/2024,COIN,Reset,LABAN,OPTIONS,"3,750.00",Miggoy,,,,,,TRUE,FALSE,Miggoy,-0.50,-1.62%,
,TRUE,07/19/2024,TKO,Range,ODL,50 Day,"3,750.00",106.69,107.22,103.50,105.43,105.36,"1,180",FALSE,TRUE,Miggoy,,3.17%,
,FALSE,07/22/2024,MARA,10D PB,ODL,,"3,750.00",25.51,25.64,20.79,23.35,23.21,800,TRUE,FALSE,Neil,-0.50,-14.61%,
,FALSE,07/22/2024,IWM,OPTIONS,LABAN,,"3,750.00",,,,,,,TRUE,FALSE,Miggoy,0.50,0.65%,
,FALSE,07/22/2024,XLRE,10D PB,ODL,safety stop,"3,750.00",41.37,41.58,39.93,40.75,40.75,"2,610",FALSE,TRUE,Neil,,0.20%,
,FALSE,07/23/2024,NVDA,50D range,ODL,,"3,750.00",124.15,124.77,116.69,116.69,120.73,510,TRUE,FALSE,Jeremy,-0.50,-15.38%,
,FALSE,07/23/2024,XLI,10d PB,ODL,safety stop,"3,750.00",128.32,128.96,123.20,124.46,126.08,740,FALSE,TRUE,Neil,,0.44%,
,FALSE,07/23/2024,XLK,50Drange,ODL,,"3,750.00",226.87,228.00,220.37,220.37,224.19,580,TRUE,FALSE,Jeremy,-0.50,-6.79%,
,FALSE,07/24/2024,ZIM,Range,ODL,,"3,750.00",18.61,18.70,16.50,16.50,17.60,"1,780",FALSE,TRUE,Paul,,11.05%,
,TRUE,07/25/2024,TME,Coil,ODL,Safety Stop,"7,500.00",15.78,15.86,14.25,15.05,15.05,"4,910",FALSE,TRUE,Miggoy,,-7.90%,
,TRUE,07/26/2024,ANF,Range ,ODL,,"3,750.00",156.87,157.65,140.27,140.27,148.96,230,FALSE,TRUE,Paul,,-13.36%,
,FALSE,07/29/2024,ADBE,Range,ODL,,"3,750.00",545.51,548.24,521.22,521.22,534.73,160,FALSE,TRUE,Miggoy,,-5.09%,
,FALSE,07/29/2024,GOOGL,Options,LABAN,,"3,750.00",,,,,,,TRUE,FALSE,Miggoy,0.00,-6.06%,
,TRUE,07/30/2024,AEHR,pullback,SINA,,"1,500.00",19.44,19.54,16.30,17.92,17.92,480,TRUE,FALSE,Miggoy,-0.25,-25.08%,
,FALSE,08/01/2024,SOXX,Range,ODL,,"3,750.00",236.00,237.18,219.80,228.96,228.49,240,FALSE,TRUE,Miggoy,,-2.46%,
,FALSE,08/06/2024,KRE,Range,ODL,LONG,"3,750.00",53.08,53.35,49.39,50.52,51.37,"1,020",TRUE,FALSE,Miggoy,0.50,0.82%,
,TRUE,08/06/2024,QCOM,Range,ODL,,"3,750.00",162.83,163.64,147.60,151.39,155.62,250,TRUE,FALSE,Paul,-0.25,6.77%,
,FALSE,08/06/2024,CUBE,Reversal,ODL,Safety Stop,"7,500.00",49.61,49.86,45.84,46.69,47.85,"1,990",TRUE,FALSE,Miggoy,0.50,2.10%,
,FALSE,08/07/2024,QQQ,Range,ODL,,"3,750.00",448.17,450.41,423.45,433.39,436.93,160,TRUE,FALSE,Jeremy,-0.25,6.43%,
,FALSE,08/07/2024,BX,Range,ODL,,"3,750.00",132.83,133.49,126.76,128.79,130.13,620,FALSE,TRUE,Paul,,6.72%,
,FALSE,08/07/2024,NVDA,range,ODL,,"3,750.00",107.72,108.26,97.40,100.54,102.83,370,TRUE,FALSE,Jeremy,-0.25,19.38%,
,TRUE,08/09/2024,QCOM,Range,ODL,,"3,750.00",167.03,167.87,151.38,159.62,159.62,240,FALSE,TRUE,Miggoy,,4.68%,
,FALSE,08/09/2024,NVDA,Range,ODL,,"3,750.00",107.14,107.68,90.69,97.51,99.18,230,TRUE,FALSE,Miggoy,1.50,18.93%,
,FALSE,08/09/2024,FULT,Range,ODL,,"3,750.00",17.47,17.56,16.14,16.85,16.85,"2,820",TRUE,FALSE,Neil,0.50,4.86%,
,TRUE,08/12/2024,GEHC,Reversal,ODL,,"7,500.00",85.01,85.44,78.77,82.10,82.10,"1,210",TRUE,FALSE,Neil,-0.25,3.91%,
,TRUE,08/12/2024,AXON,momentum,SINA,,"3,750.00",372.01,373.87,344.00,358.95,358.94,140,TRUE,FALSE,Paul,-0.25,1.37%,
,TRUE,08/13/2024,TKO,Momentum,SINA,,"3,750.00",120.01,120.61,114.38,116.95,117.50,670,TRUE,FALSE,Miggoy,-0.25,0.14%,
,TRUE,08/13/2024,BIRK,Coil,ODL,Safety Stop,"3,750.00",60.31,60.61,53.04,56.72,56.83,520,TRUE,FALSE,Miggoy,0.50,2.14%,
,FALSE,08/16/2024,RL,Range,ODL,Draw the lines,"3,750.00",166.98,167.81,155.95,161.88,161.88,340,FALSE,TRUE,Miggoy,,6.92%,
,FALSE,08/16/2024,GLD,reset,ODL,,"7,500.00",229.66,230.81,217.50,223.99,224.15,620,TRUE,FALSE,Paul,-0.50,0.01%,
,TRUE,08/20/2024,FSLR,reversal,ODL,,"7,500.00",233.00,234.17,199.36,216.76,216.76,230,FALSE,TRUE,Neil,,6.91%,
,FALSE,08/22/2024,META,Reset,ODL,options,"3,750.00",,,,,,,TRUE,FALSE,Neil,-0.50,-2.58%,
,FALSE,08/22/2024,FLUT,PB,ODL,,"3,750.00",212.38,213.44,200.00,206.71,206.72,310,FALSE,TRUE,Neil,,0.43%,
,TRUE,08/26/2024,FSLR,Reversal,ODL,,"7,500.00",232.88,234.04,200.29,217.17,217.17,240,FALSE,TRUE,Neil,,-8.77%,
,FALSE,08/27/2024,AMH,Reset,ODL,Safety Stop,"7,500.00",38.92,39.11,37.27,38.19,38.19,"4,550",TRUE,FALSE,Miggoy,0.50,1.96%,
,FALSE,08/28/2024,GEV,PB,ODL,safety stop,"3,750.00",190.81,191.76,173.06,179.90,182.41,220,TRUE,FALSE,Neil,-0.50,8.49%,
,FALSE,08/28/2024,PAYX,PB,ODL,safety stop,"3,750.00",131.50,132.16,127.80,129.13,129.98,"1,020",TRUE,FALSE,Neil,-0.50,1.58%,
,FALSE,08/29/2024,FLUT,reset,ODL,,"7,500.00",215.20,216.28,199.14,205.24,207.71,470,TRUE,FALSE,Neil,-0.25,2.18%,
,TRUE,08/29/2024,DUK,bluesky,ODL,,"7,500.00",114.56,115.13,108.82,111.85,111.98,"1,310",TRUE,FALSE,Neil,0.50,3.42%,
,FALSE,09/03/2024,GD,Reset,ODL,,"7,500.00",302.76,304.27,285.00,295.17,294.64,430,FALSE,TRUE,Neil,,2.54%,
,TRUE,09/05/2024,RKLB,PB,ODL,,"3,750.00",6.51,6.54,5.59,5.96,6.07,"4,080",FALSE,TRUE,Neil,,12.83%,
,FALSE,09/05/2024,ROST,PB,ODL,,"3,750.00",153.21,153.98,148.00,148.97,150.99,720,TRUE,FALSE,Neil,-1.00,-0.30%,
,FALSE,09/06/2024,FLUT,Reset/reversal,ODL,,"7,500.00",215.83,216.91,201.13,207.49,209.02,520,TRUE,FALSE,Paul,1.50,3.65%,
,FALSE,09/06/2024,NVDA,range,ODL,,"7,500.00",110.01,110.56,97.52,104.11,104.04,610,FALSE,TRUE,Paul,,15.82%,
,FALSE,09/06/2024,YUMC,Reversal,ODL,Safety Stop,"7,500.00",34.65,34.82,31.99,33.31,33.41,"2,820",TRUE,FALSE,Miggoy,-0.25,3.32%,
,FALSE,09/09/2024,TGTX,Range,ODL,,"3,750.00",22.42,22.53,20.39,21.46,21.46,"1,850",FALSE,TRUE,Miggoy,,4.80%,
,TRUE,09/09/2024,ONON,Neil PB,ODL,,"3,750.00",45.55,45.78,42.00,43.89,43.89,"1,060",FALSE,TRUE,Miggoy,,12.44%,
,FALSE,09/10/2024,NVDA,Range,ODL,,"7,500.00",109.23,109.78,97.50,103.63,103.64,640,TRUE,FALSE,Paul,0.50,6.93%,
,FALSE,09/10/2024,GD,Reset,ODL,,"7,500.00",303.11,304.63,279.06,291.83,291.84,320,TRUE,FALSE,Neil,-0.25,0.48%,
,FALSE,09/10/2024,AGI,Range,ODL,AGI US not NSE,"3,750.00",18.45,18.54,17.43,17.98,17.99,"3,680",FALSE,TRUE,Miggoy,,9.30%,
,TRUE,09/11/2024,ONON,Neil PB,ODL,,"3,750.00",45.55,45.78,41.97,43.86,43.87,"1,050",TRUE,FALSE,Paul,2.00,9.74%,
,FALSE,09/11/2024,CART,Reset,ODL,safety stop,"7,500.00",37.31,37.50,29.83,33.66,33.66,"1,010",TRUE,FALSE,Neil,0.50,12.88%,
,TRUE,09/11/2024,CPNG,Reset,ODL,safety stop,"10,000.00",24.01,24.13,20.14,22.14,22.14,"2,590",TRUE,FALSE,Neil,0.00,3.25%,
,FALSE,09/12/2024,DOCS,Bluesky,TODL,,"3,750.00",37.56,37.75,34.33,36.11,36.04,"1,170",TRUE,FALSE,Neil,1.50,6.31%,
,FALSE,09/12/2024,UPST,Range,ODL,,"3,750.00",36.10,36.28,30.60,33.40,33.44,690,TRUE,FALSE,Neil,-0.50,10.83%,
,FALSE,09/12/2024,BOX,Momentum,TODL,Neil PB big picture,"3,750.00",33.46,33.63,31.84,32.20,32.73,"2,320",TRUE,FALSE,Neil,-0.25,-0.15%,
,FALSE,09/12/2024,ACVA,Reset,ODL,,"7,500.00",19.87,19.97,16.44,18.19,18.20,"2,190",TRUE,FALSE,Neil,0.00,3.66%,
,FALSE,09/13/2024,FSLR,reversal,ODL,,"7,500.00",244.22,245.44,202.95,224.20,224.20,190,FALSE,TRUE,Neil,,4.99%,
,FALSE,09/13/2024,SPG,Neil PB,ODL,,"3,750.00",164.61,165.43,157.00,161.22,161.22,500,TRUE,FALSE,Miggoy,0.00,1.54%,
,FALSE,09/17/2024,META,Reset,ODL,Safety Stop,"10,000.00",542.82,545.53,446.32,509.95,495.93,110,TRUE,FALSE,Neil,0.50,5.04%,
,TRUE,09/18/2024,FSLR,reversal,ODL,safety stop,"5,000.00",244.22,245.44,203.87,224.19,224.66,130,TRUE,FALSE,Paul,0.00,-0.04%,
,FALSE,09/20/2024,XBI,Reset,ODL,Safety Stop,"10,000.00",103.53,104.05,95.42,99.80,99.73,"1,240",FALSE,TRUE,Miggoy,,-3.13%,
,FALSE,09/20/2024,KRE,Reset,ODL,Safety Stop,"10,000.00",59.61,59.91,52.91,56.09,56.41,"1,500",FALSE,TRUE,Miggoy,,-3.07%,
,TRUE,09/23/2024,FTNT,Coil,ODL,,"10,000.00",78.09,78.48,71.28,74.80,74.88,"1,470",TRUE,FALSE,Neil,-0.25,0.14%,
,FALSE,09/23/2024,CORZ,Neil PB,ODL,,"5,000.00",12.64,12.70,9.13,10.92,10.92,"1,430",TRUE,FALSE,Neil,0.00,-5.04%,
,TRUE,09/24/2024,PTON,Reversal,ODL,(adjusted size to half),"5,000.00",5.27,5.30,4.18,4.74,4.74,"4,590",FALSE,TRUE,Paul,,-16.05%,
,TRUE,09/25/2024,ACGL,Bluesky,ODL,Safety Stop,"5,000.00",114.70,115.27,110.65,112.47,112.96,"1,240",FALSE,TRUE,Miggoy,,0.59%,
,FALSE,09/25/2024,CART,Pullback,ODL,,"5,000.00",40.86,41.06,37.80,39.37,39.43,"1,640",FALSE,TRUE,Miggoy,,-2.59%,
,FALSE,09/25/2024,TOST,Reset,ODL,Safety stop,"10,000.00",28.20,28.34,23.21,26.04,25.78,"2,010",TRUE,FALSE,Neil,-0.50,1.26%,
,FALSE,09/25/2024,AAPL,Reset,ODL,Safety Stop,"10,000.00",233.10,234.27,213.91,224.02,224.09,530,FALSE,TRUE,Miggoy,,0.18%,
,TRUE,09/27/2024,KEX,Reset,ODL,,"5,000.00",127.35,127.99,115.28,121.63,121.63,420,FALSE,TRUE,Neil,,-1.68%,
,FALSE,09/27/2024,NNE,Reset,ODL,,"10,000.00",16.33,16.41,8.70,12.99,12.56,"1,320",TRUE,FALSE,Anj,-0.25,29.35%,
,FALSE,09/30/2024,DECK,Reset,ODL,,"10,000.00",162.05,162.86,146.20,154.39,154.53,640,TRUE,FALSE,Neil,-0.25,-0.39%,
,FALSE,10/01/2024,FLUT,Pullback,ODL,,"5,000.00",238.01,239.20,226.99,233.10,233.10,460,FALSE,TRUE,Miggoy,,0.11%,
,TRUE,10/02/2024,ACGL,Flat Coil,ODL,Re-initiate,"10,000.00",114.70,115.27,107.83,111.38,111.55,"1,460",TRUE,FALSE,Miggoy,-0.50,-0.57%,
,FALSE,10/02/2024,KGS,Neil PB,ODL,,"5,000.00",29.39,29.54,27.69,28.61,28.61,"2,950",FALSE,TRUE,Neil,,6.82%,
,FALSE,10/02/2024,XYL,Reset,ODL,,"10,000.00",136.59,137.27,128.30,132.79,132.79,"1,210",FALSE,TRUE,Neil,,1.42%,
,TRUE,10/03/2024,RCL,Neil PB,ODL,,"5,000.00",178.21,179.10,165.15,172.13,172.13,390,TRUE,FALSE,Paul,2.00,11.80%,
,FALSE,10/03/2024,CORZ,Neil PB,ODL,,"5,000.00",12.14,12.20,10.58,11.42,11.39,"3,210",TRUE,FALSE,Neil,-0.25,-0.42%,
,FALSE,10/03/2024,TXRH,Neil PB,ODL,,"5,000.00",180.70,181.60,165.75,173.68,173.68,340,FALSE,TRUE,Neil,,-0.86%,
,FALSE,10/03/2024,ARQT,Reset,ODL,Safety Stop,"10,000.00",11.34,11.40,8.99,10.19,10.19,"4,260",FALSE,TRUE,Miggoy,,-3.93%,
,FALSE,10/04/2024,NVDA,Reset,ODL,,"10,000.00",127.70,128.34,112.02,120.33,120.18,640,TRUE,FALSE,Paul,0.50,7.91%,
,FALSE,10/07/2024,FLUT,Pullback,ODL,,"5,000.00",238.15,239.34,226.40,232.87,232.87,430,TRUE,FALSE,Miggoy,-0.50,-2.31%,
,FALSE,10/07/2024,CART,Bluesky,ODL,,"10,000.00",41.33,41.54,37.32,39.69,39.43,"2,500",TRUE,FALSE,Neil,0.50,2.12%,
,TRUE,10/07/2024,SHAK,Reset,ODL,VCP,"5,000.00",111.30,111.86,100.98,106.45,106.42,490,TRUE,FALSE,Miggoy,-0.50,-0.54%,
,TRUE,10/07/2024,PRIM,Neil PB,ODL,Safety Stop,"5,000.00",60.27,60.57,56.12,58.33,58.35,"1,210",TRUE,FALSE,Miggoy,-0.25,1.20%,
,FALSE,10/08/2024,ERJ,Range,ODL,,"5,000.00",34.26,34.43,31.76,33.08,33.10,"2,000",TRUE,FALSE,Paul,-0.25, ,
,FALSE,10/09/2024,DECK,Neil PB,ODL,,"5,000.00",Risk protocol,,,,,,FALSE,TRUE,Neil,,0.45%,
,FALSE,10/09/2024,EVGO,MOMO,TODL,Break High,"5,000.00",Risk protocol,,,,,,FALSE,TRUE,Jeremy,,19.69%,
,FALSE,10/09/2024,MSFT ,RANGE,ODL,2day high,"5,000.00",Risk protocol,,,,,,FALSE,TRUE,Jeremy,,-0.32%,
,FALSE,10/10/2024,MSFT,RANGE,ODL,2day high,"5,000.00",420.39,422.49,400.79,411.64,411.64,260,TRUE,FALSE,Jeremy,-0.25,0.21%,
,FALSE,10/10/2024,EVGO,MOMO,TODL,Break High,"5,000.00",7.30,7.34,6.11,6.67,6.72,"4,210",FALSE,TRUE,Jeremy,,24.66%,
,FALSE,10/10/2024,XYL,Reset,ODL,reinitiate,"10,000.00",136.60,137.28,128.48,133.09,132.88,"1,240",TRUE,FALSE,Neil,-0.25,0.74%,
,FALSE,10/10/2024,NIO,Range,ODL,Sell all at resistance,"5,000.00",6.46,6.49,5.67,6.06,6.08,"6,330",FALSE,TRUE,Miggoy,,-17.20%,
,FALSE,10/10/2024,NU,Range,ODL,,"5,000.00",13.62,13.69,12.80,13.15,13.24,"6,100",TRUE,FALSE,Anj,1.00,5.44%,
,FALSE,10/10/2024,GE,bluesky,ODL,,"10,000.00",190.89,191.84,176.67,186.49,184.26,710,TRUE,FALSE,Neil,0.50,2.39%,
,FALSE,10/11/2024,AGI,Range,ODL,,"5,000.00",19.75,19.85,18.57,19.21,19.21,"4,240",TRUE,FALSE,Miggoy,1.00,7.09%,
,FALSE,10/14/2024,ODD,reset,ODL,,"5,000.00",42.01,42.22,35.00,38.62,38.61,720,TRUE,FALSE,Neil,-0.50,-0.40%,
,FALSE,10/14/2024,GRND,Neil PB,ODL,,"5,000.00",12.81,12.87,11.50,12.20,12.19,"3,820",TRUE,FALSE,Neil,-0.25,-2.75%,
,FALSE,10/14/2024,ROKU,reversal ,ODL,,"10,000.00",79.66,80.06,70.12,75.10,75.09,"1,050",FALSE,TRUE,Paul,,0.84%,
,FALSE,10/14/2024,MRVL,Reset,ODL,,"10,000.00",76.01,76.39,65.48,70.95,70.94,950,TRUE,FALSE,Neil,0.50,5.34%,
,FALSE,10/14/2024,DECK,Reset,ODL,,"10,000.00",164.01,164.83,150.00,157.43,157.42,720,FALSE,TRUE,Neil,,-0.45%,
,FALSE,10/15/2024,LUNR,Range,ODL,,"5,000.00",8.01,8.05,6.70,7.39,7.38,"3,820",TRUE,FALSE,Neil,-0.25,6.19%,
,FALSE,10/15/2024,SG,Reset,ODL,Safety Stop,"10,000.00",39.76,39.96,33.60,36.79,36.78,"1,630",FALSE,TRUE,Miggoy,,-3.30%,
,FALSE,10/15/2024,RKLB,Bluesky,ODL,Safety Stop,"5,000.00",10.30,10.35,8.80,9.59,9.58,"3,340",TRUE,FALSE,Anj,1.00,12.27%,
,FALSE,10/16/2024,SHAK,Reset,ODL,VCP,"5,000.00",Risk protocol,,,,,,FALSE,TRUE,Miggoy,,-0.81%,
,FALSE,10/16/2024,PCT,Bluesky,ODL,,"10,000.00",10.01,10.06,7.95,9.02,9.01,"4,860",TRUE,FALSE,Neil,1.00,7.29%,
,FALSE,10/16/2024,ROKU,reversal,ODL,,"10,000.00",79.65,80.05,71.74,75.90,75.89,"1,270",TRUE,FALSE,Paul,-0.25,-5.23%,
,FALSE,10/16/2024,ONON,Range,TODL,,"5,000.00",50.08,50.33,48.15,49.25,49.24,"2,600",FALSE,TRUE,Paul,,-3.56%,
,FALSE,10/16/2024,IBIT,Reset,ODL,,"10,000.00",38.74,38.93,33.47,36.21,36.20,"1,900",TRUE,FALSE,Miggoy,-0.25,-2.00%,
,FALSE,10/17/2024,PTON,Reversal,TODL,Short Squeeze,"5,000.00",5.40,5.43,4.82,5.13,5.12,"8,630",TRUE,FALSE,Miggoy,1.00,16.51%,
,FALSE,10/18/2024,GTLB,Reversal,ODL,safety stop,"10,000.00",55.56,55.84,51.00,53.43,53.42,"2,200",TRUE,FALSE,Jeremy,-0.25,-0.40%,
,FALSE,10/18/2024,GAP,Reset,ODL,break pattern,"10,000.00",22.52,22.63,20.56,21.61,21.60,"5,110",TRUE,FALSE,Jeremy,-0.25,-3.96%,
,FALSE,10/21/2024,SOUN,Reset,ODL,,"5,000.00",5.64,5.67,4.80,5.23,5.23,"5,960",TRUE,FALSE,Neil,-0.50,13.54%,
,FALSE,10/21/2024,NET,Neil PB,ODL,,"5,000.00",92.17,92.63,86.73,89.68,89.68,920,TRUE,FALSE,Neil,-0.25,-3.09%,
,FALSE,10/21/2024,U,Reversal,ODL,,"10,000.00",22.85,22.96,19.99,21.48,21.48,"3,500",FALSE,TRUE,Anj,,-6.17%,
,FALSE,10/24/2024,ALAB,Reversal,ODL,,"10,000.00",70.75,71.10,59.45,65.28,65.28,890,FALSE,TRUE,Miggoy,,-0.20%,
,FALSE,10/25/2024,SMR,Pullback,ODL,day high,"5,000.00",19.05,19.15,16.00,17.17,17.57,"1,640",TRUE,FALSE,Jeremy,0.50,3.26%,
,FALSE,10/25/2024,HBM,Reset,ODL,,"10,000.00",9.69,9.74,8.80,9.12,9.27,"11,240",TRUE,FALSE,Neil,-0.50,-5.82%,
,FALSE,10/25/2024,ZK,Range,ODL,,"5,000.00",23.83,23.95,20.70,22.32,22.32,"1,600",TRUE,FALSE,Anj,1.00, ,
,FALSE,10/28/2024,PACS,Reset,ODL,VCP,"5,000.00",42.73,42.94,40.42,40.63,41.68,"2,170",TRUE,FALSE,Miggoy,-0.50,-25.69%,
,FALSE,10/28/2024,OKLO,Pullback,TODL,day high,"5,000.00",20.16,20.26,17.09,18.69,18.68,"1,630",TRUE,FALSE,Jeremy,1.00,-14.08%,
,TRUE,10/28/2024,DUOL,Coil,ODL,,"5,000.00",297.54,299.03,273.00,286.02,286.01,210,TRUE,FALSE,Miggoy,-0.25,0.14%,
,FALSE,10/29/2024,LUNR,Coil,ODL,,"10,000.00",8.77,8.81,6.96,7.90,7.89,"5,530",FALSE,TRUE,Neil,,-6.97%,
,FALSE,10/30/2024,AFRM,Range,ODL,,"5,000.00",43.55,43.77,40.35,41.09,42.06,"1,570",TRUE,FALSE,Neil,0.00,10.52%,
,FALSE,10/30/2024,PCT,Pullback,TODL,,"5,000.00",14.31,14.38,13.29,13.29,13.84,"4,910",FALSE,TRUE,Jeremy,,-0.89%,
,FALSE,11/04/2024,GTLB,Reversal,ODL,VCP,"10,000.00",57.91,58.20,52.44,54.81,55.32,"1,830",FALSE,TRUE,Miggoy,,7.43%,
,FALSE,11/05/2024,AAPL,Range,ODL,,"5,000.00",222.80,223.91,217.54,219.70,220.73,960,TRUE,FALSE,Anj,0.50,0.35%,
,FALSE,11/07/2024,TSM,Range,ODL,,"5,000.00",196.00,196.98,185.10,191.04,191.04,460,FALSE,TRUE,Anj,,-6.31%,
,TRUE,11/07/2024,PTON,Pullback,ODL,,"5,000.00",8.04,8.08,7.16,7.62,7.62,"5,690",TRUE,FALSE,Miggoy,0.50,-0.25%,
,FALSE,11/07/2024,KWEB,Options,LABAN,,,,,,,,,TRUE,FALSE,Anj,-0.25,-12.45%,
,FALSE,11/08/2024,ANF,Range,ODL,,"5,000.00",143.61,144.33,130.00,137.16,137.16,370,TRUE,FALSE,Miggoy,-0.25,0.47%,
,FALSE,11/08/2024,WOOF,Coil,ODL,Short squeez template,"10,000.00",4.74,4.76,3.95,4.36,4.36,"12,660",FALSE,TRUE,Neil,,-6.74%,
,FALSE,11/11/2024,VIK,Boomer,TODL,Boomer,"5,000.00",43.81,44.03,42.50,,43.26,"3,820",FALSE,TRUE,Miggoy,,2.14%,
,TRUE,11/11/2024,DUK,Range,ODL,Range,"5,000.00",114.06,114.63,110.30,111.80,112.47,"1,330",TRUE,FALSE,Paul,-0.25,0.96%,
,FALSE,11/11/2024,ALAB,Momentum,TODL,,"5,000.00",99.85,100.35,93.30,96.99,96.82,770,FALSE,TRUE,Neil,,-2.03%,
,FALSE,11/11/2024,MCD,Range,ODL,50D Range,"5,000.00",302.71,304.22,291.79,298.01,298.01,460,TRUE,FALSE,Miggoy,-0.25,-3.46%,
,TRUE,11/12/2024,TTWO,Momentum,TODL,Boomer,"5,000.00",180.54,181.44,173.19,177.31,177.32,690,TRUE,FALSE,Miggoy,-0.25,3.02%,
,FALSE,11/12/2024,ET,Pullback,ODL,,"5,000.00",17.41,17.50,16.85,17.12,17.17,"8,930",FALSE,TRUE,Paul,,5.34%,
,FALSE,11/13/2024,MO,bluesky,ODL,,"10,000.00",55.06,55.34,53.42,54.37,54.38,"6,100",TRUE,FALSE,Paul,0.50,1.32%,
,FALSE,11/14/2024,PLL,Reversal,HOLD,,"5,000.00",14.78,14.85,11.12,12.98,12.99,"1,370",FALSE,TRUE,Neil,, ,
,FALSE,11/15/2024,MNMD,Pullback,HOLD,,"5,000.00",8.76,8.80,7.74,8.26,8.27,"4,910",FALSE,TRUE,Neil,, ,
,FALSE,11/15/2024,FREY,Momentum,ADJUST,break high,"5,000.00",2.45,2.46,1.89,2.17,2.18,"8,930",FALSE,TRUE,Miggoy,,0.00%,
,FALSE,11/15/2024,DXYZ,Range,HOLD,,"5,000.00",31.99,32.15,22.99,27.56,27.57,560,TRUE,FALSE,Miggoy,1.00,30.38%,
,FALSE,11/18/2024,TSLA,Pullback,ADJUST,,"5,000.00",324.69,326.31,306.25,309.21,316.28,280,FALSE,TRUE,Neil,,-0.04%,
,FALSE,11/18/2024,PODD,Pullback,ADJUST,,"5,000.00",264.72,266.04,253.83,257.42,259.94,460,TRUE,FALSE,Miggoy,-0.25,2.26%,
,FALSE,11/18/2024,UPST,Range,ADJUST,,"5,000.00",69.66,70.01,64.59,64.59,67.30,990,TRUE,FALSE,Neil,0.50,16.48%,
,FALSE,11/19/2024,NRG,Range,HOLD,,"5,000.00",94.51,94.98,88.62,91.17,91.80,850,TRUE,FALSE,Paul,-0.25,6.64%,
,TRUE,11/19/2024,ALAB,Pullback,ADJUST,,"5,000.00",91.23,91.69,84.99,86.67,88.34,810,TRUE,FALSE,Paul,1.00,10.82%,
,FALSE,11/19/2024,SO,Range,HOLD,,"5,000.00",88.24,88.68,86.36,87.52,87.52,"2,660",TRUE,FALSE,Paul,-0.50,1.18%,
,FALSE,11/20/2024,GENI,Pullback,ADJUST,,"5,000.00",9.25,9.30,8.65,8.65,8.97,"8,340",FALSE,TRUE,Neil,,7.48%,
,FALSE,11/20/2024,BILL,Pullback,ADJUST,,"5,000.00",86.42,86.85,80.59,83.09,83.72,860,TRUE,FALSE,Neil,1.00,2.17%,
,FALSE,11/20/2024,CRM,Pullback,ADJUST,,"5,000.00",324.71,326.33,313.78,315.99,320.06,460,FALSE,TRUE,Neil,,1.32%,
,FALSE,11/20/2024,SOUN,Pullback,ADJUST,,"5,000.00",6.73,6.76,5.86,6.03,6.31,"5,750",TRUE,FALSE,Neil,-0.25,22.36%,
,FALSE,11/20/2024,META,Range,HOLD,,"5,000.00",564.34,567.16,543.01,550.59,555.09,240,TRUE,FALSE,Jeremy,-0.50,0.65%,
,FALSE,11/21/2024,SHAK,Range,HOLD,,"5,000.00",120.73,121.33,114.42,117.49,117.88,800,TRUE,FALSE,Jeremy,1.00,9.21%,
,FALSE,11/21/2024,GTLB,Reversal,HOLD,,"10,000.00",62.60,62.91,55.65,58.64,59.28,"1,440",FALSE,TRUE,Neil,,-1.62%,
,TRUE,11/21/2024,ANET,Range,HOLD,,"5,000.00",385.48,387.41,366.83,374.99,377.12,270,FALSE,TRUE,Jeremy,,0.22%,
,TRUE,11/22/2024,CVNA,Bluesky,HOLD,,"10,000.00",254.85,256.12,233.23,244.68,244.68,470,TRUE,FALSE,Paul,-0.25,0.41%,
,TRUE,11/22/2024,SPOT,Pullback,ADJUST,,"5,000.00",473.63,476.00,449.56,462.78,462.78,210,FALSE,TRUE,Miggoy,,0.40%,
,TRUE,11/22/2024,RL,Range,ADJUST,,"5,000.00",207.46,208.50,198.87,203.67,203.68,590,FALSE,TRUE,Paul,,9.07%,
,FALSE,11/22/2024,FLUT,Momentum,ADJUST,,"5,000.00",270.96,272.31,259.15,265.72,265.73,430,FALSE,TRUE,Miggoy,,0.29%,
,TRUE,11/22/2024,UPWK,Pullback,ADJUST,,"5,000.00",15.46,15.54,14.39,14.76,14.96,"4,680",FALSE,TRUE,Miggoy,,5.93%,
,FALSE,11/25/2024,PCT,Falling Coil,HOLD,,"10,000.00",12.01,12.07,10.80,11.44,11.44,"8,270",FALSE,TRUE,Miggoy,,9.29%,
,FALSE,11/25/2024,LYFT,Range,HOLD,,"5,000.00",17.01,17.10,16.16,16.50,16.63,"5,890",TRUE,FALSE,Ange,1.00,-4.02%,
,FALSE,11/25/2024,MNMD,Range,HOLD,,"5,000.00",7.70,7.74,6.69,7.04,7.21,"4,960",FALSE,TRUE,Miggoy,, ,
,FALSE,11/25/2024,TEM,Range,HOLD,,"5,000.00",60.41,60.71,48.26,52.20,54.49,420,FALSE,TRUE,Neil,,-1.49%,
,FALSE,11/27/2024,LUMN,Range,HOLD,,"5,000.00",8.11,8.15,7.14,7.51,7.65,"5,160",FALSE,TRUE,Neil,,-10.72%,
,TRUE,11/27/2024,EPRT,Reset,HOLD,,"5,000.00",34.21,34.38,32.47,33.21,33.43,"2,880",TRUE,FALSE,Paul,-0.25,-2.97%,
,FALSE,11/29/2024,GAP,Pullback,ADJUST,,"5,000.00",24.45,24.57,23.15,23.73,23.86,"3,850",TRUE,FALSE,Jeremy,-0.25,7.22%,
,FALSE,11/29/2024,AI,Pullback,ADJUST,,"5,000.00",36.81,36.99,33.72,35.39,35.36,"1,620",FALSE,TRUE,Neil,,8.98%,
,FALSE,12/02/2024,NVDA,Range,HOLD,,"5,000.00",139.36,140.06,131.80,135.93,135.93,670,TRUE,FALSE,Jeremy,0.50,0.13%,
,FALSE,12/02/2024,META,Falling coil,HOLD,,"10,000.00",580.00,582.90,549.05,565.98,565.98,330,TRUE,FALSE,Neil,1.00,3.50%,
,FALSE,12/02/2024,XPEV,Range,HOLD,,"5,000.00",12.33,12.39,11.23,11.81,11.81,"4,550",FALSE,TRUE,Jeremy,1.00,11.35%,
,FALSE,12/02/2024,QUBT,Pullback,ADJUST,,"5,000.00",7.23,7.27,5.89,6.58,6.58,"3,740",FALSE,TRUE,Neil,,22.26%,
,TRUE,12/03/2024,POWL,Range,ADJUST,,"5,000.00",278.95,280.34,252.20,264.47,266.27,190,TRUE,FALSE,Paul,-0.25,-7.11%,
,FALSE,12/03/2024,GRAB,Range,HOLD,,"5,000.00",5.20,5.23,4.89,4.99,5.06,"16,130",TRUE,FALSE,Jeremy,-0.25,2.65%,
,FALSE,12/03/2024,DDOG,Momentum,ADJUST,,"5,000.00",153.49,154.26,148.50,151.38,151.38,"1,010",TRUE,FALSE,Neil,1.00,3.99%,
,FALSE,12/04/2024,MSTR,Range,HOLD,,"5,000.00",393.13,395.10,338.67,366.88,366.88,100,TRUE,FALSE,Miggoy,0.50,1.33%,
,TRUE,12/04/2024,ANF,Reset,HOLD,,"10,000.00",163.97,164.79,142.76,152.85,153.77,480,FALSE,TRUE,Neil,,-15.05%,
,FALSE,12/04/2024,BJ,Pullback,ADJUST,,"5,000.00",97.30,97.79,94.41,96.10,96.10,"1,740",FALSE,TRUE,Neil,,2.66%,
,FALSE,12/04/2024,TSLA,bluesky,HOLD,,"10,000.00",362.00,363.81,326.59,345.20,345.20,290,TRUE,FALSE,Miggoy,,18.67%,
,FALSE,12/04/2024,CRWD,Pullback,ADJUST,,"5,000.00",354.34,356.11,336.56,343.39,346.34,290,TRUE,FALSE,Ange,1.00,-0.33%,
,FALSE,12/05/2024,TRUP,Coil,HOLD,,"5,000.00",56.89,57.17,48.42,52.80,52.80,600,FALSE,TRUE,Neil,,3.53%,
,FALSE,12/06/2024,RKLB,Pullback,ADJUST,day High,"5,000.00",24.53,24.65,22.33,23.49,23.49,"2,280",FALSE,TRUE,Jeremy,,-1.05%,
,FALSE,12/06/2024,DUK,Range,HOLD,day High,"5,000.00",114.41,114.98,111.66,113.32,113.32,"1,820",FALSE,TRUE,Jeremy,,-2.93%,
,FALSE,12/06/2024,TCOM,Reset,HOLD,shares,"10,000.00",68.61,68.95,62.81,65.88,65.88,"1,730",FALSE,TRUE,Jeremy,,5.04%,
,FALSE,12/12/2024,GEV,Coil,HOLD,,"10,000.00",354.70,356.47,322.33,339.40,339.40,310,FALSE,TRUE,Neil,,0.88%,
,FALSE,12/13/2024,MSTR,Coil,HOLD,,"10,000.00",415.81,417.89,356.04,386.96,386.96,170,FALSE,TRUE,Miggoy,,-10.88%,
,FALSE,12/13/2024,NVDA,Range,HOLD,,"5,000.00",140.01,140.71,133.78,137.17,137.25,810,FALSE,TRUE,Paul,,0.34%,
,FALSE,12/13/2024,RIVN,Momentum,ADJUST,,"5,000.00",14.32,14.39,12.97,13.47,13.68,"3,710",TRUE,FALSE,Ange,0.50,-3.76%,
,TRUE,12/13/2024,DDOG,Range,HOLD,,"5,000.00",157.63,158.42,150.97,154.05,154.69,760,TRUE,FALSE,Neil,-0.25,-2.33%,
,TRUE,12/13/2024,PODD,bluesky,HOLD,,"5,000.00",279.40,280.80,265.32,273.06,273.06,360,FALSE,TRUE,Paul,,-1.03%,
,FALSE,12/16/2024,ASAN,momentum,ADJUST,,"5,000.00",24.41,24.53,22.00,23.41,23.27,"2,080",FALSE,TRUE,Ange,,-21.98%,
,FALSE,12/16/2024,ANF,RANGE,HOLD,,"5,000.00",143.83,144.55,133.81,137.80,139.18,500,TRUE,FALSE,Jeremy,,4.16%,
,FALSE,12/16/2024,OLLI,momentum,ADJUST,,"5,000.00",113.63,114.20,108.00,110.97,111.10,890,TRUE,FALSE,Neil,,2.79%,
,FALSE,12/17/2024,IWM,Range,ADJUST,,"5,000.00",235.64,236.82,228.00,232.34,232.41,660,FALSE,TRUE,Paul,,-3.32%,
,FALSE,12/17/2024,GENI,Range,HOLD,,"5,000.00",9.40,9.45,8.62,9.04,9.03,"6,420",FALSE,FALSE,Neil,,-5.93%,
,FALSE,12/17/2024,MSTR,Coil,HOLD,,"10,000.00",437.61,439.80,356.04,406.45,397.92,130,FALSE,TRUE,Jeremy,,-7.31%,
,FALSE,12/18/2024,GAMB,Momentum,ADJUST,,"5,000.00",16.10,16.18,14.50,15.34,15.34,"3,130",FALSE,FALSE,Ange,,-1.30%,
,FALSE,12/18/2024,NNOX,Range,HOLD,,"5,000.00",7.56,7.60,6.56,7.08,7.08,"5,000",FALSE,FALSE,Ange,,12.22%,
,FALSE,12/20/2024,RBRK,Coil,HOLD,,"10,000.00",,,,,,,FALSE,FALSE,Neil,,3.37%,
,FALSE,12/20/2024,CORZ,Coil,HOLD,,"10,000.00",,,,,,,FALSE,FALSE,Neil,,-0.57%,
,FALSE,12/20/2024,ONON,Coil,HOLD,,"10,000.00",,,,,,,FALSE,FALSE,Neil,,-2.64%,
,FALSE,12/20/2024,DECK,blue sky,HOLD,,"10,000.00",,,,,,,FALSE,FALSE,Neil,,-1.83%,
,,,,,,,,,,,,,,FALSE,FALSE,,, ,
,,,,,,,,,,,,,,FALSE,FALSE,,, ,
,,,,,,,,,,,,,,FALSE,FALSE,,, ,
,,,,,,,,,,,,,,FALSE,FALSE,,, ,
,,,,,,,,,,,,,,FALSE,FALSE,,, ,
,,,,,,,,,,,,,,FALSE,FALSE,,, ,
,,,,,,,,,,,,,,FALSE,FALSE,,, ,
,,,,,,,,,,,,,,FALSE,FALSE,,, ,
,,,,,,,,,,,,,,FALSE,FALSE,,, ,
,,,,,,,,,,,,,,FALSE,FALSE,,, ,
,,,,,,,,,,,,,,FALSE,FALSE,,, ,
,,,,,,,,,,,,,,FALSE,FALSE,,, ,
,,,,,,,,,,,,,,FALSE,FALSE,,, ,
,,,,,,,,,,,,,,FALSE,FALSE,,, ,
,,,,,,,,,,,,,,FALSE,FALSE,,, ,
,,,,,,,,,,,,,,FALSE,FALSE,,, ,
,,,,,,,,,,,,,,FALSE,FALSE,,, ,
,,,,,,,,,,,,,,FALSE,FALSE,,, ,
,,,,,,,,,,,,,,FALSE,FALSE,,, ,
,,,,,,,,,,,,,,FALSE,FALSE,,, ,
,,,,,,,,,,,,,,FALSE,FALSE,,, ,
,,,,,,,,,,,,,,FALSE,FALSE,,, ,
,,,,,,,,,,,,,,FALSE,FALSE,,, ,
,,,,,,,,,,,,,,FALSE,FALSE,,, ,
,,,,,,,,,,,,,,FALSE,FALSE,,, ,
,,,,,,,,,,,,,,FALSE,FALSE,,, ,
,,,,,,,,,,,,,,FALSE,FALSE,,, ,
,,,,,,,,,,,,,,FALSE,FALSE,,, ,
,,,,,,,,,,,,,,FALSE,FALSE,,, ,
,,,,,,,,,,,,,,FALSE,FALSE,,, ,
,,,,,,,,,,,,,,FALSE,FALSE,,, ,
,,,,,,,,,,,,,,FALSE,FALSE,,, ,
,,,,,,,,,,,,,,FALSE,FALSE,,, ,
,,,,,,,,,,,,,,FALSE,FALSE,,, ,
,,,,,,,,,,,,,,FALSE,FALSE,,, ,
,,,,,,,,,,,,,,FALSE,FALSE,,, ,
,,,,,,,,,,,,,,FALSE,FALSE,,, ,
,,,,,,,,,,,,,,FALSE,FALSE,,, ,
,,,,,,,,,,,,,,FALSE,FALSE,,, ,
,,,,,,,,,,,,,,FALSE,FALSE,,, ,
,,,,,,,,,,,,,,FALSE,FALSE,,, ,
,,,,,,,,,,,,,,FALSE,FALSE,,, ,
,,,,,,,,,,,,,,FALSE,FALSE,,, ,
,,,,,,,,,,,,,,FALSE,FALSE,,, ,
,,,,,,,,,,,,,,FALSE,FALSE,,, ,
,,,,,,,,,,,,,,FALSE,FALSE,,, ,
,,,,,,,,,,,,,,FALSE,FALSE,,, ,
,,,,,,,,,,,,,,FALSE,FALSE,,, ,
,,,,,,,,,,,,,,FALSE,FALSE,,, ,
,,,,,,,,,,,,,,FALSE,FALSE,,, ,
,,,,,,,,,,,,,,FALSE,FALSE,,, ,
,,,,,,,,,,,,,,FALSE,FALSE,,, ,
,,,,,,,,,,,,,,FALSE,FALSE,,, ,
,,,,,,,,,,,,,,FALSE,FALSE,,, ,
,,,,,,,,,,,,,,FALSE,FALSE,,, ,
,,,,,,,,,,,,,,FALSE,FALSE,,, ,
,,,,,,,,,,,,,,FALSE,FALSE,,, ,
,,,,,,,,,,,,,,FALSE,FALSE,,, ,
,,,,,,,,,,,,,,FALSE,FALSE,,, ,
,,,,,,,,,,,,,,FALSE,FALSE,,, ,
,,,,,,,,,,,,,,FALSE,FALSE,,, ,
,,,,,,,,,,,,,,FALSE,FALSE,,, ,
,,,,,,,,,,,,,,FALSE,FALSE,,, ,
,,,,,,,,,,,,,,FALSE,FALSE,,, ,
,,,,,,,,,,,,,,FALSE,FALSE,,, ,
,,,,,,,,,,,,,,FALSE,FALSE,,, ,
,,,,,,,,,,,,,,FALSE,FALSE,,, ,
,,,,,,,,,,,,,,FALSE,FALSE,,, ,
,,,,,,,,,,,,,,FALSE,FALSE,,, ,
,,,,,,,,,,,,,,FALSE,FALSE,,, ,
,,,,,,,,,,,,,,FALSE,FALSE,,, ,
,,,,,,,,,,,,,,FALSE,FALSE,,, ,
,,,,,,,,,,,,,,FALSE,FALSE,,, ,
,,,,,,,,,,,,,,FALSE,FALSE,,, ,
,,,,,,,,,,,,,,FALSE,FALSE,,, ,
,,,,,,,,,,,,,,FALSE,FALSE,,, ,
,,,,,,,,,,,,,,FALSE,FALSE,,, ,
,,,,,,,,,,,,,,FALSE,FALSE,,, ,
,,,,,,,,,,,,,,FALSE,FALSE,,, ,
,,,,,,,,,,,,,,FALSE,FALSE,,, ,
,,,,,,,,,,,,,,FALSE,FALSE,,, ,
,,,,,,,,,,,,,,FALSE,FALSE,,, ,
,,,,,,,,,,,,,,FALSE,FALSE,,, ,
,,,,,,,,,,,,,,FALSE,FALSE,,, ,
,,,,,,,,,,,,,,FALSE,FALSE,,, ,
,,,,,,,,,,,,,,FALSE,FALSE,,, ,
,,,,,,,,,,,,,,FALSE,FALSE,,, ,
,,,,,,,,,,,,,,FALSE,FALSE,,, ,
,,,,,,,,,,,,,,FALSE,FALSE,,, ,
,,,,,,,,,,,,,,FALSE,FALSE,,, ,
,,,,,,,,,,,,,,FALSE,FALSE,,, ,
,,,,,,,,,,,,,,FALSE,FALSE,,, ,
,,,,,,,,,,,,,,FALSE,FALSE,,, ,
,,,,,,,,,,,,,,FALSE,FALSE,,, ,
,,,,,,,,,,,,,,FALSE,FALSE,,, ,
,,,,,,,,,,,,,,FALSE,FALSE,,, ,
,,,,,,,,,,,,,,FALSE,FALSE,,, ,
,,,,,,,,,,,,,,FALSE,FALSE,,, ,
,,,,,,,,,,,,,,FALSE,FALSE,,, ,
,,,,,,,,,,,,,,FALSE,FALSE,,, ,
,,,,,,,,,,,,,,FALSE,FALSE,,, ,
,,,,,,,,,,,,,,FALSE,FALSE,,, ,
,,,,,,,,,,,,,,FALSE,FALSE,,, ,
,,,,,,,,,,,,,,FALSE,FALSE,,, ,
,,,,,,,,,,,,,,FALSE,FALSE,,, ,
,,,,,,,,,,,,,,FALSE,FALSE,,, ,
,,,,,,,,,,,,,,FALSE,FALSE,,, ,
,,,,,,,,,,,,,,FALSE,FALSE,,, ,
,,,,,,,,,,,,,,FALSE,FALSE,,, ,
,,,,,,,,,,,,,,FALSE,FALSE,,, ,
,,,,,,,,,,,,,,FALSE,FALSE,,, ,
,,,,,,,,,,,,,,FALSE,FALSE,,, ,
,,,,,,,,,,,,,,FALSE,FALSE,,, ,
,,,,,,,,,,,,,,FALSE,FALSE,,, ,
,,,,,,,,,,,,,,FALSE,FALSE,,, ,
,,,,,,,,,,,,,,FALSE,FALSE,,, ,
,,,,,,,,,,,,,,FALSE,FALSE,,, ,
,,,,,,,,,,,,,,FALSE,FALSE,,, ,
,,,,,,,,,,,,,,FALSE,FALSE,,, ,
,,,,,,,,,,,,,,FALSE,FALSE,,, ,
,,,,,,,,,,,,,,FALSE,FALSE,,, ,
,,,,,,,,,,,,,,FALSE,FALSE,,, ,
,,,,,,,,,,,,,,FALSE,FALSE,,, ,
,,,,,,,,,,,,,,FALSE,FALSE,,, ,
,,,,,,,,,,,,,,FALSE,FALSE,,, ,
,,,,,,,,,,,,,,FALSE,FALSE,,, ,
,,,,,,,,,,,,,,FALSE,FALSE,,, ,
,,,,,,,,,,,,,,FALSE,FALSE,,, ,
,,,,,,,,,,,,,,FALSE,FALSE,,, ,
,,,,,,,,,,,,,,FALSE,FALSE,,, ,
,,,,,,,,,,,,,,FALSE,FALSE,,, ,
,,,,,,,,,,,,,,FALSE,FALSE,,, ,
,,,,,,,,,,,,,,FALSE,FALSE,,, ,
,,,,,,,,,,,,,,FALSE,FALSE,,, ,
,,,,,,,,,,,,,,FALSE,FALSE,,, ,
,,,,,,,,,,,,,,FALSE,FALSE,,, ,
,,,,,,,,,,,,,,FALSE,FALSE,,, ,
,,,,,,,,,,,,,,FALSE,FALSE,,, ,
,,,,,,,,,,,,,,FALSE,FALSE,,, ,
,,,,,,,,,,,,,,FALSE,FALSE,,, ,
,,,,,,,,,,,,,,FALSE,FALSE,,, ,
,,,,,,,,,,,,,,FALSE,FALSE,,, ,
,,,,,,,,,,,,,,FALSE,FALSE,,, ,
,,,,,,,,,,,,,,FALSE,FALSE,,, ,
,,,,,,,,,,,,,,FALSE,FALSE,,, ,
,,,,,,,,,,,,,,FALSE,FALSE,,, ,
,,,,,,,,,,,,,,FALSE,FALSE,,, ,
,,,,,,,,,,,,,,FALSE,FALSE,,, ,
,,,,,,,,,,,,,,FALSE,FALSE,,, ,
,,,,,,,,,,,,,,FALSE,FALSE,,, ,
,,,,,,,,,,,,,,FALSE,FALSE,,, ,
,,,,,,,,,,,,,,FALSE,FALSE,,, ,
,,,,,,,,,,,,,,FALSE,FALSE,,, ,
,,,,,,,,,,,,,,FALSE,FALSE,,, ,
,,,,,,,,,,,,,,FALSE,FALSE,,, ,
,,,,,,,,,,,,,,FALSE,FALSE,,, ,
,,,,,,,,,,,,,,FALSE,FALSE,,, ,
,,,,,,,,,,,,,,FALSE,FALSE,,, ,
,,,,,,,,,,,,,,FALSE,FALSE,,, ,
,,,,,,,,,,,,,,FALSE,FALSE,,, ,
,,,,,,,,,,,,,,FALSE,FALSE,,, ,
,,,,,,,,,,,,,,FALSE,FALSE,,, ,
,,,,,,,,,,,,,,FALSE,FALSE,,, ,
,,,,,,,,,,,,,,FALSE,FALSE,,, ,
,,,,,,,,,,,,,,FALSE,FALSE,,, ,
,,,,,,,,,,,,,,FALSE,FALSE,,, ,
,,,,,,,,,,,,,,FALSE,FALSE,,, ,
,,,,,,,,,,,,,,FALSE,FALSE,,, ,
,,,,,,,,,,,,,,FALSE,FALSE,,, ,
,,,,,,,,,,,,,,FALSE,FALSE,,, ,
,,,,,,,,,,,,,,FALSE,FALSE,,, ,
,,,,,,,,,,,,,,FALSE,FALSE,,, ,
,,,,,,,,,,,,,,FALSE,FALSE,,, ,
,,,,,,,,,,,,,,FALSE,FALSE,,, ,
,,,,,,,,,,,,,,FALSE,FALSE,,, ,
,,,,,,,,,,,,,,FALSE,FALSE,,, ,
,,,,,,,,,,,,,,FALSE,FALSE,,, ,
,,,,,,,,,,,,,,FALSE,FALSE,,, ,
,,,,,,,,,,,,,,FALSE,FALSE,,, ,
,,,,,,,,,,,,,,FALSE,FALSE,,, ,
,,,,,,,,,,,,,,FALSE,FALSE,,, ,
,,,,,,,,,,,,,,FALSE,FALSE,,, ,
,,,,,,,,,,,,,,FALSE,FALSE,,, ,
,,,,,,,,,,,,,,FALSE,FALSE,,, ,
,,,,,,,,,,,,,,FALSE,FALSE,,, ,
,,,,,,,,,,,,,,FALSE,FALSE,,, ,
,,,,,,,,,,,,,,FALSE,FALSE,,, ,
,,,,,,,,,,,,,,FALSE,FALSE,,, ,
,,,,,,,,,,,,,,FALSE,FALSE,,, ,
,,,,,,,,,,,,,,FALSE,FALSE,,, ,
,,,,,,,,,,,,,,FALSE,FALSE,,, ,
,,,,,,,,,,,,,,FALSE,FALSE,,, ,
,,,,,,,,,,,,,,FALSE,FALSE,,, ,
,,,,,,,,,,,,,,FALSE,FALSE,,, ,
,,,,,,,,,,,,,,FALSE,FALSE,,, ,
,,,,,,,,,,,,,,FALSE,FALSE,,, ,
,,,,,,,,,,,,,,FALSE,FALSE,,, ,
,,,,,,,,,,,,,,FALSE,FALSE,,, ,
,,,,,,,,,,,,,,FALSE,FALSE,,, ,
,,,,,,,,,,,,,,FALSE,FALSE,,, ,
,,,,,,,,,,,,,,FALSE,FALSE,,, ,
,,,,,,,,,,,,,,FALSE,FALSE,,, ,
,,,,,,,,,,,,,,FALSE,FALSE,,, ,
,,,,,,,,,,,,,,FALSE,FALSE,,, ,
,,,,,,,,,,,,,,FALSE,FALSE,,, ,
,,,,,,,,,,,,,,FALSE,FALSE,,, ,
,,,,,,,,,,,,,,FALSE,FALSE,,, ,
,,,,,,,,,,,,,,FALSE,FALSE,,, ,
,,,,,,,,,,,,,,FALSE,FALSE,,, ,
,,,,,,,,,,,,,,FALSE,FALSE,,, ,
,,,,,,,,,,,,,,FALSE,FALSE,,, ,
,,,,,,,,,,,,,,FALSE,FALSE,,, ,
,,,,,,,,,,,,,,FALSE,FALSE,,, ,
,,,,,,,,,,,,,,FALSE,FALSE,,, ,
,,,,,,,,,,,,,,FALSE,FALSE,,, ,
,,,,,,,,,,,,,,FALSE,FALSE,,, ,
,,,,,,,,,,,,,,FALSE,FALSE,,, ,
,,,,,,,,,,,,,,FALSE,FALSE,,, ,
,,,,,,,,,,,,,,FALSE,FALSE,,, ,
,,,,,,,,,,,,,,FALSE,FALSE,,, ,
,,,,,,,,,,,,,,FALSE,FALSE,,, ,
,,,,,,,,,,,,,,FALSE,FALSE,,, ,
,,,,,,,,,,,,,,FALSE,FALSE,,, ,
,,,,,,,,,,,,,,FALSE,FALSE,,, ,
,,,,,,,,,,,,,,FALSE,FALSE,,, ,
,,,,,,,,,,,,,,FALSE,FALSE,,, ,
,,,,,,,,,,,,,,FALSE,FALSE,,, ,
,,,,,,,,,,,,,,FALSE,FALSE,,, ,
,,,,,,,,,,,,,,FALSE,FALSE,,, ,
,,,,,,,,,,,,,,FALSE,FALSE,,, ,
,,,,,,,,,,,,,,FALSE,FALSE,,, ,
,,,,,,,,,,,,,,FALSE,FALSE,,, ,
,,,,,,,,,,,,,,FALSE,FALSE,,, ,
,,,,,,,,,,,,,,FALSE,FALSE,,, ,
,,,,,,,,,,,,,,FALSE,FALSE,,, ,
,,,,,,,,,,,,,,FALSE,FALSE,,, ,
,,,,,,,,,,,,,,FALSE,FALSE,,, ,
,,,,,,,,,,,,,,FALSE,FALSE,,, ,
,,,,,,,,,,,,,,FALSE,FALSE,,, ,
,,,,,,,,,,,,,,FALSE,FALSE,,, ,
,,,,,,,,,,,,,,FALSE,FALSE,,, ,
,,,,,,,,,,,,,,FALSE,FALSE,,, ,
,,,,,,,,,,,,,,FALSE,FALSE,,, ,
,,,,,,,,,,,,,,FALSE,FALSE,,, ,
,,,,,,,,,,,,,,FALSE,FALSE,,, ,
,,,,,,,,,,,,,,FALSE,FALSE,,, ,
,,,,,,,,,,,,,,FALSE,FALSE,,, ,
,,,,,,,,,,,,,,FALSE,FALSE,,, ,
,,,,,,,,,,,,,,FALSE,FALSE,,, ,
,,,,,,,,,,,,,,FALSE,FALSE,,, ,
,,,,,,,,,,,,,,FALSE,FALSE,,, ,
,,,,,,,,,,,,,,FALSE,FALSE,,, ,
,,,,,,,,,,,,,,FALSE,FALSE,,, ,
,,,,,,,,,,,,,,FALSE,FALSE,,, ,
,,,,,,,,,,,,,,FALSE,FALSE,,, ,
,,,,,,,,,,,,,,FALSE,FALSE,,, ,
,,,,,,,,,,,,,,FALSE,FALSE,,, ,
,,,,,,,,,,,,,,FALSE,FALSE,,, ,
,,,,,,,,,,,,,,FALSE,FALSE,,, ,
,,,,,,,,,,,,,,FALSE,FALSE,,, ,
,,,,,,,,,,,,,,FALSE,FALSE,,, ,
,,,,,,,,,,,,,,FALSE,FALSE,,, ,
,,,,,,,,,,,,,,FALSE,FALSE,,, ,
,,,,,,,,,,,,,,FALSE,FALSE,,, ,
,,,,,,,,,,,,,,FALSE,FALSE,,, ,
,,,,,,,,,,,,,,FALSE,FALSE,,, ,
,,,,,,,,,,,,,,FALSE,FALSE,,, ,
,,,,,,,,,,,,,,FALSE,FALSE,,, ,
,,,,,,,,,,,,,,FALSE,FALSE,,, ,
,,,,,,,,,,,,,,FALSE,FALSE,,, ,
,,,,,,,,,,,,,,FALSE,FALSE,,, ,
,,,,,,,,,,,,,,FALSE,FALSE,,, ,
,,,,,,,,,,,,,,FALSE,FALSE,,, ,
,,,,,,,,,,,,,,FALSE,FALSE,,, ,
,,,,,,,,,,,,,,FALSE,FALSE,,, ,
,,,,,,,,,,,,,,FALSE,FALSE,,, ,
,,,,,,,,,,,,,,FALSE,FALSE,,, ,
,,,,,,,,,,,,,,FALSE,FALSE,,, ,
,,,,,,,,,,,,,,FALSE,FALSE,,, ,
,,,,,,,,,,,,,,FALSE,FALSE,,, ,
,,,,,,,,,,,,,,FALSE,FALSE,,, ,
,,,,,,,,,,,,,,FALSE,FALSE,,, ,
,,,,,,,,,,,,,,FALSE,FALSE,,, ,
,,,,,,,,,,,,,,FALSE,FALSE,,, ,
,,,,,,,,,,,,,,FALSE,FALSE,,, ,
,,,,,,,,,,,,,,FALSE,FALSE,,, ,
,,,,,,,,,,,,,,FALSE,FALSE,,, ,
,,,,,,,,,,,,,,FALSE,FALSE,,, ,
,,,,,,,,,,,,,,FALSE,FALSE,,, ,
,,,,,,,,,,,,,,FALSE,FALSE,,, ,
,,,,,,,,,,,,,,FALSE,FALSE,,, ,
,,,,,,,,,,,,,,FALSE,FALSE,,, ,
,,,,,,,,,,,,,,FALSE,FALSE,,, ,
,,,,,,,,,,,,,,FALSE,FALSE,,, ,
,,,,,,,,,,,,,,FALSE,FALSE,,, ,
,,,,,,,,,,,,,,FALSE,FALSE,,, ,
,,,,,,,,,,,,,,FALSE,FALSE,,, ,
,,,,,,,,,,,,,,FALSE,FALSE,,, ,
,,,,,,,,,,,,,,FALSE,FALSE,,, ,
,,,,,,,,,,,,,,FALSE,FALSE,,, ,
,,,,,,,,,,,,,,FALSE,FALSE,,, ,
,,,,,,,,,,,,,,FALSE,FALSE,,, ,
,,,,,,,,,,,,,,FALSE,FALSE,,, ,
,,,,,,,,,,,,,,FALSE,FALSE,,, ,
,,,,,,,,,,,,,,FALSE,FALSE,,, ,
,,,,,,,,,,,,,,FALSE,FALSE,,, ,
,,,,,,,,,,,,,,FALSE,FALSE,,, ,
,,,,,,,,,,,,,,FALSE,FALSE,,, ,
,,,,,,,,,,,,,,FALSE,FALSE,,, ,
,,,,,,,,,,,,,,FALSE,FALSE,,, ,
,,,,,,,,,,,,,,FALSE,FALSE,,, ,
,,,,,,,,,,,,,,FALSE,FALSE,,, ,
,,,,,,,,,,,,,,FALSE,FALSE,,, ,
,,,,,,,,,,,,,,FALSE,FALSE,,, ,
,,,,,,,,,,,,,,FALSE,FALSE,,, ,
,,,,,,,,,,,,,,FALSE,FALSE,,, ,
,,,,,,,,,,,,,,FALSE,FALSE,,, ,
,,,,,,,,,,,,,,FALSE,FALSE,,, ,
,,,,,,,,,,,,,,FALSE,FALSE,,, ,
,,,,,,,,,,,,,,FALSE,FALSE,,, ,
,,,,,,,,,,,,,,FALSE,FALSE,,, ,
,,,,,,,,,,,,,,FALSE,FALSE,,, ,
,,,,,,,,,,,,,,FALSE,FALSE,,, ,
,,,,,,,,,,,,,,FALSE,FALSE,,, ,
,,,,,,,,,,,,,,FALSE,FALSE,,, ,
,,,,,,,,,,,,,,FALSE,FALSE,,, ,
,,,,,,,,,,,,,,FALSE,FALSE,,, ,
,,,,,,,,,,,,,,FALSE,FALSE,,, ,
,,,,,,,,,,,,,,FALSE,FALSE,,, ,
,,,,,,,,,,,,,,FALSE,FALSE,,, ,
,,,,,,,,,,,,,,FALSE,FALSE,,, ,
,,,,,,,,,,,,,,FALSE,FALSE,,, ,
,,,,,,,,,,,,,,FALSE,FALSE,,, ,
,,,,,,,,,,,,,,FALSE,FALSE,,, ,
,,,,,,,,,,,,,,FALSE,FALSE,,, ,
,,,,,,,,,,,,,,FALSE,FALSE,,, ,
,,,,,,,,,,,,,,FALSE,FALSE,,, ,
,,,,,,,,,,,,,,FALSE,FALSE,,, ,
,,,,,,,,,,,,,,FALSE,FALSE,,, ,
,,,,,,,,,,,,,,FALSE,FALSE,,, ,
,,,,,,,,,,,,,,FALSE,FALSE,,, ,
,,,,,,,,,,,,,,FALSE,FALSE,,, ,
,,,,,,,,,,,,,,FALSE,FALSE,,, ,
,,,,,,,,,,,,,,FALSE,FALSE,,, ,
,,,,,,,,,,,,,,FALSE,FALSE,,, ,
,,,,,,,,,,,,,,FALSE,FALSE,,, ,
,,,,,,,,,,,,,,FALSE,FALSE,,, ,
,,,,,,,,,,,,,,FALSE,FALSE,,, ,
,,,,,,,,,,,,,,FALSE,FALSE,,, ,
,,,,,,,,,,,,,,FALSE,FALSE,,, ,
,,,,,,,,,,,,,,FALSE,FALSE,,, ,
,,,,,,,,,,,,,,FALSE,FALSE,,, ,
,,,,,,,,,,,,,,FALSE,FALSE,,, ,
,,,,,,,,,,,,,,FALSE,FALSE,,, ,
,,,,,,,,,,,,,,FALSE,FALSE,,, ,
,,,,,,,,,,,,,,FALSE,FALSE,,, ,
,,,,,,,,,,,,,,FALSE,FALSE,,, ,
,,,,,,,,,,,,,,FALSE,FALSE,,, ,
,,,,,,,,,,,,,,FALSE,FALSE,,, ,
,,,,,,,,,,,,,,FALSE,FALSE,,, ,
,,,,,,,,,,,,,,FALSE,FALSE,,, ,
,,,,,,,,,,,,,,FALSE,FALSE,,, ,
,,,,,,,,,,,,,,FALSE,FALSE,,, ,
,,,,,,,,,,,,,,FALSE,FALSE,,, ,
,,,,,,,,,,,,,,FALSE,FALSE,,, ,
,,,,,,,,,,,,,,FALSE,FALSE,,, ,
,,,,,,,,,,,,,,FALSE,FALSE,,, ,
,,,,,,,,,,,,,,FALSE,FALSE,,, ,
,,,,,,,,,,,,,,FALSE,FALSE,,, ,
,,,,,,,,,,,,,,FALSE,FALSE,,, ,
,,,,,,,,,,,,,,FALSE,FALSE,,, ,
,,,,,,,,,,,,,,FALSE,FALSE,,, ,
,,,,,,,,,,,,,,FALSE,FALSE,,, ,
,,,,,,,,,,,,,,FALSE,FALSE,,, ,
,,,,,,,,,,,,,,FALSE,FALSE,,, ,
,,,,,,,,,,,,,,FALSE,FALSE,,, ,
,,,,,,,,,,,,,,FALSE,FALSE,,, ,
,,,,,,,,,,,,,,FALSE,FALSE,,, ,
,,,,,,,,,,,,,,FALSE,FALSE,,, ,
,,,,,,,,,,,,,,FALSE,FALSE,,, ,
,,,,,,,,,,,,,,FALSE,FALSE,,, ,
,,,,,,,,,,,,,,FALSE,FALSE,,, ,
,,,,,,,,,,,,,,FALSE,FALSE,,, ,
,,,,,,,,,,,,,,FALSE,FALSE,,, ,
,,,,,,,,,,,,,,FALSE,FALSE,,, ,
,,,,,,,,,,,,,,FALSE,FALSE,,, ,
,,,,,,,,,,,,,,FALSE,FALSE,,, ,
,,,,,,,,,,,,,,FALSE,FALSE,,, ,
,,,,,,,,,,,,,,FALSE,FALSE,,, ,
,,,,,,,,,,,,,,FALSE,FALSE,,, ,
,,,,,,,,,,,,,,FALSE,FALSE,,, ,
,,,,,,,,,,,,,,FALSE,FALSE,,, ,
,,,,,,,,,,,,,,FALSE,FALSE,,, ,
,,,,,,,,,,,,,,FALSE,FALSE,,, ,
,,,,,,,,,,,,,,FALSE,FALSE,,, ,
,,,,,,,,,,,,,,FALSE,FALSE,,, ,
,,,,,,,,,,,,,,FALSE,FALSE,,, ,
,,,,,,,,,,,,,,FALSE,FALSE,,, ,
,,,,,,,,,,,,,,FALSE,FALSE,,, ,
,,,,,,,,,,,,,,FALSE,FALSE,,, ,
,,,,,,,,,,,,,,FALSE,FALSE,,, ,
,,,,,,,,,,,,,,FALSE,FALSE,,, ,
,,,,,,,,,,,,,,FALSE,FALSE,,, ,
,,,,,,,,,,,,,,FALSE,FALSE,,, ,
,,,,,,,,,,,,,,FALSE,FALSE,,, ,
,,,,,,,,,,,,,,FALSE,FALSE,,, ,
,,,,,,,,,,,,,,FALSE,FALSE,,, ,
,,,,,,,,,,,,,,FALSE,FALSE,,, ,
,,,,,,,,,,,,,,FALSE,FALSE,,, ,
,,,,,,,,,,,,,,FALSE,FALSE,,, ,
,,,,,,,,,,,,,,FALSE,FALSE,,, ,
,,,,,,,,,,,,,,FALSE,FALSE,,, ,
,,,,,,,,,,,,,,FALSE,FALSE,,, ,
,,,,,,,,,,,,,,FALSE,FALSE,,, ,
,,,,,,,,,,,,,,FALSE,FALSE,,, ,
,,,,,,,,,,,,,,FALSE,FALSE,,, ,
,,,,,,,,,,,,,,FALSE,FALSE,,, ,
,,,,,,,,,,,,,,FALSE,FALSE,,, ,
,,,,,,,,,,,,,,FALSE,FALSE,,, ,
,,,,,,,,,,,,,,FALSE,FALSE,,, ,
,,,,,,,,,,,,,,FALSE,FALSE,,, ,
,,,,,,,,,,,,,,FALSE,FALSE,,, ,
,,,,,,,,,,,,,,FALSE,FALSE,,, ,
,,,,,,,,,,,,,,FALSE,FALSE,,, ,
,,,,,,,,,,,,,,FALSE,FALSE,,, ,
,,,,,,,,,,,,,,FALSE,FALSE,,, ,
,,,,,,,,,,,,,,FALSE,FALSE,,, ,
,,,,,,,,,,,,,,FALSE,FALSE,,, ,
,,,,,,,,,,,,,,FALSE,FALSE,,, ,
,,,,,,,,,,,,,,FALSE,FALSE,,, ,
,,,,,,,,,,,,,,FALSE,FALSE,,, ,
,,,,,,,,,,,,,,FALSE,FALSE,,, ,
,,,,,,,,,,,,,,FALSE,FALSE,,, ,
,,,,,,,,,,,,,,FALSE,FALSE,,, ,
,,,,,,,,,,,,,,FALSE,FALSE,,, ,
,,,,,,,,,,,,,,FALSE,FALSE,,, ,
,,,,,,,,,,,,,,FALSE,FALSE,,, ,
,,,,,,,,,,,,,,FALSE,FALSE,,, ,
,,,,,,,,,,,,,,FALSE,FALSE,,, ,
,,,,,,,,,,,,,,FALSE,FALSE,,, ,
,,,,,,,,,,,,,,FALSE,FALSE,,, ,
,,,,,,,,,,,,,,FALSE,FALSE,,, ,
,,,,,,,,,,,,,,FALSE,FALSE,,, ,
,,,,,,,,,,,,,,FALSE,FALSE,,, ,
,,,,,,,,,,,,,,FALSE,FALSE,,, ,
,,,,,,,,,,,,,,FALSE,FALSE,,, ,
,,,,,,,,,,,,,,FALSE,FALSE,,, ,
,,,,,,,,,,,,,,FALSE,FALSE,,, ,
,,,,,,,,,,,,,,FALSE,FALSE,,, ,
,,,,,,,,,,,,,,FALSE,FALSE,,, ,
,,,,,,,,,,,,,,FALSE,FALSE,,, ,
,,,,,,,,,,,,,,FALSE,FALSE,,, ,
,,,,,,,,,,,,,,FALSE,FALSE,,, ,
,,,,,,,,,,,,,,FALSE,FALSE,,, ,
,,,,,,,,,,,,,,FALSE,FALSE,,, ,
,,,,,,,,,,,,,,FALSE,FALSE,,, ,
,,,,,,,,,,,,,,FALSE,FALSE,,, ,
,,,,,,,,,,,,,,FALSE,FALSE,,, ,
,,,,,,,,,,,,,,FALSE,FALSE,,, ,
,,,,,,,,,,,,,,FALSE,FALSE,,, ,
,,,,,,,,,,,,,,FALSE,FALSE,,, ,
,,,,,,,,,,,,,,FALSE,FALSE,,, ,
,,,,,,,,,,,,,,FALSE,FALSE,,, ,
,,,,,,,,,,,,,,FALSE,FALSE,,, ,
,,,,,,,,,,,,,,FALSE,FALSE,,, ,
,,,,,,,,,,,,,,FALSE,FALSE,,, ,
,,,,,,,,,,,,,,FALSE,FALSE,,, ,
,,,,,,,,,,,,,,FALSE,FALSE,,, ,
,,,,,,,,,,,,,,FALSE,FALSE,,, ,
,,,,,,,,,,,,,,FALSE,FALSE,,, ,
,,,,,,,,,,,,,,FALSE,FALSE,,, ,
,,,,,,,,,,,,,,FALSE,FALSE,,, ,
,,,,,,,,,,,,,,FALSE,FALSE,,, ,
,,,,,,,,,,,,,,FALSE,FALSE,,, ,
,,,,,,,,,,,,,,FALSE,FALSE,,, ,
,,,,,,,,,,,,,,FALSE,FALSE,,, ,
,,,,,,,,,,,,,,FALSE,FALSE,,, ,
,,,,,,,,,,,,,,FALSE,FALSE,,, ,
,,,,,,,,,,,,,,FALSE,FALSE,,, ,
,,,,,,,,,,,,,,FALSE,FALSE,,, ,
,,,,,,,,,,,,,,FALSE,FALSE,,, ,
,,,,,,,,,,,,,,FALSE,FALSE,,, ,
,,,,,,,,,,,,,,FALSE,FALSE,,, ,
,,,,,,,,,,,,,,FALSE,FALSE,,, ,
,,,,,,,,,,,,,,FALSE,FALSE,,, ,
,,,,,,,,,,,,,,FALSE,FALSE,,, ,
,,,,,,,,,,,,,,FALSE,FALSE,,, ,
,,,,,,,,,,,,,,FALSE,FALSE,,, ,
,,,,,,,,,,,,,,FALSE,FALSE,,, ,
,,,,,,,,,,,,,,FALSE,FALSE,,, ,
,,,,,,,,,,,,,,FALSE,FALSE,,, ,
,,,,,,,,,,,,,,FALSE,FALSE,,, ,
,,,,,,,,,,,,,,FALSE,FALSE,,, ,
,,,,,,,,,,,,,,FALSE,FALSE,,, ,
,,,,,,,,,,,,,,FALSE,FALSE,,, ,
,,,,,,,,,,,,,,FALSE,FALSE,,, ,
,,,,,,,,,,,,,,FALSE,FALSE,,, ,
,,,,,,,,,,,,,,FALSE,FALSE,,, ,
,,,,,,,,,,,,,,FALSE,FALSE,,, ,
,,,,,,,,,,,,,,FALSE,FALSE,,, ,
,,,,,,,,,,,,,,FALSE,FALSE,,, ,
,,,,,,,,,,,,,,FALSE,FALSE,,, ,
,,,,,,,,,,,,,,FALSE,FALSE,,, ,
,,,,,,,,,,,,,,FALSE,FALSE,,, ,
,,,,,,,,,,,,,,FALSE,FALSE,,, ,
,,,,,,,,,,,,,,FALSE,FALSE,,, ,
,,,,,,,,,,,,,,FALSE,FALSE,,, ,
,,,,,,,,,,,,,,FALSE,FALSE,,, ,
,,,,,,,,,,,,,,FALSE,FALSE,,, ,
,,,,,,,,,,,,,,FALSE,FALSE,,, ,
,,,,,,,,,,,,,,FALSE,FALSE,,, ,
,,,,,,,,,,,,,,FALSE,FALSE,,, ,
,,,,,,,,,,,,,,FALSE,FALSE,,, ,
,,,,,,,,,,,,,,FALSE,FALSE,,, ,
,,,,,,,,,,,,,,FALSE,FALSE,,, ,
,,,,,,,,,,,,,,FALSE,FALSE,,, ,
,,,,,,,,,,,,,,FALSE,FALSE,,, ,
,,,,,,,,,,,,,,FALSE,FALSE,,, ,
,,,,,,,,,,,,,,FALSE,FALSE,,, ,
,,,,,,,,,,,,,,FALSE,FALSE,,, ,
,,,,,,,,,,,,,,FALSE,FALSE,,, ,
,,,,,,,,,,,,,,FALSE,FALSE,,, ,
,,,,,,,,,,,,,,FALSE,FALSE,,, ,
,,,,,,,,,,,,,,FALSE,FALSE,,, ,
,,,,,,,,,,,,,,FALSE,FALSE,,, ,
,,,,,,,,,,,,,,FALSE,FALSE,,, ,
,,,,,,,,,,,,,,FALSE,FALSE,,, ,
,,,,,,,,,,,,,,FALSE,FALSE,,, ,
,,,,,,,,,,,,,,FALSE,FALSE,,, ,
,,,,,,,,,,,,,,FALSE,FALSE,,, ,
,,,,,,,,,,,,,,FALSE,FALSE,,, ,
,,,,,,,,,,,,,,FALSE,FALSE,,, ,
,,,,,,,,,,,,,,FALSE,FALSE,,, ,
,,,,,,,,,,,,,,FALSE,FALSE,,, ,
,,,,,,,,,,,,,,FALSE,FALSE,,, ,
,,,,,,,,,,,,,,FALSE,FALSE,,, ,
,,,,,,,,,,,,,,FALSE,FALSE,,, ,
,,,,,,,,,,,,,,FALSE,FALSE,,, ,
,,,,,,,,,,,,,,FALSE,FALSE,,, ,
,,,,,,,,,,,,,,FALSE,FALSE,,, ,
,,,,,,,,,,,,,,FALSE,FALSE,,, ,
,,,,,,,,,,,,,,FALSE,FALSE,,, ,
,,,,,,,,,,,,,,FALSE,FALSE,,, ,
,,,,,,,,,,,,,,FALSE,FALSE,,, ,
,,,,,,,,,,,,,,FALSE,FALSE,,, ,
,,,,,,,,,,,,,,FALSE,FALSE,,, ,
,,,,,,,,,,,,,,FALSE,FALSE,,, ,
,,,,,,,,,,,,,,FALSE,FALSE,,, ,
,,,,,,,,,,,,,,FALSE,FALSE,,, ,
,,,,,,,,,,,,,,FALSE,FALSE,,, ,
,,,,,,,,,,,,,,FALSE,FALSE,,, ,
,,,,,,,,,,,,,,FALSE,FALSE,,, ,
,,,,,,,,,,,,,,FALSE,FALSE,,, ,
,,,,,,,,,,,,,,FALSE,FALSE,,, ,
,,,,,,,,,,,,,,FALSE,FALSE,,, ,
,,,,,,,,,,,,,,FALSE,FALSE,,, ,
,,,,,,,,,,,,,,FALSE,FALSE,,, ,
,,,,,,,,,,,,,,FALSE,FALSE,,, ,
,,,,,,,,,,,,,,FALSE,FALSE,,, ,
,,,,,,,,,,,,,,FALSE,FALSE,,, ,
,,,,,,,,,,,,,,FALSE,FALSE,,, ,
,,,,,,,,,,,,,,FALSE,FALSE,,, ,
,,,,,,,,,,,,,,FALSE,FALSE,,, ,
,,,,,,,,,,,,,,FALSE,FALSE,,, ,
,,,,,,,,,,,,,,FALSE,FALSE,,, ,
,,,,,,,,,,,,,,FALSE,FALSE,,, ,
,,,,,,,,,,,,,,FALSE,FALSE,,, ,
,,,,,,,,,,,,,,FALSE,FALSE,,, ,
,,,,,,,,,,,,,,FALSE,FALSE,,, ,
,,,,,,,,,,,,,,FALSE,FALSE,,, ,
,,,,,,,,,,,,,,FALSE,FALSE,,, ,
,,,,,,,,,,,,,,FALSE,FALSE,,, ,
,,,,,,,,,,,,,,FALSE,FALSE,,, ,
,,,,,,,,,,,,,,FALSE,FALSE,,, ,
,,,,,,,,,,,,,,FALSE,FALSE,,, ,
,,,,,,,,,,,,,,FALSE,FALSE,,, ,
,,,,,,,,,,,,,,FALSE,FALSE,,, ,
,,,,,,,,,,,,,,FALSE,FALSE,,, ,
,,,,,,,,,,,,,,FALSE,FALSE,,, ,
,,,,,,,,,,,,,,FALSE,FALSE,,, ,
,,,,,,,,,,,,,,FALSE,FALSE,,, ,
,,,,,,,,,,,,,,FALSE,FALSE,,, ,
,,,,,,,,,,,,,,FALSE,FALSE,,, ,
,,,,,,,,,,,,,,FALSE,FALSE,,, ,
,,,,,,,,,,,,,,FALSE,FALSE,,, ,
,,,,,,,,,,,,,,FALSE,FALSE,,, ,
,,,,,,,,,,,,,,FALSE,FALSE,,, ,
,,,,,,,,,,,,,,FALSE,FALSE,,, ,
,,,,,,,,,,,,,,FALSE,FALSE,,, ,
,,,,,,,,,,,,,,FALSE,FALSE,,, ,
,,,,,,,,,,,,,,FALSE,FALSE,,, ,
,,,,,,,,,,,,,,FALSE,FALSE,,, ,
,,,,,,,,,,,,,,FALSE,FALSE,,, ,
,,,,,,,,,,,,,,FALSE,FALSE,,, ,
,,,,,,,,,,,,,,FALSE,FALSE,,, ,
,,,,,,,,,,,,,,FALSE,FALSE,,, ,
,,,,,,,,,,,,,,FALSE,FALSE,,, ,
,,,,,,,,,,,,,,FALSE,FALSE,,, ,
,,,,,,,,,,,,,,FALSE,FALSE,,, ,
,,,,,,,,,,,,,,FALSE,FALSE,,, ,
,,,,,,,,,,,,,,FALSE,FALSE,,, ,
,,,,,,,,,,,,,,FALSE,FALSE,,, ,
,,,,,,,,,,,,,,FALSE,FALSE,,, ,
,,,,,,,,,,,,,,FALSE,FALSE,,, ,
,,,,,,,,,,,,,,FALSE,FALSE,,, ,
,,,,,,,,,,,,,,FALSE,FALSE,,, ,
,,,,,,,,,,,,,,FALSE,FALSE,,, ,
,,,,,,,,,,,,,,FALSE,FALSE,,, ,
,,,,,,,,,,,,,,FALSE,FALSE,,, ,
,,,,,,,,,,,,,,FALSE,FALSE,,, ,
,,,,,,,,,,,,,,FALSE,FALSE,,, ,
,,,,,,,,,,,,,,FALSE,FALSE,,, ,
,,,,,,,,,,,,,,FALSE,FALSE,,, ,
,,,,,,,,,,,,,,FALSE,FALSE,,, ,
,,,,,,,,,,,,,,FALSE,FALSE,,, ,
,,,,,,,,,,,,,,FALSE,FALSE,,, ,
,,,,,,,,,,,,,,FALSE,FALSE,,, ,
,,,,,,,,,,,,,,FALSE,FALSE,,, ,
,,,,,,,,,,,,,,FALSE,FALSE,,, ,
,,,,,,,,,,,,,,FALSE,FALSE,,, ,
,,,,,,,,,,,,,,FALSE,FALSE,,, ,
,,,,,,,,,,,,,,FALSE,FALSE,,, ,
,,,,,,,,,,,,,,FALSE,FALSE,,, ,
,,,,,,,,,,,,,,FALSE,FALSE,,, ,
,,,,,,,,,,,,,,FALSE,FALSE,,, ,
,,,,,,,,,,,,,,FALSE,FALSE,,, ,
,,,,,,,,,,,,,,FALSE,FALSE,,, ,
,,,,,,,,,,,,,,FALSE,FALSE,,, ,
,,,,,,,,,,,,,,FALSE,FALSE,,, ,
,,,,,,,,,,,,,,FALSE,FALSE,,, ,
,,,,,,,,,,,,,,FALSE,FALSE,,, ,
,,,,,,,,,,,,,,FALSE,FALSE,,, ,
,,,,,,,,,,,,,,FALSE,FALSE,,, ,
,,,,,,,,,,,,,,FALSE,FALSE,,, ,
,,,,,,,,,,,,,,FALSE,FALSE,,, ,
,,,,,,,,,,,,,,FALSE,FALSE,,, ,
,,,,,,,,,,,,,,FALSE,FALSE,,, ,
,,,,,,,,,,,,,,FALSE,FALSE,,, ,
,,,,,,,,,,,,,,FALSE,FALSE,,, ,
,,,,,,,,,,,,,,FALSE,FALSE,,, ,
,,,,,,,,,,,,,,FALSE,FALSE,,, ,
,,,,,,,,,,,,,,FALSE,FALSE,,, ,
,,,,,,,,,,,,,,FALSE,FALSE,,, ,
,,,,,,,,,,,,,,FALSE,FALSE,,, ,
,,,,,,,,,,,,,,FALSE,FALSE,,, ,
,,,,,,,,,,,,,,FALSE,FALSE,,, ,
,,,,,,,,,,,,,,FALSE,FALSE,,, ,
,,,,,,,,,,,,,,FALSE,FALSE,,, ,
,,,,,,,,,,,,,,FALSE,FALSE,,, ,
,,,,,,,,,,,,,,FALSE,FALSE,,, ,
,,,,,,,,,,,,,,FALSE,FALSE,,, ,
,,,,,,,,,,,,,,FALSE,FALSE,,, ,
,,,,,,,,,,,,,,FALSE,FALSE,,, ,
,,,,,,,,,,,,,,FALSE,FALSE,,, ,
,,,,,,,,,,,,,,FALSE,FALSE,,, ,
,,,,,,,,,,,,,,FALSE,FALSE,,, ,
,,,,,,,,,,,,,,FALSE,FALSE,,, ,
,,,,,,,,,,,,,,FALSE,FALSE,,, ,
,,,,,,,,,,,,,,FALSE,FALSE,,, ,
,,,,,,,,,,,,,,FALSE,FALSE,,, ,
,,,,,,,,,,,,,,FALSE,FALSE,,, ,
,,,,,,,,,,,,,,FALSE,FALSE,,, ,
,,,,,,,,,,,,,,FALSE,FALSE,,, ,
,,,,,,,,,,,,,,FALSE,FALSE,,, ,
,,,,,,,,,,,,,,FALSE,FALSE,,, ,
,,,,,,,,,,,,,,FALSE,FALSE,,, ,
,,,,,,,,,,,,,,FALSE,FALSE,,, ,
,,,,,,,,,,,,,,FALSE,FALSE,,, ,
,,,,,,,,,,,,,,FALSE,FALSE,,, ,
,,,,,,,,,,,,,,FALSE,FALSE,,, ,
,,,,,,,,,,,,,,FALSE,FALSE,,, ,
,,,,,,,,,,,,,,FALSE,FALSE,,, ,
,,,,,,,,,,,,,,FALSE,FALSE,,, ,
,,,,,,,,,,,,,,FALSE,FALSE,,, ,
,,,,,,,,,,,,,,FALSE,FALSE,,, ,
,,,,,,,,,,,,,,FALSE,FALSE,,, ,
,,,,,,,,,,,,,,FALSE,FALSE,,, ,
,,,,,,,,,,,,,,FALSE,FALSE,,, ,
,,,,,,,,,,,,,,FALSE,FALSE,,, ,
,,,,,,,,,,,,,,FALSE,FALSE,,, ,
,,,,,,,,,,,,,,FALSE,FALSE,,, ,
,,,,,,,,,,,,,,FALSE,FALSE,,, ,
,,,,,,,,,,,,,,FALSE,FALSE,,, ,
,,,,,,,,,,,,,,FALSE,FALSE,,, ,
,,,,,,,,,,,,,,FALSE,FALSE,,, ,
,,,,,,,,,,,,,,FALSE,FALSE,,, ,
,,,,,,,,,,,,,,FALSE,FALSE,,, ,
,,,,,,,,,,,,,,FALSE,FALSE,,, ,
,,,,,,,,,,,,,,FALSE,FALSE,,, ,
,,,,,,,,,,,,,,FALSE,FALSE,,, ,
,,,,,,,,,,,,,,FALSE,FALSE,,, ,
,,,,,,,,,,,,,,FALSE,FALSE,,, ,
,,,,,,,,,,,,,,FALSE,FALSE,,, ,
,,,,,,,,,,,,,,FALSE,FALSE,,, ,
,,,,,,,,,,,,,,FALSE,FALSE,,, ,
,,,,,,,,,,,,,,FALSE,FALSE,,, ,
,,,,,,,,,,,,,,FALSE,FALSE,,, ,
,,,,,,,,,,,,,,FALSE,FALSE,,, ,
,,,,,,,,,,,,,,FALSE,FALSE,,, ,
,,,,,,,,,,,,,,FALSE,FALSE,,, ,
,,,,,,,,,,,,,,FALSE,FALSE,,, ,
,,,,,,,,,,,,,,FALSE,FALSE,,, ,
,,,,,,,,,,,,,,FALSE,FALSE,,, ,
,,,,,,,,,,,,,,FALSE,FALSE,,, ,
,,,,,,,,,,,,,,FALSE,FALSE,,, ,
,,,,,,,,,,,,,,FALSE,FALSE,,, ,
,,,,,,,,,,,,,,FALSE,FALSE,,, ,
,,,,,,,,,,,,,,FALSE,FALSE,,, ,
,,,,,,,,,,,,,,FALSE,FALSE,,, ,
,,,,,,,,,,,,,,FALSE,FALSE,,, ,
,,,,,,,,,,,,,,FALSE,FALSE,,, ,
,,,,,,,,,,,,,,FALSE,FALSE,,, ,
,,,,,,,,,,,,,,FALSE,FALSE,,, ,
,,,,,,,,,,,,,,FALSE,FALSE,,, ,
,,,,,,,,,,,,,,FALSE,FALSE,,, ,
,,,,,,,,,,,,,,FALSE,FALSE,,, ,
,,,,,,,,,,,,,,FALSE,FALSE,,, ,
,,,,,,,,,,,,,,FALSE,FALSE,,, ,
,,,,,,,,,,,,,,FALSE,FALSE,,, ,
,,,,,,,,,,,,,,FALSE,FALSE,,, ,
,,,,,,,,,,,,,,FALSE,FALSE,,, ,
,,,,,,,,,,,,,,FALSE,FALSE,,, ,
,,,,,,,,,,,,,,FALSE,FALSE,,, ,
,,,,,,,,,,,,,,FALSE,FALSE,,, ,
,,,,,,,,,,,,,,FALSE,FALSE,,, ,
,,,,,,,,,,,,,,FALSE,FALSE,,, ,
,,,,,,,,,,,,,,FALSE,FALSE,,, ,
,,,,,,,,,,,,,,FALSE,FALSE,,, ,
,,,,,,,,,,,,,,FALSE,FALSE,,, ,
,,,,,,,,,,,,,,FALSE,FALSE,,, ,
,,,,,,,,,,,,,,FALSE,FALSE,,, ,
,,,,,,,,,,,,,,FALSE,FALSE,,, ,
,,,,,,,,,,,,,,FALSE,FALSE,,, ,
,,,,,,,,,,,,,,FALSE,FALSE,,, ,
,,,,,,,,,,,,,,FALSE,FALSE,,, ,
,,,,,,,,,,,,,,FALSE,FALSE,,, ,
,,,,,,,,,,,,,,FALSE,FALSE,,, ,
,,,,,,,,,,,,,,FALSE,FALSE,,, ,
,,,,,,,,,,,,,,FALSE,FALSE,,, ,
,,,,,,,,,,,,,,FALSE,FALSE,,, ,
,,,,,,,,,,,,,,FALSE,FALSE,,, ,
,,,,,,,,,,,,,,FALSE,FALSE,,, ,
,,,,,,,,,,,,,,FALSE,FALSE,,, ,
,,,,,,,,,,,,,,FALSE,FALSE,,, ,
,,,,,,,,,,,,,,FALSE,FALSE,,, ,
,,,,,,,,,,,,,,FALSE,FALSE,,, ,
,,,,,,,,,,,,,,FALSE,FALSE,,, ,
,,,,,,,,,,,,,,FALSE,FALSE,,, ,
,,,,,,,,,,,,,,FALSE,FALSE,,, ,
,,,,,,,,,,,,,,FALSE,FALSE,,, ,
,,,,,,,,,,,,,,FALSE,FALSE,,, ,
,,,,,,,,,,,,,,FALSE,FALSE,,, ,
,,,,,,,,,,,,,,FALSE,FALSE,,, ,
,,,,,,,,,,,,,,FALSE,FALSE,,, ,
,,,,,,,,,,,,,,FALSE,FALSE,,, ,
,,,,,,,,,,,,,,FALSE,FALSE,,, ,
,,,,,,,,,,,,,,FALSE,FALSE,,, ,
,,,,,,,,,,,,,,FALSE,FALSE,,, ,
,,,,,,,,,,,,,,FALSE,FALSE,,, ,
,,,,,,,,,,,,,,FALSE,FALSE,,, ,
,,,,,,,,,,,,,,FALSE,FALSE,,, ,
,,,,,,,,,,,,,,FALSE,FALSE,,, ,
,,,,,,,,,,,,,,FALSE,FALSE,,, ,
,,,,,,,,,,,,,,FALSE,FALSE,,, ,
,,,,,,,,,,,,,,FALSE,FALSE,,, ,
,,,,,,,,,,,,,,FALSE,FALSE,,, ,
,,,,,,,,,,,,,,FALSE,FALSE,,, ,
,,,,,,,,,,,,,,FALSE,FALSE,,, ,
,,,,,,,,,,,,,,FALSE,FALSE,,, ,
,,,,,,,,,,,,,,FALSE,FALSE,,, ,
,,,,,,,,,,,,,,FALSE,FALSE,,, ,
,,,,,,,,,,,,,,FALSE,FALSE,,, ,
,,,,,,,,,,,,,,FALSE,FALSE,,, ,
,,,,,,,,,,,,,,FALSE,FALSE,,, ,
,,,,,,,,,,,,,,FALSE,FALSE,,, ,
,,,,,,,,,,,,,,FALSE,FALSE,,, ,
,,,,,,,,,,,,,,FALSE,FALSE,,, ,
,,,,,,,,,,,,,,FALSE,FALSE,,, ,
,,,,,,,,,,,,,,FALSE,FALSE,,, ,
,,,,,,,,,,,,,,FALSE,FALSE,,, ,
,,,,,,,,,,,,,,FALSE,FALSE,,, ,
,,,,,,,,,,,,,,FALSE,FALSE,,, ,
,,,,,,,,,,,,,,FALSE,FALSE,,, ,
,,,,,,,,,,,,,,FALSE,FALSE,,, ,
,,,,,,,,,,,,,,FALSE,FALSE,,, ,
,,,,,,,,,,,,,,FALSE,FALSE,,, ,
,,,,,,,,,,,,,,FALSE,FALSE,,, ,
,,,,,,,,,,,,,,FALSE,FALSE,,, ,
,,,,,,,,,,,,,,FALSE,FALSE,,, ,
,,,,,,,,,,,,,,FALSE,FALSE,,, ,
,,,,,,,,,,,,,,FALSE,FALSE,,, ,
,,,,,,,,,,,,,,FALSE,FALSE,,, ,
,,,,,,,,,,,,,,FALSE,FALSE,,, ,
,,,,,,,,,,,,,,FALSE,FALSE,,, ,
,,,,,,,,,,,,,,FALSE,FALSE,,, ,
,,,,,,,,,,,,,,FALSE,FALSE,,, ,
,,,,,,,,,,,,,,FALSE,FALSE,,, ,
,,,,,,,,,,,,,,FALSE,FALSE,,, ,
,,,,,,,,,,,,,,FALSE,FALSE,,, ,
,,,,,,,,,,,,,,FALSE,FALSE,,, ,
,,,,,,,,,,,,,,FALSE,FALSE,,, ,
,,,,,,,,,,,,,,FALSE,FALSE,,, ,
,,,,,,,,,,,,,,FALSE,FALSE,,, ,
,,,,,,,,,,,,,,FALSE,FALSE,,, ,
,,,,,,,,,,,,,,FALSE,FALSE,,, ,
,,,,,,,,,,,,,,FALSE,FALSE,,, ,
,,,,,,,,,,,,,,FALSE,FALSE,,, ,
,,,,,,,,,,,,,,FALSE,FALSE,,, ,
,,,,,,,,,,,,,,FALSE,FALSE,,, ,
,,,,,,,,,,,,,,FALSE,FALSE,,, ,
,,,,,,,,,,,,,,FALSE,FALSE,,, ,
,,,,,,,,,,,,,,FALSE,FALSE,,, ,
,,,,,,,,,,,,,,FALSE,FALSE,,, ,
,,,,,,,,,,,,,,FALSE,FALSE,,, ,
,,,,,,,,,,,,,,FALSE,FALSE,,, ,
,,,,,,,,,,,,,,FALSE,FALSE,,, ,
,,,,,,,,,,,,,,FALSE,FALSE,,, ,
,,,,,,,,,,,,,,FALSE,FALSE,,, ,
,,,,,,,,,,,,,,FALSE,FALSE,,, ,
,,,,,,,,,,,,,,FALSE,FALSE,,, ,
,,,,,,,,,,,,,,FALSE,FALSE,,, ,
,,,,,,,,,,,,,,FALSE,FALSE,,, ,
,,,,,,,,,,,,,,FALSE,FALSE,,, ,
,,,,,,,,,,,,,,FALSE,FALSE,,, ,
,,,,,,,,,,,,,,FALSE,FALSE,,, ,
,,,,,,,,,,,,,,FALSE,FALSE,,, ,
,,,,,,,,,,,,,,FALSE,FALSE,,, ,
,,,,,,,,,,,,,,FALSE,FALSE,,, ,
,,,,,,,,,,,,,,FALSE,FALSE,,, ,
,,,,,,,,,,,,,,FALSE,FALSE,,, ,
,,,,,,,,,,,,,,FALSE,FALSE,,, ,
,,,,,,,,,,,,,,FALSE,FALSE,,, ,
,,,,,,,,,,,,,,FALSE,FALSE,,, ,
,,,,,,,,,,,,,,FALSE,FALSE,,, ,
,,,,,,,,,,,,,,FALSE,FALSE,,, ,
,,,,,,,,,,,,,,FALSE,FALSE,,, ,
,,,,,,,,,,,,,,FALSE,FALSE,,, ,
,,,,,,,,,,,,,,FALSE,FALSE,,, ,
,,,,,,,,,,,,,,FALSE,FALSE,,, ,
,,,,,,,,,,,,,,FALSE,FALSE,,, ,
,,,,,,,,,,,,,,FALSE,FALSE,,, ,
,,,,,,,,,,,,,,FALSE,FALSE,,, ,
,,,,,,,,,,,,,,FALSE,FALSE,,, ,
,,,,,,,,,,,,,,FALSE,FALSE,,, ,
,,,,,,,,,,,,,,FALSE,FALSE,,, ,
,,,,,,,,,,,,,,FALSE,FALSE,,, ,
,,,,,,,,,,,,,,FALSE,FALSE,,, ,
,,,,,,,,,,,,,,FALSE,FALSE,,, ,
,,,,,,,,,,,,,,FALSE,FALSE,,, ,
,,,,,,,,,,,,,,FALSE,FALSE,,, ,
,,,,,,,,,,,,,,FALSE,FALSE,,, ,
,,,,,,,,,,,,,,FALSE,FALSE,,, ,
,,,,,,,,,,,,,,FALSE,FALSE,,, ,
,,,,,,,,,,,,,,FALSE,FALSE,,, ,
,,,,,,,,,,,,,,FALSE,FALSE,,, ,
,,,,,,,,,,,,,,FALSE,FALSE,,, ,
,,,,,,,,,,,,,,FALSE,FALSE,,, ,
,,,,,,,,,,,,,,FALSE,FALSE,,, ,
,,,,,,,,,,,,,,FALSE,FALSE,,, ,
,,,,,,,,,,,,,,FALSE,FALSE,,, ,
,,,,,,,,,,,,,,FALSE,FALSE,,, ,
,,,,,,,,,,,,,,FALSE,FALSE,,, ,
,,,,,,,,,,,,,,FALSE,FALSE,,, ,
,,,,,,,,,,,,,,FALSE,FALSE,,, ,
,,,,,,,,,,,,,,FALSE,FALSE,,, ,
,,,,,,,,,,,,,,FALSE,FALSE,,, ,
,,,,,,,,,,,,,,FALSE,FALSE,,, ,
,,,,,,,,,,,,,,FALSE,FALSE,,, ,
,,,,,,,,,,,,,,FALSE,FALSE,,, ,
,,,,,,,,,,,,,,FALSE,FALSE,,, ,
,,,,,,,,,,,,,,FALSE,FALSE,,, ,
,,,,,,,,,,,,,,FALSE,FALSE,,, ,
,,,,,,,,,,,,,,FALSE,FALSE,,, ,
,,,,,,,,,,,,,,FALSE,FALSE,,, ,
,,,,,,,,,,,,,,FALSE,FALSE,,, ,
,,,,,,,,,,,,,,FALSE,FALSE,,, ,
,,,,,,,,,,,,,,FALSE,FALSE,,, ,
,,,,,,,,,,,,,,FALSE,FALSE,,, ,
,,,,,,,,,,,,,,FALSE,FALSE,,, ,
,,,,,,,,,,,,,,FALSE,FALSE,,, ,
,,,,,,,,,,,,,,FALSE,FALSE,,, ,
,,,,,,,,,,,,,,FALSE,FALSE,,, ,
,,,,,,,,,,,,,,FALSE,FALSE,,, ,
,,,,,,,,,,,,,,FALSE,FALSE,,, ,
,,,,,,,,,,,,,,FALSE,FALSE,,, ,
,,,,,,,,,,,,,,FALSE,FALSE,,, ,
,,,,,,,,,,,,,,FALSE,FALSE,,, ,
,,,,,,,,,,,,,,FALSE,FALSE,,, ,
,,,,,,,,,,,,,,FALSE,FALSE,,, ,
,,,,,,,,,,,,,,FALSE,FALSE,,, ,
,,,,,,,,,,,,,,FALSE,FALSE,,, ,
,,,,,,,,,,,,,,FALSE,FALSE,,, ,
,,,,,,,,,,,,,,FALSE,FALSE,,, ,
,,,,,,,,,,,,,,FALSE,FALSE,,, ,
,,,,,,,,,,,,,,FALSE,FALSE,,, ,
,,,,,,,,,,,,,,FALSE,FALSE,,, ,
,,,,,,,,,,,,,,FALSE,FALSE,,, ,
,,,,,,,,,,,,,,FALSE,FALSE,,, ,
,,,,,,,,,,,,,,FALSE,FALSE,,, ,
,,,,,,,,,,,,,,FALSE,FALSE,,, ,
,,,,,,,,,,,,,,FALSE,FALSE,,, ,
,,,,,,,,,,,,,,FALSE,FALSE,,, ,
,,,,,,,,,,,,,,FALSE,FALSE,,, ,
,,,,,,,,,,,,,,FALSE,FALSE,,, ,
,,,,,,,,,,,,,,FALSE,FALSE,,, ,
,,,,,,,,,,,,,,FALSE,FALSE,,, ,
,,,,,,,,,,,,,,FALSE,FALSE,,, ,
,,,,,,,,,,,,,,FALSE,FALSE,,, ,
,,,,,,,,,,,,,,FALSE,FALSE,,, ,
,,,,,,,,,,,,,,FALSE,FALSE,,, ,
,,,,,,,,,,,,,,FALSE,FALSE,,, ,
,,,,,,,,,,,,,,FALSE,FALSE,,, ,
,,,,,,,,,,,,,,FALSE,FALSE,,, ,
,,,,,,,,,,,,,,FALSE,FALSE,,, ,
,,,,,,,,,,,,,,FALSE,FALSE,,, ,
,,,,,,,,,,,,,,FALSE,FALSE,,, ,
,,,,,,,,,,,,,,FALSE,FALSE,,, ,
,,,,,,,,,,,,,,FALSE,FALSE,,, ,
,,,,,,,,,,,,,,FALSE,FALSE,,, ,
,,,,,,,,,,,,,,FALSE,FALSE,,, ,
,,,,,,,,,,,,,,FALSE,FALSE,,, ,
,,,,,,,,,,,,,,FALSE,FALSE,,, ,
,,,,,,,,,,,,,,FALSE,FALSE,,, ,
,,,,,,,,,,,,,,FALSE,FALSE,,, ,
,,,,,,,,,,,,,,FALSE,FALSE,,, ,
,,,,,,,,,,,,,,FALSE,FALSE,,, ,
,,,,,,,,,,,,,,FALSE,FALSE,,, ,
,,,,,,,,,,,,,,FALSE,FALSE,,, ,
,,,,,,,,,,,,,,FALSE,FALSE,,, ,
,,,,,,,,,,,,,,FALSE,FALSE,,, ,
,,,,,,,,,,,,,,FALSE,FALSE,,, ,
,,,,,,,,,,,,,,FALSE,FALSE,,, ,
,,,,,,,,,,,,,,FALSE,FALSE,,, ,
,,,,,,,,,,,,,,FALSE,FALSE,,, ,
,,,,,,,,,,,,,,FALSE,FALSE,,, ,
,,,,,,,,,,,,,,FALSE,FALSE,,, ,
,,,,,,,,,,,,,,FALSE,FALSE,,, ,
,,,,,,,,,,,,,,FALSE,FALSE,,, ,
,,,,,,,,,,,,,,FALSE,FALSE,,, ,
,,,,,,,,,,,,,,FALSE,FALSE,,, ,
,,,,,,,,,,,,,,FALSE,FALSE,,, ,
,,,,,,,,,,,,,,FALSE,FALSE,,, ,
,,,,,,,,,,,,,,FALSE,FALSE,,, ,
,,,,,,,,,,,,,,FALSE,FALSE,,, ,
,,,,,,,,,,,,,,FALSE,FALSE,,, ,
,,,,,,,,,,,,,,FALSE,FALSE,,, ,
,,,,,,,,,,,,,,FALSE,FALSE,,, ,
,,,,,,,,,,,,,,FALSE,FALSE,,, ,
,,,,,,,,,,,,,,FALSE,FALSE,,, ,
,,,,,,,,,,,,,,FALSE,FALSE,,, ,
,,,,,,,,,,,,,,FALSE,FALSE,,, ,
,,,,,,,,,,,,,,FALSE,FALSE,,, ,
,,,,,,,,,,,,,,FALSE,FALSE,,, ,
,,,,,,,,,,,,,,FALSE,FALSE,,, ,
,,,,,,,,,,,,,,FALSE,FALSE,,, ,
,,,,,,,,,,,,,,FALSE,FALSE,,, ,
,,,,,,,,,,,,,,FALSE,FALSE,,, ,
,,,,,,,,,,,,,,FALSE,FALSE,,, ,
,,,,,,,,,,,,,,FALSE,FALSE,,, ,
,,,,,,,,,,,,,,FALSE,FALSE,,, ,
,,,,,,,,,,,,,,FALSE,FALSE,,, ,
,,,,,,,,,,,,,,FALSE,FALSE,,, ,
,,,,,,,,,,,,,,FALSE,FALSE,,, ,
,,,,,,,,,,,,,,FALSE,FALSE,,, ,
,,,,,,,,,,,,,,FALSE,FALSE,,, ,
,,,,,,,,,,,,,,FALSE,FALSE,,, ,
,,,,,,,,,,,,,,FALSE,FALSE,,, ,
,,,,,,,,,,,,,,FALSE,FALSE,,, ,
,,,,,,,,,,,,,,FALSE,FALSE,,, ,
,,,,,,,,,,,,,,FALSE,FALSE,,, ,
,,,,,,,,,,,,,,FALSE,FALSE,,, ,
,,,,,,,,,,,,,,FALSE,FALSE,,, ,
,,,,,,,,,,,,,,FALSE,FALSE,,, ,
,,,,,,,,,,,,,,FALSE,FALSE,,, ,
,,,,,,,,,,,,,,FALSE,FALSE,,, ,
,,,,,,,,,,,,,,FALSE,FALSE,,, ,
,,,,,,,,,,,,,,FALSE,FALSE,,, ,
,,,,,,,,,,,,,,FALSE,FALSE,,, ,
,,,,,,,,,,,,,,FALSE,FALSE,,, ,
,,,,,,,,,,,,,,FALSE,FALSE,,, ,
,,,,,,,,,,,,,,FALSE,FALSE,,, ,
,,,,,,,,,,,,,,FALSE,FALSE,,, ,
,,,,,,,,,,,,,,FALSE,FALSE,,, ,
,,,,,,,,,,,,,,FALSE,FALSE,,, ,
,,,,,,,,,,,,,,FALSE,FALSE,,, ,
,,,,,,,,,,,,,,FALSE,FALSE,,, ,
,,,,,,,,,,,,,,FALSE,FALSE,,, ,
,,,,,,,,,,,,,,FALSE,FALSE,,, ,
,,,,,,,,,,,,,,FALSE,FALSE,,, ,
,,,,,,,,,,,,,,FALSE,FALSE,,, ,
,,,,,,,,,,,,,,FALSE,FALSE,,, ,
,,,,,,,,,,,,,,FALSE,FALSE,,, ,
,,,,,,,,,,,,,,FALSE,FALSE,,, ,
,,,,,,,,,,,,,,FALSE,FALSE,,, ,
,,,,,,,,,,,,,,FALSE,FALSE,,, ,
,,,,,,,,,,,,,,FALSE,FALSE,,, ,
,,,,,,,,,,,,,,FALSE,FALSE,,, ,
,,,,,,,,,,,,,,FALSE,FALSE,,, ,
,,,,,,,,,,,,,,FALSE,FALSE,,, ,
,,,,,,,,,,,,,,FALSE,FALSE,,, ,
,,,,,,,,,,,,,,FALSE,FALSE,,, ,
,,,,,,,,,,,,,,FALSE,FALSE,,, ,
,,,,,,,,,,,,,,FALSE,FALSE,,, ,
,,,,,,,,,,,,,,FALSE,FALSE,,, ,
,,,,,,,,,,,,,,FALSE,FALSE,,, ,
,,,,,,,,,,,,,,FALSE,FALSE,,, ,
,,,,,,,,,,,,,,FALSE,FALSE,,, ,
,,,,,,,,,,,,,,FALSE,FALSE,,, ,
,,,,,,,,,,,,,,FALSE,FALSE,,, ,
,,,,,,,,,,,,,,FALSE,FALSE,,, ,
,,,,,,,,,,,,,,FALSE,FALSE,,, ,
,,,,,,,,,,,,,,FALSE,FALSE,,, ,
,,,,,,,,,,,,,,FALSE,FALSE,,, ,
,,,,,,,,,,,,,,FALSE,FALSE,,, ,
,,,,,,,,,,,,,,FALSE,FALSE,,, ,
,,,,,,,,,,,,,,FALSE,FALSE,,, ,
,,,,,,,,,,,,,,FALSE,FALSE,,, ,
,,,,,,,,,,,,,,FALSE,FALSE,,, ,
,,,,,,,,,,,,,,FALSE,FALSE,,, ,
,,,,,,,,,,,,,,FALSE,FALSE,,, ,
,,,,,,,,,,,,,,FALSE,FALSE,,, ,
,,,,,,,,,,,,,,FALSE,FALSE,,, ,
,,,,,,,,,,,,,,FALSE,FALSE,,, ,
,,,,,,,,,,,,,,FALSE,FALSE,,, ,
,,,,,,,,,,,,,,FALSE,FALSE,,, ,
,,,,,,,,,,,,,,FALSE,FALSE,,, ,
,,,,,,,,,,,,,,FALSE,FALSE,,, ,
,,,,,,,,,,,,,,FALSE,FALSE,,, ,
,,,,,,,,,,,,,,FALSE,FALSE,,, ,
,,,,,,,,,,,,,,FALSE,FALSE,,, ,
,,,,,,,,,,,,,,FALSE,FALSE,,, ,
,,,,,,,,,,,,,,FALSE,FALSE,,, ,
,,,,,,,,,,,,,,FALSE,FALSE,,, ,
,,,,,,,,,,,,,,FALSE,FALSE,,, ,
,,,,,,,,,,,,,,FALSE,FALSE,,, ,
,,,,,,,,,,,,,,FALSE,FALSE,,, ,
,,,,,,,,,,,,,,FALSE,FALSE,,, ,
,,,,,,,,,,,,,,FALSE,FALSE,,, ,
,,,,,,,,,,,,,,FALSE,FALSE,,, ,
,,,,,,,,,,,,,,FALSE,FALSE,,, ,
,,,,,,,,,,,,,,FALSE,FALSE,,, ,
,,,,,,,,,,,,,,FALSE,FALSE,,, ,
,,,,,,,,,,,,,,FALSE,FALSE,,, ,
,,,,,,,,,,,,,,FALSE,FALSE,,, ,
,,,,,,,,,,,,,,FALSE,FALSE,,, ,
,,,,,,,,,,,,,,FALSE,FALSE,,, ,
,,,,,,,,,,,,,,FALSE,FALSE,,, ,
,,,,,,,,,,,,,,FALSE,FALSE,,, ,
,,,,,,,,,,,,,,FALSE,FALSE,,, ,
,,,,,,,,,,,,,,FALSE,FALSE,,, ,
,,,,,,,,,,,,,,FALSE,FALSE,,, ,
,,,,,,,,,,,,,,FALSE,FALSE,,, ,
,,,,,,,,,,,,,,FALSE,FALSE,,, ,
,,,,,,,,,,,,,,FALSE,FALSE,,, ,
,,,,,,,,,,,,,,FALSE,FALSE,,, ,
,,,,,,,,,,,,,,FALSE,FALSE,,, ,
,,,,,,,,,,,,,,FALSE,FALSE,,, ,
,,,,,,,,,,,,,,FALSE,FALSE,,, ,
,,,,,,,,,,,,,,FALSE,FALSE,,, ,
,,,,,,,,,,,,,,FALSE,FALSE,,, ,
,,,,,,,,,,,,,,FALSE,FALSE,,, ,
,,,,,,,,,,,,,,FALSE,FALSE,,, ,
,,,,,,,,,,,,,,FALSE,FALSE,,, ,
,,,,,,,,,,,,,,FALSE,FALSE,,, ,
,,,,,,,,,,,,,,FALSE,FALSE,,, ,
,,,,,,,,,,,,,,FALSE,FALSE,,, ,
,,,,,,,,,,,,,,FALSE,FALSE,,, ,
,,,,,,,,,,,,,,FALSE,FALSE,,, ,
,,,,,,,,,,,,,,FALSE,FALSE,,, ,
,,,,,,,,,,,,,,FALSE,FALSE,,, ,
,,,,,,,,,,,,,,FALSE,FALSE,,, ,
,,,,,,,,,,,,,,FALSE,FALSE,,, ,
,,,,,,,,,,,,,,FALSE,FALSE,,, ,
,,,,,,,,,,,,,,FALSE,FALSE,,, ,
,,,,,,,,,,,,,,FALSE,FALSE,,, ,
,,,,,,,,,,,,,,FALSE,FALSE,,, ,
,,,,,,,,,,,,,,FALSE,FALSE,,, ,
,,,,,,,,,,,,,,FALSE,FALSE,,, ,
,,,,,,,,,,,,,,FALSE,FALSE,,, ,
,,,,,,,,,,,,,,FALSE,FALSE,,, ,
,,,,,,,,,,,,,,FALSE,FALSE,,, ,
,,,,,,,,,,,,,,FALSE,FALSE,,, ,
,,,,,,,,,,,,,,FALSE,FALSE,,, ,
,,,,,,,,,,,,,,FALSE,FALSE,,, ,
,,,,,,,,,,,,,,FALSE,FALSE,,, ,
,,,,,,,,,,,,,,FALSE,FALSE,,, ,
,,,,,,,,,,,,,,FALSE,FALSE,,, ,
,,,,,,,,,,,,,,FALSE,FALSE,,, ,
,,,,,,,,,,,,,,FALSE,FALSE,,, ,
,,,,,,,,,,,,,,FALSE,FALSE,,, ,
,,,,,,,,,,,,,,FALSE,FALSE,,, ,
,,,,,,,,,,,,,,FALSE,FALSE,,, ,
,,,,,,,,,,,,,,FALSE,FALSE,,, ,
,,,,,,,,,,,,,,FALSE,FALSE,,, ,
,,,,,,,,,,,,,,FALSE,FALSE,,, ,
,,,,,,,,,,,,,,FALSE,FALSE,,, ,
,,,,,,,,,,,,,,FALSE,FALSE,,, ,
,,,,,,,,,,,,,,FALSE,FALSE,,, ,
,,,,,,,,,,,,,,FALSE,FALSE,,, ,
,,,,,,,,,,,,,,FALSE,FALSE,,, ,
,,,,,,,,,,,,,,FALSE,FALSE,,, ,
,,,,,,,,,,,,,,FALSE,FALSE,,, ,
,,,,,,,,,,,,,,FALSE,FALSE,,, ,
,,,,,,,,,,,,,,FALSE,FALSE,,, ,
,,,,,,,,,,,,,,FALSE,FALSE,,, ,
,,,,,,,,,,,,,,FALSE,FALSE,,, ,
,,,,,,,,,,,,,,FALSE,FALSE,,, ,
,,,,,,,,,,,,,,FALSE,FALSE,,, ,
,,,,,,,,,,,,,,FALSE,FALSE,,, ,
,,,,,,,,,,,,,,FALSE,FALSE,,, ,
,,,,,,,,,,,,,,FALSE,FALSE,,, ,
,,,,,,,,,,,,,,FALSE,FALSE,,, ,
,,,,,,,,,,,,,,FALSE,FALSE,,, ,
,,,,,,,,,,,,,,FALSE,FALSE,,, ,
,,,,,,,,,,,,,,FALSE,FALSE,,, ,
,,,,,,,,,,,,,,FALSE,FALSE,,, ,
,,,,,,,,,,,,,,FALSE,FALSE,,, ,
,,,,,,,,,,,,,,FALSE,FALSE,,, ,
,,,,,,,,,,,,,,FALSE,FALSE,,, ,
,,,,,,,,,,,,,,FALSE,FALSE,,, ,
,,,,,,,,,,,,,,FALSE,FALSE,,, ,
,,,,,,,,,,,,,,FALSE,FALSE,,, ,
,,,,,,,,,,,,,,FALSE,FALSE,,, ,
,,,,,,,,,,,,,,FALSE,FALSE,,, ,
,,,,,,,,,,,,,,FALSE,FALSE,,, ,
,,,,,,,,,,,,,,FALSE,FALSE,,, ,
,,,,,,,,,,,,,,FALSE,FALSE,,, ,
,,,,,,,,,,,,,,FALSE,FALSE,,, ,
,,,,,,,,,,,,,,FALSE,FALSE,,, ,
,,,,,,,,,,,,,,FALSE,FALSE,,, ,
,,,,,,,,,,,,,,FALSE,FALSE,,, ,
,,,,,,,,,,,,,,FALSE,FALSE,,, ,
,,,,,,,,,,,,,,FALSE,FALSE,,, ,
,,,,,,,,,,,,,,FALSE,FALSE,,, ,
,,,,,,,,,,,,,,FALSE,FALSE,,, ,
,,,,,,,,,,,,,,FALSE,FALSE,,, ,
,,,,,,,,,,,,,,FALSE,FALSE,,, ,
,,,,,,,,,,,,,,FALSE,FALSE,,, ,
,,,,,,,,,,,,,,FALSE,FALSE,,, ,
,,,,,,,,,,,,,,FALSE,FALSE,,, ,
,,,,,,,,,,,,,,FALSE,FALSE,,, ,
,,,,,,,,,,,,,,FALSE,FALSE,,, ,
,,,,,,,,,,,,,,FALSE,FALSE,,, ,
,,,,,,,,,,,,,,FALSE,FALSE,,, ,
,,,,,,,,,,,,,,FALSE,FALSE,,, ,
,,,,,,,,,,,,,,FALSE,FALSE,,, ,
,,,,,,,,,,,,,,FALSE,FALSE,,, ,
,,,,,,,,,,,,,,FALSE,FALSE,,, ,
,,,,,,,,,,,,,,FALSE,FALSE,,, ,
,,,,,,,,,,,,,,FALSE,FALSE,,, ,
,,,,,,,,,,,,,,FALSE,FALSE,,, ,
,,,,,,,,,,,,,,FALSE,FALSE,,, ,
,,,,,,,,,,,,,,FALSE,FALSE,,, ,
,,,,,,,,,,,,,,FALSE,FALSE,,, ,
,,,,,,,,,,,,,,FALSE,FALSE,,, ,
,,,,,,,,,,,,,,FALSE,FALSE,,, ,
,,,,,,,,,,,,,,FALSE,FALSE,,, ,
,,,,,,,,,,,,,,FALSE,FALSE,,, ,
,,,,,,,,,,,,,,FALSE,FALSE,,, ,
,,,,,,,,,,,,,,FALSE,FALSE,,, ,
,,,,,,,,,,,,,,FALSE,FALSE,,, ,
,,,,,,,,,,,,,,FALSE,FALSE,,, ,
,,,,,,,,,,,,,,FALSE,FALSE,,, ,
,,,,,,,,,,,,,,FALSE,FALSE,,, ,
,,,,,,,,,,,,,,FALSE,FALSE,,, ,
,,,,,,,,,,,,,,FALSE,FALSE,,, ,
,,,,,,,,,,,,,,FALSE,FALSE,,, ,
,,,,,,,,,,,,,,FALSE,FALSE,,, ,
,,,,,,,,,,,,,,FALSE,FALSE,,, ,
,,,,,,,,,,,,,,FALSE,FALSE,,, ,
,,,,,,,,,,,,,,FALSE,FALSE,,, ,
,,,,,,,,,,,,,,FALSE,FALSE,,, ,
,,,,,,,,,,,,,,FALSE,FALSE,,, ,
,,,,,,,,,,,,,,FALSE,FALSE,,, ,
,,,,,,,,,,,,,,FALSE,FALSE,,, ,
,,,,,,,,,,,,,,FALSE,FALSE,,, ,
,,,,,,,,,,,,,,FALSE,FALSE,,, ,
,,,,,,,,,,,,,,FALSE,FALSE,,, ,
,,,,,,,,,,,,,,FALSE,FALSE,,, ,
,,,,,,,,,,,,,,FALSE,FALSE,,, ,
,,,,,,,,,,,,,,FALSE,FALSE,,, ,
,,,,,,,,,,,,,,FALSE,FALSE,,, ,
,,,,,,,,,,,,,,FALSE,FALSE,,, ,
,,,,,,,,,,,,,,FALSE,FALSE,,, ,
,,,,,,,,,,,,,,FALSE,FALSE,,, ,
,,,,,,,,,,,,,,FALSE,FALSE,,, ,
,,,,,,,,,,,,,,FALSE,FALSE,,, ,
,,,,,,,,,,,,,,FALSE,FALSE,,, ,
,,,,,,,,,,,,,,FALSE,FALSE,,, ,
,,,,,,,,,,,,,,FALSE,FALSE,,, ,
,,,,,,,,,,,,,,FALSE,FALSE,,, ,
,,,,,,,,,,,,,,FALSE,FALSE,,, ,
,,,,,,,,,,,,,,FALSE,FALSE,,, ,
,,,,,,,,,,,,,,FALSE,FALSE,,, ,
,,,,,,,,,,,,,,FALSE,FALSE,,, ,
,,,,,,,,,,,,,,FALSE,FALSE,,, ,
,,,,,,,,,,,,,,FALSE,FALSE,,, ,
,,,,,,,,,,,,,,FALSE,FALSE,,, ,
,,,,,,,,,,,,,,FALSE,FALSE,,, ,
,,,,,,,,,,,,,,FALSE,FALSE,,, ,
,,,,,,,,,,,,,,FALSE,FALSE,,, ,
,,,,,,,,,,,,,,FALSE,FALSE,,, ,
,,,,,,,,,,,,,,FALSE,FALSE,,, ,
,,,,,,,,,,,,,,FALSE,FALSE,,, ,
,,,,,,,,,,,,,,FALSE,FALSE,,, ,
,,,,,,,,,,,,,,FALSE,FALSE,,, ,
,,,,,,,,,,,,,,FALSE,FALSE,,, ,
,,,,,,,,,,,,,,FALSE,FALSE,,, ,
,,,,,,,,,,,,,,FALSE,FALSE,,, ,
,,,,,,,,,,,,,,FALSE,FALSE,,, ,
,,,,,,,,,,,,,,FALSE,FALSE,,, ,
,,,,,,,,,,,,,,FALSE,FALSE,,, ,
,,,,,,,,,,,,,,FALSE,FALSE,,, ,
,,,,,,,,,,,,,,FALSE,FALSE,,, ,
,,,,,,,,,,,,,,FALSE,FALSE,,, ,
,,,,,,,,,,,,,,FALSE,FALSE,,, ,
,,,,,,,,,,,,,,FALSE,FALSE,,, ,
,,,,,,,,,,,,,,FALSE,FALSE,,, ,
,,,,,,,,,,,,,,FALSE,FALSE,,, ,
,,,,,,,,,,,,,,FALSE,FALSE,,, ,
,,,,,,,,,,,,,,FALSE,FALSE,,, ,
,,,,,,,,,,,,,,FALSE,FALSE,,, ,
,,,,,,,,,,,,,,FALSE,FALSE,,, ,
,,,,,,,,,,,,,,FALSE,FALSE,,, ,
,,,,,,,,,,,,,,FALSE,FALSE,,, ,
,,,,,,,,,,,,,,FALSE,FALSE,,, ,
,,,,,,,,,,,,,,FALSE,FALSE,,, ,
,,,,,,,,,,,,,,FALSE,FALSE,,, ,
,,,,,,,,,,,,,,FALSE,FALSE,,, ,
,,,,,,,,,,,,,,FALSE,FALSE,,, ,
,,,,,,,,,,,,,,FALSE,FALSE,,, ,
,,,,,,,,,,,,,,FALSE,FALSE,,, ,
,,,,,,,,,,,,,,FALSE,FALSE,,, ,
,,,,,,,,,,,,,,FALSE,FALSE,,, ,
,,,,,,,,,,,,,,FALSE,FALSE,,, ,
,,,,,,,,,,,,,,FALSE,FALSE,,, ,
,,,,,,,,,,,,,,FALSE,FALSE,,, ,
,,,,,,,,,,,,,,FALSE,FALSE,,, ,
,,,,,,,,,,,,,,FALSE,FALSE,,, ,
,,,,,,,,,,,,,,FALSE,FALSE,,, ,
,,,,,,,,,,,,,,FALSE,FALSE,,, ,
,,,,,,,,,,,,,,FALSE,FALSE,,, ,
,,,,,,,,,,,,,,FALSE,FALSE,,, ,
,,,,,,,,,,,,,,FALSE,FALSE,,, ,
,,,,,,,,,,,,,,FALSE,FALSE,,, ,
,,,,,,,,,,,,,,FALSE,FALSE,,, ,
,,,,,,,,,,,,,,FALSE,FALSE,,, ,
,,,,,,,,,,,,,,FALSE,FALSE,,, ,
,,,,,,,,,,,,,,FALSE,FALSE,,, ,
,,,,,,,,,,,,,,FALSE,FALSE,,, ,
,,,,,,,,,,,,,,FALSE,FALSE,,, ,
,,,,,,,,,,,,,,FALSE,FALSE,,, ,
,,,,,,,,,,,,,,FALSE,FALSE,,, ,
,,,,,,,,,,,,,,FALSE,FALSE,,, ,
,,,,,,,,,,,,,,FALSE,FALSE,,, ,
,,,,,,,,,,,,,,FALSE,FALSE,,, ,
,,,,,,,,,,,,,,FALSE,FALSE,,, ,
,,,,,,,,,,,,,,FALSE,FALSE,,, ,
,,,,,,,,,,,,,,FALSE,FALSE,,, ,
,,,,,,,,,,,,,,FALSE,FALSE,,, ,
,,,,,,,,,,,,,,FALSE,FALSE,,, ,
,,,,,,,,,,,,,,FALSE,FALSE,,, ,
,,,,,,,,,,,,,,FALSE,FALSE,,, ,
,,,,,,,,,,,,,,FALSE,FALSE,,, ,
,,,,,,,,,,,,,,FALSE,FALSE,,, ,
,,,,,,,,,,,,,,FALSE,FALSE,,, ,
,,,,,,,,,,,,,,FALSE,FALSE,,, ,
,,,,,,,,,,,,,,FALSE,FALSE,,, ,
,,,,,,,,,,,,,,FALSE,FALSE,,, ,
,,,,,,,,,,,,,,FALSE,FALSE,,, ,
,,,,,,,,,,,,,,FALSE,FALSE,,, ,
,,,,,,,,,,,,,,FALSE,FALSE,,, ,
,,,,,,,,,,,,,,FALSE,FALSE,,, ,
,,,,,,,,,,,,,,FALSE,FALSE,,, ,
,,,,,,,,,,,,,,FALSE,FALSE,,, ,
,,,,,,,,,,,,,,FALSE,FALSE,,, ,
,,,,,,,,,,,,,,FALSE,FALSE,,, ,
,,,,,,,,,,,,,,FALSE,FALSE,,, ,
,,,,,,,,,,,,,,FALSE,FALSE,,, ,
,,,,,,,,,,,,,,FALSE,FALSE,,, ,
,,,,,,,,,,,,,,FALSE,FALSE,,, ,
,,,,,,,,,,,,,,FALSE,FALSE,,, ,
,,,,,,,,,,,,,,FALSE,FALSE,,, ,
,,,,,,,,,,,,,,FALSE,FALSE,,, ,
,,,,,,,,,,,,,,FALSE,FALSE,,, ,
,,,,,,,,,,,,,,FALSE,FALSE,,, ,
,,,,,,,,,,,,,,FALSE,FALSE,,, ,
,,,,,,,,,,,,,,FALSE,FALSE,,, ,
,,,,,,,,,,,,,,FALSE,FALSE,,, ,
,,,,,,,,,,,,,,FALSE,FALSE,,, ,
,,,,,,,,,,,,,,FALSE,FALSE,,, ,
,,,,,,,,,,,,,,FALSE,FALSE,,, ,
,,,,,,,,,,,,,,FALSE,FALSE,,, ,
,,,,,,,,,,,,,,FALSE,FALSE,,, ,
,,,,,,,,,,,,,,FALSE,FALSE,,, ,
,,,,,,,,,,,,,,FALSE,FALSE,,, ,
,,,,,,,,,,,,,,FALSE,FALSE,,, ,
,,,,,,,,,,,,,,FALSE,FALSE,,, ,
,,,,,,,,,,,,,,FALSE,FALSE,,, ,
,,,,,,,,,,,,,,FALSE,FALSE,,, ,
,,,,,,,,,,,,,,FALSE,FALSE,,, ,
,,,,,,,,,,,,,,FALSE,FALSE,,, ,
,,,,,,,,,,,,,,FALSE,FALSE,,, ,
,,,,,,,,,,,,,,FALSE,FALSE,,, ,
,,,,,,,,,,,,,,FALSE,FALSE,,, ,
,,,,,,,,,,,,,,FALSE,FALSE,,, ,
,,,,,,,,,,,,,,FALSE,FALSE,,, ,
,,,,,,,,,,,,,,FALSE,FALSE,,, ,
,,,,,,,,,,,,,,FALSE,FALSE,,, ,
,,,,,,,,,,,,,,FALSE,FALSE,,, ,
,,,,,,,,,,,,,,FALSE,FALSE,,, ,
,,,,,,,,,,,,,,FALSE,FALSE,,, ,
,,,,,,,,,,,,,,FALSE,FALSE,,, ,
,,,,,,,,,,,,,,FALSE,FALSE,,, ,
,,,,,,,,,,,,,,FALSE,FALSE,,, ,
,,,,,,,,,,,,,,FALSE,FALSE,,, ,
,,,,,,,,,,,,,,FALSE,FALSE,,, ,
,,,,,,,,,,,,,,FALSE,FALSE,,, ,
,,,,,,,,,,,,,,FALSE,FALSE,,, ,
,,,,,,,,,,,,,,FALSE,FALSE,,, ,
,,,,,,,,,,,,,,FALSE,FALSE,,, ,
,,,,,,,,,,,,,,FALSE,FALSE,,, ,
,,,,,,,,,,,,,,FALSE,FALSE,,, ,
,,,,,,,,,,,,,,FALSE,FALSE,,, ,
,,,,,,,,,,,,,,FALSE,FALSE,,, ,
,,,,,,,,,,,,,,FALSE,FALSE,,, ,
,,,,,,,,,,,,,,FALSE,FALSE,,, ,
,,,,,,,,,,,,,,FALSE,FALSE,,, ,
,,,,,,,,,,,,,,FALSE,FALSE,,, ,
,,,,,,,,,,,,,,FALSE,FALSE,,, ,
,,,,,,,,,,,,,,FALSE,FALSE,,, ,
,,,,,,,,,,,,,,FALSE,FALSE,,, ,
,,,,,,,,,,,,,,FALSE,FALSE,,, ,
,,,,,,,,,,,,,,FALSE,FALSE,,, ,
,,,,,,,,,,,,,,FALSE,FALSE,,, ,
,,,,,,,,,,,,,,FALSE,FALSE,,, ,
,,,,,,,,,,,,,,FALSE,FALSE,,, ,
,,,,,,,,,,,,,,FALSE,FALSE,,, ,
,,,,,,,,,,,,,,FALSE,FALSE,,, ,
,,,,,,,,,,,,,,FALSE,FALSE,,, ,
,,,,,,,,,,,,,,FALSE,FALSE,,, ,
,,,,,,,,,,,,,,FALSE,FALSE,,, ,
,,,,,,,,,,,,,,FALSE,FALSE,,, ,
,,,,,,,,,,,,,,FALSE,FALSE,,, ,
,,,,,,,,,,,,,,FALSE,FALSE,,, ,
,,,,,,,,,,,,,,FALSE,FALSE,,, ,
,,,,,,,,,,,,,,FALSE,FALSE,,, ,
,,,,,,,,,,,,,,FALSE,FALSE,,, ,
,,,,,,,,,,,,,,FALSE,FALSE,,, ,
,,,,,,,,,,,,,,FALSE,FALSE,,, ,
,,,,,,,,,,,,,,FALSE,FALSE,,, ,
,,,,,,,,,,,,,,FALSE,FALSE,,, ,
,,,,,,,,,,,,,,FALSE,FALSE,,, ,
,,,,,,,,,,,,,,FALSE,FALSE,,, ,
,,,,,,,,,,,,,,FALSE,FALSE,,, ,
,,,,,,,,,,,,,,FALSE,FALSE,,, ,
,,,,,,,,,,,,,,FALSE,FALSE,,, ,
,,,,,,,,,,,,,,FALSE,FALSE,,, ,
,,,,,,,,,,,,,,FALSE,FALSE,,, ,
,,,,,,,,,,,,,,FALSE,FALSE,,, ,
,,,,,,,,,,,,,,FALSE,FALSE,,, ,
,,,,,,,,,,,,,,FALSE,FALSE,,, ,
,,,,,,,,,,,,,,FALSE,FALSE,,, ,
,,,,,,,,,,,,,,FALSE,FALSE,,, ,
,,,,,,,,,,,,,,FALSE,FALSE,,, ,
,,,,,,,,,,,,,,FALSE,FALSE,,, ,
,,,,,,,,,,,,,,FALSE,FALSE,,, ,
,,,,,,,,,,,,,,FALSE,FALSE,,, ,
,,,,,,,,,,,,,,FALSE,FALSE,,, ,
,,,,,,,,,,,,,,FALSE,FALSE,,, ,
,,,,,,,,,,,,,,FALSE,FALSE,,, ,
,,,,,,,,,,,,,,FALSE,FALSE,,, ,
,,,,,,,,,,,,,,FALSE,FALSE,,, ,
,,,,,,,,,,,,,,FALSE,FALSE,,, ,
,,,,,,,,,,,,,,FALSE,FALSE,,, ,
,,,,,,,,,,,,,,FALSE,FALSE,,, ,
,,,,,,,,,,,,,,FALSE,FALSE,,, ,
,,,,,,,,,,,,,,FALSE,FALSE,,, ,
,,,,,,,,,,,,,,FALSE,FALSE,,, ,
,,,,,,,,,,,,,,FALSE,FALSE,,, ,
,,,,,,,,,,,,,,FALSE,FALSE,,, ,
,,,,,,,,,,,,,,FALSE,FALSE,,, ,
,,,,,,,,,,,,,,FALSE,FALSE,,, ,
,,,,,,,,,,,,,,FALSE,FALSE,,, ,
,,,,,,,,,,,,,,FALSE,FALSE,,, ,
,,,,,,,,,,,,,,FALSE,FALSE,,, ,
,,,,,,,,,,,,,,FALSE,FALSE,,, ,
,,,,,,,,,,,,,,FALSE,FALSE,,, ,
,,,,,,,,,,,,,,FALSE,FALSE,,, ,
,,,,,,,,,,,,,,FALSE,FALSE,,, ,
,,,,,,,,,,,,,,FALSE,FALSE,,, ,
,,,,,,,,,,,,,,FALSE,FALSE,,, ,
,,,,,,,,,,,,,,FALSE,FALSE,,, ,
,,,,,,,,,,,,,,FALSE,FALSE,,, ,
,,,,,,,,,,,,,,FALSE,FALSE,,, ,
,,,,,,,,,,,,,,FALSE,FALSE,,, ,
,,,,,,,,,,,,,,FALSE,FALSE,,, ,
,,,,,,,,,,,,,,FALSE,FALSE,,, ,
,,,,,,,,,,,,,,FALSE,FALSE,,, ,
,,,,,,,,,,,,,,FALSE,FALSE,,, ,
,,,,,,,,,,,,,,FALSE,FALSE,,, ,
,,,,,,,,,,,,,,FALSE,FALSE,,, ,
,,,,,,,,,,,,,,FALSE,FALSE,,, ,
,,,,,,,,,,,,,,FALSE,FALSE,,, ,
,,,,,,,,,,,,,,FALSE,FALSE,,, ,
,,,,,,,,,,,,,,FALSE,FALSE,,, ,
,,,,,,,,,,,,,,FALSE,FALSE,,, ,
,,,,,,,,,,,,,,FALSE,FALSE,,, ,
,,,,,,,,,,,,,,FALSE,FALSE,,, ,
,,,,,,,,,,,,,,FALSE,FALSE,,, ,
,,,,,,,,,,,,,,FALSE,FALSE,,, ,
,,,,,,,,,,,,,,FALSE,FALSE,,, ,
,,,,,,,,,,,,,,FALSE,FALSE,,, ,
,,,,,,,,,,,,,,FALSE,FALSE,,, ,
,,,,,,,,,,,,,,FALSE,FALSE,,, ,
,,,,,,,,,,,,,,FALSE,FALSE,,, ,
,,,,,,,,,,,,,,FALSE,FALSE,,, ,
,,,,,,,,,,,,,,FALSE,FALSE,,, ,
,,,,,,,,,,,,,,FALSE,FALSE,,, ,
,,,,,,,,,,,,,,FALSE,FALSE,,, ,
,,,,,,,,,,,,,,FALSE,FALSE,,, ,
,,,,,,,,,,,,,,FALSE,FALSE,,, ,
,,,,,,,,,,,,,,FALSE,FALSE,,, ,
,,,,,,,,,,,,,,FALSE,FALSE,,, ,
,,,,,,,,,,,,,,FALSE,FALSE,,, ,
,,,,,,,,,,,,,,FALSE,FALSE,,, ,
,,,,,,,,,,,,,,FALSE,FALSE,,, ,
,,,,,,,,,,,,,,FALSE,FALSE,,, ,
,,,,,,,,,,,,,,FALSE,FALSE,,, ,
,,,,,,,,,,,,,,FALSE,FALSE,,, ,
,,,,,,,,,,,,,,FALSE,FALSE,,, ,
,,,,,,,,,,,,,,FALSE,FALSE,,, ,
,,,,,,,,,,,,,,FALSE,FALSE,,, ,
,,,,,,,,,,,,,,FALSE,FALSE,,, ,
,,,,,,,,,,,,,,FALSE,FALSE,,, ,
,,,,,,,,,,,,,,FALSE,FALSE,,, ,
,,,,,,,,,,,,,,FALSE,FALSE,,, ,
,,,,,,,,,,,,,,FALSE,FALSE,,, ,
,,,,,,,,,,,,,,FALSE,FALSE,,, ,
,,,,,,,,,,,,,,FALSE,FALSE,,, ,
,,,,,,,,,,,,,,FALSE,FALSE,,, ,
,,,,,,,,,,,,,,FALSE,FALSE,,, ,
,,,,,,,,,,,,,,FALSE,FALSE,,, ,
,,,,,,,,,,,,,,FALSE,FALSE,,, ,
,,,,,,,,,,,,,,FALSE,FALSE,,, ,
,,,,,,,,,,,,,,FALSE,FALSE,,, ,
,,,,,,,,,,,,,,FALSE,FALSE,,, ,
,,,,,,,,,,,,,,FALSE,FALSE,,, ,
,,,,,,,,,,,,,,FALSE,FALSE,,, ,
,,,,,,,,,,,,,,FALSE,FALSE,,, ,
,,,,,,,,,,,,,,FALSE,FALSE,,, ,
,,,,,,,,,,,,,,FALSE,FALSE,,, ,
,,,,,,,,,,,,,,FALSE,FALSE,,, ,
,,,,,,,,,,,,,,FALSE,FALSE,,, ,
,,,,,,,,,,,,,,FALSE,FALSE,,, ,
,,,,,,,,,,,,,,FALSE,FALSE,,, ,
,,,,,,,,,,,,,,FALSE,FALSE,,, ,
,,,,,,,,,,,,,,FALSE,FALSE,,, ,
,,,,,,,,,,,,,,FALSE,FALSE,,, ,
,,,,,,,,,,,,,,FALSE,FALSE,,, ,
,,,,,,,,,,,,,,FALSE,FALSE,,, ,
,,,,,,,,,,,,,,FALSE,FALSE,,, ,
,,,,,,,,,,,,,,FALSE,FALSE,,, ,
,,,,,,,,,,,,,,FALSE,FALSE,,, ,
,,,,,,,,,,,,,,FALSE,FALSE,,, ,
,,,,,,,,,,,,,,FALSE,FALSE,,, ,
,,,,,,,,,,,,,,FALSE,FALSE,,, ,
,,,,,,,,,,,,,,FALSE,FALSE,,, ,
,,,,,,,,,,,,,,FALSE,FALSE,,, ,
,,,,,,,,,,,,,,FALSE,FALSE,,, ,
,,,,,,,,,,,,,,FALSE,FALSE,,, ,
,,,,,,,,,,,,,,FALSE,FALSE,,, ,
,,,,,,,,,,,,,,FALSE,FALSE,,, ,
,,,,,,,,,,,,,,FALSE,FALSE,,, ,
,,,,,,,,,,,,,,FALSE,FALSE,,, ,
,,,,,,,,,,,,,,FALSE,FALSE,,, ,
,,,,,,,,,,,,,,FALSE,FALSE,,, ,
,,,,,,,,,,,,,,FALSE,FALSE,,, ,
,,,,,,,,,,,,,,FALSE,FALSE,,, ,
,,,,,,,,,,,,,,FALSE,FALSE,,, ,
,,,,,,,,,,,,,,FALSE,FALSE,,, ,
,,,,,,,,,,,,,,FALSE,FALSE,,, ,
,,,,,,,,,,,,,,FALSE,FALSE,,, ,
,,,,,,,,,,,,,,FALSE,FALSE,,, ,
,,,,,,,,,,,,,,FALSE,FALSE,,, ,
,,,,,,,,,,,,,,FALSE,FALSE,,, ,
,,,,,,,,,,,,,,FALSE,FALSE,,, ,
,,,,,,,,,,,,,,FALSE,FALSE,,, ,
,,,,,,,,,,,,,,FALSE,FALSE,,, ,
,,,,,,,,,,,,,,FALSE,FALSE,,, ,
,,,,,,,,,,,,,,FALSE,FALSE,,, ,
,,,,,,,,,,,,,,FALSE,FALSE,,, ,
,,,,,,,,,,,,,,FALSE,FALSE,,, ,
,,,,,,,,,,,,,,FALSE,FALSE,,, ,
,,,,,,,,,,,,,,FALSE,FALSE,,, ,
,,,,,,,,,,,,,,FALSE,FALSE,,, ,
,,,,,,,,,,,,,,FALSE,FALSE,,, ,
,,,,,,,,,,,,,,FALSE,FALSE,,, ,
,,,,,,,,,,,,,,FALSE,FALSE,,, ,
,,,,,,,,,,,,,,FALSE,FALSE,,, ,
,,,,,,,,,,,,,,FALSE,FALSE,,, ,
,,,,,,,,,,,,,,FALSE,FALSE,,, ,
,,,,,,,,,,,,,,FALSE,FALSE,,, ,
,,,,,,,,,,,,,,FALSE,FALSE,,, ,
,,,,,,,,,,,,,,FALSE,FALSE,,, ,
,,,,,,,,,,,,,,FALSE,FALSE,,, ,
,,,,,,,,,,,,,,FALSE,FALSE,,, ,
,,,,,,,,,,,,,,FALSE,FALSE,,, ,
,,,,,,,,,,,,,,FALSE,FALSE,,, ,
,,,,,,,,,,,,,,FALSE,FALSE,,, ,
,,,,,,,,,,,,,,FALSE,FALSE,,, ,
,,,,,,,,,,,,,,FALSE,FALSE,,, ,
,,,,,,,,,,,,,,FALSE,FALSE,,, ,
,,,,,,,,,,,,,,FALSE,FALSE,,, ,
,,,,,,,,,,,,,,FALSE,FALSE,,, ,
,,,,,,,,,,,,,,FALSE,FALSE,,, ,
,,,,,,,,,,,,,,FALSE,FALSE,,, ,
,,,,,,,,,,,,,,FALSE,FALSE,,, ,
,,,,,,,,,,,,,,FALSE,FALSE,,, ,
,,,,,,,,,,,,,,FALSE,FALSE,,, ,
,,,,,,,,,,,,,,FALSE,FALSE,,, ,
,,,,,,,,,,,,,,FALSE,FALSE,,, ,
,,,,,,,,,,,,,,FALSE,FALSE,,, ,
,,,,,,,,,,,,,,FALSE,FALSE,,, ,
,,,,,,,,,,,,,,FALSE,FALSE,,, ,
,,,,,,,,,,,,,,FALSE,FALSE,,, ,
,,,,,,,,,,,,,,FALSE,FALSE,,, ,
,,,,,,,,,,,,,,FALSE,FALSE,,, ,
,,,,,,,,,,,,,,FALSE,FALSE,,, ,
,,,,,,,,,,,,,,FALSE,FALSE,,, ,
,,,,,,,,,,,,,,FALSE,FALSE,,, ,
,,,,,,,,,,,,,,FALSE,FALSE,,, ,
,,,,,,,,,,,,,,FALSE,FALSE,,, ,
,,,,,,,,,,,,,,FALSE,FALSE,,, ,
,,,,,,,,,,,,,,FALSE,FALSE,,, ,
,,,,,,,,,,,,,,FALSE,FALSE,,, ,
,,,,,,,,,,,,,,FALSE,FALSE,,, ,
,,,,,,,,,,,,,,FALSE,FALSE,,, ,
,,,,,,,,,,,,,,FALSE,FALSE,,, ,
,,,,,,,,,,,,,,FALSE,FALSE,,, ,
,,,,,,,,,,,,,,FALSE,FALSE,,, ,
,,,,,,,,,,,,,,FALSE,FALSE,,, ,
,,,,,,,,,,,,,,FALSE,FALSE,,, ,
,,,,,,,,,,,,,,FALSE,FALSE,,, ,
,,,,,,,,,,,,,,FALSE,FALSE,,, ,
,,,,,,,,,,,,,,FALSE,FALSE,,, ,
,,,,,,,,,,,,,,FALSE,FALSE,,, ,
,,,,,,,,,,,,,,FALSE,FALSE,,, ,
,,,,,,,,,,,,,,FALSE,FALSE,,, ,
,,,,,,,,,,,,,,FALSE,FALSE,,, ,
,,,,,,,,,,,,,,FALSE,FALSE,,, ,
,,,,,,,,,,,,,,FALSE,FALSE,,, ,
,,,,,,,,,,,,,,FALSE,FALSE,,, ,
,,,,,,,,,,,,,,FALSE,FALSE,,, ,
,,,,,,,,,,,,,,FALSE,FALSE,,, ,
,,,,,,,,,,,,,,FALSE,FALSE,,, ,
,,,,,,,,,,,,,,FALSE,FALSE,,, ,
,,,,,,,,,,,,,,FALSE,FALSE,,, ,
,,,,,,,,,,,,,,FALSE,FALSE,,, ,
,,,,,,,,,,,,,,FALSE,FALSE,,, ,
,,,,,,,,,,,,,,FALSE,FALSE,,, ,
,,,,,,,,,,,,,,FALSE,FALSE,,, ,
,,,,,,,,,,,,,,FALSE,FALSE,,, ,
,,,,,,,,,,,,,,FALSE,FALSE,,, ,
,,,,,,,,,,,,,,FALSE,FALSE,,, ,
,,,,,,,,,,,,,,FALSE,FALSE,,, ,
,,,,,,,,,,,,,,FALSE,FALSE,,, ,
,,,,,,,,,,,,,,FALSE,FALSE,,, ,
,,,,,,,,,,,,,,FALSE,FALSE,,, ,
,,,,,,,,,,,,,,FALSE,FALSE,,, ,
,,,,,,,,,,,,,,FALSE,FALSE,,, ,
,,,,,,,,,,,,,,FALSE,FALSE,,, ,
,,,,,,,,,,,,,,FALSE,FALSE,,, ,
,,,,,,,,,,,,,,FALSE,FALSE,,, ,
,,,,,,,,,,,,,,FALSE,FALSE,,, ,
,,,,,,,,,,,,,,FALSE,FALSE,,, ,
,,,,,,,,,,,,,,FALSE,FALSE,,, ,
,,,,,,,,,,,,,,FALSE,FALSE,,, ,
,,,,,,,,,,,,,,FALSE,FALSE,,, ,
,,,,,,,,,,,,,,FALSE,FALSE,,, ,
,,,,,,,,,,,,,,FALSE,FALSE,,, ,
,,,,,,,,,,,,,,FALSE,FALSE,,, ,
,,,,,,,,,,,,,,FALSE,FALSE,,, ,
,,,,,,,,,,,,,,FALSE,FALSE,,, ,
,,,,,,,,,,,,,,FALSE,FALSE,,, ,
,,,,,,,,,,,,,,FALSE,FALSE,,, ,
,,,,,,,,,,,,,,FALSE,FALSE,,, ,
,,,,,,,,,,,,,,FALSE,FALSE,,, ,
,,,,,,,,,,,,,,FALSE,FALSE,,, ,
,,,,,,,,,,,,,,FALSE,FALSE,,, ,
,,,,,,,,,,,,,,FALSE,FALSE,,, ,
,,,,,,,,,,,,,,FALSE,FALSE,,, ,
,,,,,,,,,,,,,,FALSE,FALSE,,, ,
,,,,,,,,,,,,,,FALSE,FALSE,,, ,
,,,,,,,,,,,,,,FALSE,FALSE,,, ,
,,,,,,,,,,,,,,FALSE,FALSE,,, ,
,,,,,,,,,,,,,,FALSE,FALSE,,, ,
,,,,,,,,,,,,,,FALSE,FALSE,,, ,
,,,,,,,,,,,,,,FALSE,FALSE,,, ,
,,,,,,,,,,,,,,FALSE,FALSE,,, ,
,,,,,,,,,,,,,,FALSE,FALSE,,, ,
,,,,,,,,,,,,,,FALSE,FALSE,,, ,
,,,,,,,,,,,,,,FALSE,FALSE,,, ,
,,,,,,,,,,,,,,FALSE,FALSE,,, ,
,,,,,,,,,,,,,,FALSE,FALSE,,, ,
,,,,,,,,,,,,,,FALSE,FALSE,,, ,
,,,,,,,,,,,,,,FALSE,FALSE,,, ,
,,,,,,,,,,,,,,FALSE,FALSE,,, ,
,,,,,,,,,,,,,,FALSE,FALSE,,, ,
,,,,,,,,,,,,,,FALSE,FALSE,,, ,
,,,,,,,,,,,,,,FALSE,FALSE,,, ,
,,,,,,,,,,,,,,FALSE,FALSE,,, ,
,,,,,,,,,,,,,,FALSE,FALSE,,, ,
,,,,,,,,,,,,,,FALSE,FALSE,,, ,
,,,,,,,,,,,,,,FALSE,FALSE,,, ,
,,,,,,,,,,,,,,FALSE,FALSE,,, ,
,,,,,,,,,,,,,,FALSE,FALSE,,, ,
,,,,,,,,,,,,,,FALSE,FALSE,,, ,
,,,,,,,,,,,,,,FALSE,FALSE,,, ,
,,,,,,,,,,,,,,FALSE,FALSE,,, ,
,,,,,,,,,,,,,,FALSE,FALSE,,, ,
,,,,,,,,,,,,,,FALSE,FALSE,,, ,
,,,,,,,,,,,,,,FALSE,FALSE,,, ,
,,,,,,,,,,,,,,FALSE,FALSE,,, ,